Client_ID,Drop_Probability
62246,0.2398840287407034
43031,0.9565527963359806
26571,0.24774150174377074
77694,0.9574036724232111
22185,0.4780032774486323
54569,0.6889575192234968
64162,0.8780621034497247
48916,0.3161057187276776
48449,0.9351548384385898
9730,0.9351548384385898
72740,0.9413000546241439
67763,0.1811630740787428
14162,0.04737594016555317
62420,0.9616790621454682
45538,0.9632127400310937
41582,0.9140194966175049
9711,0.04136728433967814
68191,0.8291524853985462
63707,0.9151014748518845
70110,0.8058111685364931
61360,0.9641161393335854
45414,0.8255178789024749
19196,0.9586957435186352
38018,0.9584856506575906
19267,0.9574036724232111
24360,0.18689860918525988
29947,0.09947896970460944
23372,0.8507290222278248
8827,0.9401970671036599
10940,0.9584856506575906
48471,0.6643976637673852
55952,0.9628450775242657
4683,0.838732719862179
17971,0.966574225807807
29467,0.9574036724232111
27127,0.4628345728812135
46771,0.9401970671036599
44304,0.9401970671036599
28396,0.9431173578721795
18507,0.9574036724232111
60582,0.9383377452834153
33428,0.9404176646077566
24512,0.9584856506575906
47288,0.6306147317114165
59143,0.14775830917265428
37330,0.9489684440522711
30609,0.006491869406277574
5831,0.6989369301231144
58999,0.9516156141014328
32587,0.326946510357578
6508,0.0450018908357494
38554,0.18937770494558595
16501,0.5018278078910879
76617,0.990966006975083
67746,0.6833480398336064
76894,0.9577503256439345
40857,0.3341106769191983
66713,0.5423547207865876
22218,0.2539812597167948
52088,0.8476826757426782
42140,0.3244043867389386
9884,0.2228034791377789
63661,0.9516156141014328
61293,0.16622547165847304
54588,0.4428127232236649
43168,0.5259884869112148
46053,0.9571830749191143
46391,0.7370477751166016
55579,0.45543930417244427
53097,0.3933358544476659
38550,0.2872179503340477
53327,0.20372704735493086
58081,0.7513130803815286
41042,0.9577503256439345
31836,0.7920500861380729
61073,0.8633135846043952
29413,0.7171729904617842
68292,0.6694398924324552
75410,0.27877221732005547
41411,0.35316609941594185
25646,0.9571830749191143
2067,0.9571830749191143
62337,0.42482877431824867
34391,0.18999747888566745
1072,0.914481700911803
7077,0.358124290936594
23732,0.40560527753266945
74107,0.5795411571914787
68251,0.7450523131224002
30494,0.22683726206983487
34489,0.49630236564561536
257,0.32822807680995003
42355,0.23505189293667803
74377,0.447035589730661
42802,0.3657926803647212
15494,0.2891928232278667
21625,0.30041178200764734
8698,0.18999747888566745
59186,0.7082860624395982
9959,0.7096306567502836
50390,0.8653514853565275
23829,0.8658346989369301
21615,0.9482016051094583
51307,0.95735114920795
20882,0.9523824530442456
51281,0.40734904827933943
19845,0.4848733140047901
69383,0.24593470313878732
3879,0.20393714021597545
37749,0.9523824530442456
24618,0.5068700365561578
45567,0.9489684440522711
63068,0.9167822177402413
29785,0.7808731459305013
49892,0.6201100886591874
44569,0.25282574898104965
62093,0.9556493970334888
71650,0.5779864700197487
49484,0.6622757258708348
51731,0.7009118030169335
77286,0.4930459262994243
35392,0.9482016051094583
60819,0.5259674776251103
61156,0.3436699020967267
16250,0.40684482541283246
63475,0.5126896088070927
17508,0.2053657716710786
53671,0.1851758477246943
13769,0.3593848481028615
42733,0.865918736081348
35338,0.3436909113828312
2224,0.8537333501407622
12902,0.2053657716710786
71619,0.919891592083701
31283,0.7373839236942729
80,0.9482016051094583
5444,0.5295390562628682
67950,0.6941468128912979
72721,0.8416740199168032
10778,0.8678095718307492
26409,0.9489684440522711
4627,0.854552712298836
34248,0.9489684440522711
49250,0.2743392579520148
49051,0.39461742090003776
64320,0.5680070591201312
69326,0.08527669229799571
52958,0.7214798941131981
34711,0.9124543048027228
55189,0.9516156141014328
16084,0.31726122946342283
3373,0.8577251145006093
49243,0.9482016051094583
68607,0.9519622673221564
28708,0.13645531324845583
11986,0.8472624900205892
26598,0.19492415647716288
31276,0.17521744611118115
423,0.9563427034749359
55414,0.685575024160679
23612,0.9489684440522711
20763,0.9489684440522711
45310,0.283016093113156
35746,0.18036472120677338
51266,0.4635488886087651
71283,0.35799823521996726
74509,0.8081221900079835
58050,0.9571830749191143
6304,0.7453044245556536
47428,0.9501869826463297
51195,0.41388293625782596
64303,0.7430144123702677
20329,0.41825286776755327
45303,0.4984243035421656
26808,0.3248876003193412
68491,0.9489684440522711
21699,0.9489684440522711
1152,0.3292785411151729
43919,0.6859531913105593
1557,0.23349720576494812
70186,0.9462582461447959
22098,0.2685617042732888
65252,0.05166183453086264
73057,0.31698810874406486
11441,0.32276566242279087
61017,0.7198831883692592
33540,0.21047102819446195
61833,0.1463506870036556
59911,0.9516156141014328
61685,0.6599647043993445
9279,0.6519181478213371
19378,0.26580948779360475
15077,0.4620362200092441
74903,0.3440270599605026
4167,0.9482016051094583
46409,0.03479137778898273
26579,0.7590655069540736
77230,0.7525946468339005
40694,0.2887726375057776
16787,0.060254632547586034
41774,0.4478129333165259
66493,0.6539980671456783
42239,0.04739694945165763
7646,0.11034077062061431
29356,0.8184797680574815
64566,0.5446447329719737
15536,0.05214504811126517
70808,0.08853313164418673
23118,0.3069456699861339
27974,0.7550737425942268
56306,0.05842682465649818
21459,0.7375519979831084
59184,0.34969956720870626
65753,0.41795873776209086
58435,0.5798457918399933
63298,0.8683032900542039
9298,0.5847934787175931
71045,0.3551619815958653
74513,0.8541115172906425
16025,0.8505189293667801
46197,0.5962225303584184
28669,0.6089436530946678
48193,0.7336862893398882
58136,0.34530862641287446
24266,0.7879322660615994
69385,0.7770494558594899
5273,0.20891634102273204
44540,0.8192361023572419
22943,0.5926089331484516
41165,0.7242111013067776
42827,0.8184797680574815
47278,0.05114710702130341
38912,0.18070086978444475
50780,0.671540821042901
39586,0.314929198705828
38617,0.4329803773267784
74372,0.16868355813269464
46736,0.05731333249296189
12940,0.5712214798941132
30946,0.1639354594730871
48018,0.8217572166897767
28689,0.5738056220849616
54680,0.47974704819530234
10863,0.263939661330308
69655,0.5446027143997646
3406,0.45802344636329256
59631,0.0475650237404933
44899,0.7762511029875204
13182,0.6310769360057145
25413,0.18168830623135426
50723,0.05214504811126517
13043,0.7102399260473128
65897,0.5943947224673306
59816,0.46361191646707844
32609,0.4399974788856675
44692,0.8188264212782049
74176,0.6971511408042353
15008,0.14147653262742133
11915,0.6097525106096895
24183,0.5586999453758561
7750,0.6829908819698306
13415,0.474641791671919
36882,0.7309130635740998
74398,0.08662128660868103
72040,0.3002857262910206
16544,0.7020673137526786
43499,0.6992940879868902
2471,0.3470103785873356
7164,0.775536787259969
8220,0.498991554266986
50919,0.5093281230303794
69809,0.38106643136266233
63532,0.05214504811126517
41909,0.8283751418126813
52634,0.8394050170175218
63210,0.4887600319341148
59535,0.3486596075465356
50510,0.7794024959031892
56978,0.7955586369175175
65711,0.3518215051052565
7015,0.8188264212782049
8952,0.35923778310013027
4744,0.7833732509769318
62496,0.06506575906550695
7102,0.22580780705071643
13510,0.2891508046556578
26105,0.7904743896802388
36123,0.11777805790159251
44677,0.5104416151939157
17706,0.2833942602630362
10962,0.8211689566788519
71602,0.6013698054540106
51885,0.6277994873734191
59465,0.13597209966805326
21182,0.2829950838270516
36254,0.7309971007185175
67060,0.5798983150552544
51058,0.25366612042522796
36776,0.08907937308290265
51291,0.26053615698138577
64408,0.25532585402748015
73300,0.8549939073070297
9326,0.2907475103995966
25494,0.38106643136266233
75910,0.7627841505945628
33685,0.5433001386612882
18056,0.8178704987604521
12877,0.7144207739821001
43983,0.3240892474473717
11865,0.3538804151434934
24296,0.05114710702130341
46486,0.36829278541115174
20106,0.6056767091054246
40377,0.5003571578637758
59182,0.7989621412664398
22031,0.8683032900542039
68825,0.36772553468633135
12524,0.8679986554056893
59021,0.6092062691709735
39178,0.031072734148493635
25973,0.6020000840371443
13810,0.5631959326022101
35547,0.20839110887012058
4155,0.5455691415605698
17220,0.4584646413714862
3899,0.8308332282869029
19522,0.23030379427707048
10053,0.16586831379469724
26316,0.705617883104332
66243,0.8684608596999874
72171,0.23992604731291234
39413,0.5798457918399933
57267,0.7034959452077819
24233,0.04832135804025379
41946,0.2605256523383335
16709,0.05125215345182571
43131,0.6628219673095508
22779,0.045127946552376154
59637,0.5111139123492584
59641,0.21267700323543007
69619,0.05496029244926257
51493,0.34738854573721584
24838,0.5001680742888356
22837,0.749359216773814
16129,0.6337241060548763
4193,0.7603890919786546
79116,0.28929786965838905
54436,0.3949955880499181
47854,0.2844237152821547
50458,0.3486596075465356
21973,0.23729988654985504
892,0.7490020589100382
61025,0.8040043699315098
26803,0.39018446153199715
9516,0.802596747762511
11302,0.723307702004286
70788,0.23973696373797218
42321,0.008424723727887726
78729,0.13603512752636668
20578,0.6089436530946678
42489,0.36862893398882307
42988,0.8188264212782049
64333,0.15221227782679944
17217,0.04521198369679399
64990,0.53567376780537
13604,0.07191478633556032
16772,0.2463969074330854
57372,0.030274381276524223
25615,0.05125215345182571
67076,0.5925669145762427
1359,0.5448548258330183
5132,0.5004832135804026
76313,0.4366570023950586
56745,0.8184797680574815
62759,0.33732509769318036
43752,0.3779150384469936
72511,0.13448044035463677
51601,0.36005714525820415
58186,0.5405479221816044
41353,0.4534224127064162
71836,0.2629522248833985
73352,0.04806924660700029
28141,0.6064120341190806
40076,0.5300222698432707
62625,0.030022269843270725
38848,0.2386234715744359
75614,0.8720114290516409
37575,0.7881213496365392
21079,0.15391403000126055
20831,0.7795915794781294
59170,0.8188264212782049
450,0.3911508886928022
5365,0.1288289423925375
36672,0.09233581242909367
38363,0.1754485482583302
18858,0.0005882600109248288
4540,0.2605256523383335
46388,0.29457120047060803
74652,0.16330518088995336
59835,0.7693810664313627
19473,0.19002899281482413
51116,0.22635404848943233
4859,0.9813542585822933
70353,0.9064141350476911
16714,0.03182906844825413
20330,0.415857809151645
68510,0.9746522963149712
43026,0.44247657464599355
41250,0.9746522963149712
64364,0.24175385520400017
3377,0.1322954745997731
9637,0.8006428841547963
14235,0.3342787512080339
34141,0.40944997688978524
31942,0.49249968486070844
2754,0.017290642463969073
28951,0.39308374301441235
7057,0.6413084583385856
70486,0.14632967771755115
45583,0.664292617336863
48314,0.39778982310181094
36104,0.8908147401151308
78854,0.13006849027270054
26898,0.9678873061893357
37225,0.8215261145426278
11135,0.9058153703937141
37378,0.8219673095508214
58916,0.3988192781209295
19898,0.25396025043069037
33501,0.25295180469767636
1911,0.5915794781293332
52653,0.3281650489516366
19632,0.22066053195512417
39912,0.21808689440732806
57850,0.480650447497794
15078,0.8308122190007983
19824,0.4209840749611328
12029,0.4024538846170007
58392,0.8522416908273457
66617,0.8320517668809614
1664,0.4725618723475777
76395,0.6368334803983361
52436,0.31750283625362413
34818,0.1478633556031766
24370,0.16878860456321695
65691,0.8908987772595488
40365,0.8010210513046766
76438,0.6424219505021219
14298,0.07090634060254632
46043,0.5386150678599941
11378,0.616055296441027
47200,0.39638220093281235
64609,0.3174608176814152
7736,0.6366654061095004
61202,0.7531829068448254
24199,0.9817849489474347
41733,0.8170301273162738
60820,0.22879112567754947
70913,0.3123030379427707
28793,0.9003424513635027
41743,0.9538531030715577
3743,0.9134522458926847
72663,0.7188957519223497
74964,0.9842430354216564
12085,0.22221521912685407
75245,0.45476700701710154
35675,0.7350939115088869
6093,0.5560527753266944
72981,0.5245808647422161
21662,0.7300937014160258
68444,0.21918988192781208
39762,0.9134522458926847
70340,0.7442329509643262
29136,0.3277028446573385
21553,0.3808353292155133
59232,0.2213958569687802
39266,0.9897054498088155
3091,0.9821421068112105
56589,0.719967225513677
43203,0.6982226143955628
78948,0.3136056136812471
71730,0.3460229421404261
60588,0.4043237110802975
74838,0.9110256733476195
48905,0.4603134585486785
44841,0.5635110718937771
72997,0.47611244169923106
20710,0.9003424513635027
32585,0.9030316399848733
2507,0.7132652632463549
17605,0.6551535778814236
49670,0.7965250640783226
18090,0.36472120677339387
60201,0.35047691079457116
15197,0.8148241522753056
58480,0.5233623261481575
21816,0.7925332997184755
15437,0.6708475146014538
62586,0.47806630530694566
25053,0.5143913609815539
77541,0.49165931341653013
24257,0.9064141350476911
21905,0.22141686625488466
20968,0.5023740493298038
63123,0.894491365183411
72092,0.9070864322030338
77672,0.8724106054876254
5711,0.3537963779990756
58824,0.21612252615656122
44886,0.7079078952897181
7016,0.6008655825875038
56626,0.14618261271481994
71991,0.4036934324971637
11305,0.7318164628765915
13563,0.9649775200638683
60483,0.5692255977141897
52646,0.4490314719105844
34083,0.3026177570486155
10026,0.670721458884827
77195,0.12231606370015546
76904,0.2092945081726123
68424,0.29524349762595065
35546,0.7828690281104248
1113,0.36201100886591875
46027,0.8218622631202992
37673,0.9813542585822933
16938,0.9731921509307114
5113,0.4971427370897937
68515,0.9021807638976428
64495,0.9813542585822933
2093,0.8196772973654355
68210,0.4270767679314256
10487,0.7968402033698894
9353,0.6101306777595698
2946,0.32333291314761126
9459,0.8624732131602167
59000,0.1621706794403126
52570,0.2999285684272448
77764,0.6279045338039414
11329,0.8910773561914366
30212,0.1554056893146771
35925,0.6362032018152023
17008,0.6814361947981008
42197,0.393524938022606
32384,0.21808689440732806
57468,0.853313164418673
16637,0.6383671582839615
14549,0.27646119584856504
54244,0.4767427202823648
63806,0.5204840539518467
72239,0.17899911760998363
27869,0.6911845035505694
18370,0.22988360855498127
37598,0.7568175133408968
69706,0.39667633093827476
74891,0.22774066137232654
62766,0.9021807638976428
42806,0.2202823648052439
38063,0.5808437329299551
13424,0.5132148409597042
70566,0.2636455313248456
49265,0.9738854573721585
29270,0.5478171351737467
64319,0.9030316399848733
34104,0.38186478423463166
9369,0.21750913903945543
2873,0.9021807638976428
67235,0.28633556031766044
66330,0.2952014790537418
78941,0.9813542585822933
57936,0.0665994369511324
55928,0.904071599647044
36215,0.8726837262069834
21815,0.982625320391613
52081,0.8904575822513551
75839,0.8535232572797176
40317,0.7770284465733854
75815,0.3587125509475188
53050,0.7429513845119543
6350,0.36520442035379636
26330,0.626055716626749
8567,0.47682675742678265
18816,0.387978486491029
16131,0.27536871297113324
25320,0.5301483255598974
21555,0.3224400184881718
58610,0.40358838606664144
62882,0.5756334299760494
67536,0.3026177570486155
74149,0.03086264128744905
42739,0.4121181562250515
67251,0.4276020000840372
25368,0.6417496533467792
14733,0.01392915668725577
13616,0.5911803016933485
64488,0.23202655573763606
41998,0.3221353838396571
21869,0.29085255683011896
33870,0.05830076893987143
20116,0.8154544308584395
19333,0.25608218832724067
45780,0.3224400184881718
4442,0.5594982982478255
19065,0.47262490020589104
60365,0.6737047775116602
13301,0.5743518635236774
19451,0.022374889701247954
34726,0.4742216059498298
49949,0.026555737636035127
55166,0.8064204378335225
60685,0.5093701416025883
76682,0.23870750871885374
11172,0.480377326778436
39730,0.47167948233119034
6730,0.07994033362746333
72121,0.12931215597294002
48919,0.29957141056346903
67394,0.5051892936678012
62362,0.24316147737299887
54335,0.3308332282869028
22616,0.3745535526702803
20271,0.4097441068952477
52681,0.01987478465481743
70724,0.32864826253203916
71736,0.4837388125551494
52178,0.6967519643682506
1020,0.739043657296525
40286,0.37150720618513383
78862,0.23240472288751626
29486,0.6279465523761503
2700,0.4692213958569688
52490,0.7795495609059205
22301,0.4321189965964956
41771,0.8178704987604521
5459,0.7171099626034708
49251,0.3198663809403756
14083,0.20918946174209
33382,0.36461616034287153
36895,0.20063868229757553
35780,0.7772805580066389
47289,0.8185638052018992
32994,0.24471616454472878
38088,0.4032732467750746
35123,0.5150006302785831
64350,0.35161141224421194
8302,0.25116601537879746
22792,0.3139417622589184
44297,0.4434430018067986
67075,0.4985083406865835
17887,0.8750997941089961
41912,0.30259674776251105
34738,0.05624185890163452
40678,0.4352283709399554
34295,0.10691625698558764
52956,0.34087566704483385
36367,0.2059750409681079
71409,0.04029581074835078
43830,0.9494516576326736
74393,0.25047270893735035
10322,0.29307954115719154
75692,0.5563469053321568
19179,0.677045254002269
5984,0.45209882768183535
72442,0.899302491701332
63816,0.9434430018067985
27016,0.05568511281986638
57332,0.6684314466994411
14727,0.9209840749611328
31579,0.796220429429808
7414,0.20196226732215639
49745,0.8587335602336233
16144,0.4092819026009496
32880,0.0651918147821337
27261,0.7170469347451572
15286,0.16330518088995336
68178,0.9494516576326736
70701,0.3888188579352074
5381,0.5506008655825876
21864,0.02836253624101853
58946,0.7763771587041473
78208,0.2456615824194294
36734,0.09895373755199799
55342,0.3689230639942855
29998,0.7408504559015084
19411,0.2811882852220682
39613,0.5417874700617673
65381,0.008655825875036766
61105,0.5773351821505105
72884,0.6485146434724148
14924,0.6898188999537797
18226,0.9409218874742636
53988,0.796220429429808
3485,0.9409218874742636
11409,0.051997983108533964
64558,0.0022900121853859402
3416,0.8106222950544141
3240,0.36766250682801793
67371,0.5814740115130888
170,0.3098449514685491
3035,0.6408672633303921
23561,0.12884995167864197
66022,0.8135425858229338
31682,0.7524896004033783
29482,0.34925837220051265
71356,0.571578637757889
74155,0.5071851758477247
21638,0.2047775116601538
13908,0.5117231816462877
66807,0.9428862557250305
69349,0.11756796504054794
41356,0.7296104878356234
21034,0.03287953275347704
52419,0.012374469515525862
11448,0.14368250766838941
69242,0.7354510693726627
68047,0.39091978654565324
27411,0.009202067313752678
18840,0.666960796672129
47260,0.7708307071725703
21193,0.08359594940963906
11146,0.8254968696163704
69149,0.06798604983402663
49290,0.4447665868313795
54282,0.40568931467708724
63176,0.6013067775956973
65545,0.12441699231060128
29852,0.7501785789318879
78754,0.6677801588302029
48529,0.503256439346191
25359,0.4886129669313837
62338,0.7294424135467876
8710,0.8431026513719063
70976,0.6351527375099795
60084,0.07336442707676792
48123,0.2202823648052439
45218,0.7942980797512501
28914,0.6235556115803185
75541,0.19660489936551953
66592,0.42092104710281947
9484,0.6460355477120887
32048,0.5506008655825876
22569,0.08391108870120594
7049,0.5096642716080507
25689,0.1919198285642254
9755,0.3219883188369259
14938,0.9415101474851885
38228,0.9494516576326736
20237,0.41545863271566036
50190,0.23467372578679777
76833,0.39188621370645826
18078,0.626328837346107
72927,0.9278120929450817
5172,0.6306987688558343
43879,0.4033152653472835
48111,0.6907012899701668
62682,0.8965397705785957
44871,0.13200134459431068
11009,0.2547375940165553
30886,0.2402832051766881
18033,0.541136182192529
58749,0.696394806504475
36791,0.5321652170259256
39633,0.9516786419597462
67887,0.07451993781251313
7875,0.19689902937098194
19075,0.9494516576326736
47569,0.6878020084877515
78866,0.08279759653766965
42511,0.27564183369049117
17652,0.2716500693306441
39696,0.20042858943653097
793,0.4082734568679356
25665,0.7449472666918778
48966,0.3408756670448338
70234,0.8669902096726753
6828,0.206437245262406
62959,0.7917559561326106
27072,0.9434430018067985
24358,0.48747846548174295
76947,0.46550275221647963
56523,0.9409218874742636
33515,0.46050254212361863
1934,0.5135930081095844
50607,0.05568511281986638
27278,0.7271734106475062
55334,0.9401235346022943
48348,0.3272826589352494
50947,0.5793520736165386
17585,0.5908231438295727
3670,0.27927644018656245
1334,0.9556073784612799
1245,0.9409218874742636
31237,0.21971511408042355
47997,0.6907433085423756
51437,0.4803563174923316
48282,0.08491953443421991
57256,0.5945207781839573
1777,0.9523614437581411
77589,0.9409218874742636
4630,0.9494516576326736
24894,0.4196604899365519
56870,0.9436320853817387
25294,0.5520189923946385
26668,0.16158241942938778
59205,0.0957813353502248
58445,0.6718349510483633
70690,0.9434430018067985
45331,0.8404344720366401
29859,0.1751544182528678
23685,0.7409765116181353
67488,0.1988318836925921
48056,0.13849321400058828
58525,0.33862767343165684
33150,0.16557418378923483
63545,0.18038573049287784
7320,0.5189293667801168
70267,0.4631287028866759
18547,0.8552775326694398
9869,0.713643430396235
77533,0.32177822597588135
60023,0.6337241060548763
478,0.3774528341526955
13458,0.6115803185007774
58381,0.3396151098785663
48234,0.375183831253414
9820,0.24713223244674146
61378,0.29583175763687547
1311,0.29009622253035844
16058,0.3302239589898735
65377,0.07115845203579983
28015,0.1286818773898063
79070,0.2555989747468381
24000,0.4185680070591202
50421,0.2033698894911551
3825,0.11610781965628808
49978,0.17469221395856968
34355,0.19355855288037313
8199,0.027291062649691167
8040,0.3535442665658221
51896,0.1857851170217236
57334,0.17630992898861297
21616,0.18055380478171354
49593,0.3350981133661078
70204,0.35142232866927187
26639,0.03668221353838397
74386,0.7134123282490861
77652,0.47257237699062987
77562,0.11821925290978612
30086,0.36726333039203324
37098,0.1160763057271314
72075,0.4752930795411572
3570,0.47130131518131013
63286,0.08817597378041094
39306,0.8552775326694398
5414,0.6951552586243119
9951,0.4777511660153788
51217,0.4028320517668809
65273,0.27692340014286315
22700,0.7799487373419051
11076,0.10630698768855834
51683,0.4895793940921888
52175,0.49779402495903186
41560,0.642653052649271
73866,0.39155006512878693
57136,0.22339173914870372
62039,0.30326904491785367
41984,0.14983822849699566
889,0.21990419765536365
41210,0.5986175889743267
49664,0.37007857473003064
7650,0.330244968275978
43902,0.5489936551955964
63412,0.2783940501701752
73686,0.40640363040463884
58011,0.021051304676667087
39422,0.27816294802302616
71424,0.400079835287197
50310,0.14477499054582127
47681,0.10149586117063741
50317,0.5607378461279886
56423,0.2916719189881928
54088,0.3169250808857515
77011,0.1483885877557881
49259,0.6182402621958906
7552,0.7301147107021304
76993,0.10977351989579394
39917,0.5784066557418379
76077,0.4086936425900248
50630,0.8316315811588723
37444,0.6015588890289508
50934,0.1379679818479768
28897,0.2868818017563763
26527,0.06502374049329802
31301,0.3986722131181983
12418,0.5885541409302912
76152,0.4457120047060801
35806,0.12546745661582417
3144,0.01586201100886592
50394,0.029223916971301316
76179,0.007563342997604941
3326,0.1543972435816631
66342,0.8271776125047271
41623,0.12233707298625991
6284,0.5913483759821841
10007,0.17198201605109456
21656,0.008193621580738686
62610,0.37562502626160765
48847,0.20435732593806463
18066,0.428925585108618
15668,0.07626370855918317
34023,0.29150384469935714
59262,0.1234085465775873
19281,0.35551913945964114
33327,0.2598848691121476
40265,0.005000210092861044
19279,0.6650909702088323
77709,0.7648850792050087
64438,0.8035841842094206
75049,0.6307407874280432
31559,0.4788226396067062
1855,0.3509811336610782
50999,0.12058279759653767
36451,0.20683642169839067
40855,0.6183453086264129
64168,0.018067986049834027
46730,0.06590613050968529
47716,0.5789318878944494
23694,0.734001428631455
27849,0.33469893693012304
20196,0.008298668011260979
40205,0.47257237699062987
51338,0.34127484348081855
17840,0.1396697340224379
54849,0.4472456825917055
5400,0.9950838270515567
4334,0.9947476784738855
12931,0.15738056220849614
4602,0.5006092692970293
75062,0.9947476784738855
12814,0.6564771629060044
23361,0.32371108029749146
24945,0.8774738434388
41037,0.5721668977688138
50989,0.897054498088155
18631,0.10815580486575066
76571,0.36970040758015044
59427,0.4862599268876844
47718,0.7689608807092735
46527,0.9397243581663095
65087,0.01687045674187991
11946,0.5894365309466784
78607,0.885184251439136
33312,0.284255640993319
31793,0.9418673053489642
73217,0.8115467036430101
11701,0.9374658599100801
68768,0.7833732509769318
75563,0.14901886633892178
11970,0.9501659733602251
56690,0.206437245262406
10820,0.6591033236690618
69438,0.2495693096348586
69072,0.2887726375057776
47005,0.9418147821337031
16920,0.9470250850876086
10608,0.24919114248497834
12456,0.9532123198453716
7085,0.6655951930753393
26473,0.14924996848607083
62466,0.6580528593638388
824,0.6546073364427077
50365,0.32484558174713224
17581,0.1657422580780705
61795,0.3022605991848397
56252,0.4149123912769444
56923,0.6366654061095004
39117,0.32394218244464057
29716,0.3460439514265305
45390,0.329236522542964
38734,0.3761292491281147
64834,0.16824236312450103
60823,0.9947476784738855
17329,0.4214882978276398
45958,0.279255430900458
25398,0.3727047354930879
69229,0.3487121307617967
70025,0.9418673053489642
22066,0.9453968654145132
39043,0.6318962981637885
47502,0.15994369511324005
73122,0.5312408084373293
51325,0.06115803185007773
13488,0.20851716458674732
30030,0.9374658599100801
16783,0.9503760662212698
17662,0.5227740661372327
53596,0.2566914576242699
32090,0.576851968570108
59539,0.9535694777091474
43258,0.9453968654145132
13004,0.6804487583511912
50823,0.5702760620194125
69828,0.24975839320979873
65690,0.9122862305138871
606,0.5681121055506534
77988,0.08298668011260978
49514,0.2898441110971049
9218,0.6486827177612504
55330,0.33232488760031936
77110,0.9460061347115425
3871,0.9503760662212698
45565,0.6488718013361906
17636,0.6441447119626876
6578,0.9364574141770663
75103,0.34112777847808734
44986,0.5787638136056136
65947,0.8230808017143577
1265,0.9460061347115425
62969,0.43919912601369804
29560,0.995325433841758
3025,0.4709651666036388
39317,0.6508886928022185
11165,0.48264632967771764
20616,0.9503760662212698
32796,0.6841674019916804
62879,0.1848817177192319
12459,0.995325433841758
25734,0.9409218874742636
65790,0.9460061347115425
4367,0.5380478171351738
51858,0.9229379385688473
3477,0.9453968654145132
51674,0.060170595403168194
6377,0.9391886213706458
55168,0.9418147821337031
15000,0.18166729694524983
24356,0.9680868944073281
49613,0.7311231564351445
67657,0.47497794024959034
18202,0.43693012311441654
39728,0.23103911929072649
70160,0.3741123576620866
14249,0.523887558300769
6933,0.9397243581663095
28964,0.9957246102777427
1659,0.2475103995966217
45607,0.626328837346107
74824,0.352304718685659
25967,0.9397243581663095
12652,0.9957246102777427
36844,0.44006050674398084
66209,0.5364511113912349
9242,0.4464683390058406
12694,0.9470250850876086
50102,0.5324383377452834
19011,0.9418147821337031
19323,0.9500609269297029
25064,0.8071977814193874
66125,0.9418147821337031
23101,0.20124795159460482
69159,0.5754443464011093
76341,0.9418673053489642
19630,0.4347661666456573
72911,0.2688768435648557
73256,0.944514475398126
78210,0.49092398840287405
25042,0.9959662170679441
48217,0.46464137148619694
34063,0.2674061935375436
17537,0.9961132820706752
69991,0.4990125635530904
67773,0.48588175973780406
25477,0.09441573175343503
77219,0.9358796588091938
41352,0.5330686163284172
52766,0.8951636623387538
20288,0.9418673053489641
28937,0.9359531913105593
26548,0.43741333669481913
58187,0.15471238287322994
18519,0.06767091054245977
20740,0.4982142106811211
79232,0.9406487667549057
43008,0.45505063237951177
34962,0.6924030421446279
28468,0.9232425732173621
36325,0.9167191898819279
75019,0.9396298163788394
71267,0.4877515862011009
40849,0.4617000714315728
7623,0.1858271355939325
73275,0.7673011471070214
13449,0.8860666414555234
19953,0.9089247447371739
20711,0.9435585528803733
23462,0.895268708769276
75587,0.9358796588091938
16513,0.21402159754611538
60277,0.9406487667549057
12874,0.9481911004664062
31287,0.7178242783310224
57153,0.9403756460355478
71757,0.20660531955124165
16290,0.9403756460355478
14202,0.21393756040169754
73859,0.4855666204462373
47660,0.9067397789823102
12283,0.9479810076053616
5718,0.9403756460355477
69873,0.21349636539350395
16082,0.1395436783058112
49428,0.449514685490987
2670,0.9358796588091938
30567,0.29009622253035844
63595,0.14784234631707213
20114,0.9130320601705953
27978,0.21641665616202363
70728,0.9381381570654229
59390,0.856107399470566
77549,0.5157359552922391
43200,0.678053699735283
45460,0.15616202361443757
3135,0.9089247447371739
57430,0.9089247447371739
48944,0.16109920584898527
4839,0.09716794823311904
4371,0.5231522332871129
6126,0.4847262490020589
27257,0.9260473129123072
43561,0.0788058321778226
32021,0.18072187907054918
19692,0.9456909954199757
20749,0.4532543384175806
60190,0.46033446783478293
32260,0.35348123870750875
43587,0.9363628723895961
26805,0.9330013866128829
5152,0.49651245850666
77371,0.9089247447371739
74732,0.10700029413000545
16776,0.37785201058868023
39600,0.4516786419597462
75446,0.9429282742972394
19929,0.5887852430774402
16203,0.45046010336568765
68222,0.9355014916593133
65427,0.9406487667549057
8470,0.18448254128324723
39866,0.703685028782722
14782,0.9397243581663095
76942,0.2796335980503382
73015,0.9307428883566535
66938,0.6380100004201857
29076,0.40531114752720704
19572,0.6902600949619732
46659,0.7184755662002605
74812,0.6656162023614437
79087,0.206437245262406
57703,0.24055632589604606
34953,0.06462456405731333
3488,0.9403756460355478
55098,0.30049581915206525
6733,0.6974452708096979
16036,0.9089247447371739
17668,0.22358082272364385
4074,0.47520904239673945
32408,0.25158620110088664
38931,0.937770494558595
65231,0.9009202067313753
24833,0.15723349720576496
42420,0.9358796588091938
28705,0.9074225807807051
6243,0.31871087020463046
33806,0.945754023278289
34814,0.32576999033572834
51446,0.6617925122904323
75299,0.46014538425984286
57358,0.2645279213412328
5834,0.20713055170385308
37539,0.31745031303836296
56300,0.7209126433883778
63668,0.220240346233035
36943,0.7045043909407958
28985,0.9168452455985546
42425,0.07283919492415648
42178,0.9094919954619942
24244,0.9310055044329594
23959,0.9363628723895961
22438,0.6258876423379133
52495,0.9084730450859279
52633,0.9358796588091938
68977,0.9307428883566535
12776,0.2726795243497626
58619,0.6341653010630699
58678,0.7223832934156897
72413,0.9359531913105593
71535,0.7158073868649942
37587,0.859868061683264
70791,0.9347871759317617
2847,0.3130593722425312
49950,0.9348922223622841
31857,0.9358796588091938
51331,0.9358796588091938
3332,0.6245640573133325
19193,0.17992352619857976
63253,0.8873271986217909
44609,0.9397243581663095
45558,0.9397243581663095
9606,0.08391108870120594
2784,0.47476784738854577
45229,0.7794445144753981
55253,0.45505063237951177
37084,0.9396298163788394
5616,0.479684020336989
22926,0.8363166519601664
63965,0.320937854531703
24086,0.9393672003025336
77732,0.030736585570822306
21761,0.9201437035169545
51377,0.4617841085759906
48751,0.45350644985083405
40423,0.9117820076473802
29693,0.15387201142905163
52142,0.9429282742972394
25603,0.20555485524601871
52415,0.8983570738266313
58974,0.9084730450859279
43863,0.4831925711164335
48247,0.32219841169797053
72397,0.9347871759317617
37678,0.5695197277196521
79106,0.9094919954619942
64658,0.9655552754317408
38181,0.9084730450859279
68858,0.7064582545485104
76088,0.2907475103995966
48744,0.4465523761502584
47797,0.498760452119837
44656,0.20128997016681374
48975,0.34509853355182996
58729,0.6764359847052397
77808,0.9358796588091938
44340,0.9089247447371739
8599,0.9358796588091938
48426,0.2500315139291567
10929,0.025316189755872093
40376,0.9456909954199757
26191,0.9089247447371739
60506,0.9094919954619942
20615,0.9474137568805411
61691,0.9155426698600783
72986,0.3308332282869028
7020,0.7153451825706961
2156,0.7906424639690743
61973,0.8567796966259086
15840,0.7521744611118114
48358,0.3754779612588764
46150,0.810664313626623
2788,0.6342283289213833
53453,0.926866675070381
64833,0.7976700701710157
55176,0.7426152359342829
46669,0.7402621958905836
15341,0.25414933400563045
59004,0.14488003697634355
69412,0.33318626833060216
6453,0.5109878566326317
32819,0.35125425438043617
38761,0.013635026681793352
43756,0.8440900878188159
31759,0.9370351695449388
1580,0.7167738140257995
23654,0.9341674019916804
19353,0.928190260094962
32633,0.048027228034791376
14796,0.6875498970544981
20015,0.514811546703643
15545,0.6848607084331274
9948,0.7950334047649061
25062,0.7719441993361066
17789,0.5632379511744191
50120,0.06136812471112232
29098,0.7376150258414219
54700,0.7313122400100845
20918,0.042501785789318874
56197,0.2755577965460734
19515,0.795117441909324
40504,0.36083448884406905
42326,0.7758729358376403
10140,0.2332450943316946
30528,0.4108365897726795
11259,0.7450313038362957
43186,0.928190260094962
18076,0.21664775830917268
60127,0.084373292995504
29815,0.928190260094962
28224,0.39726459094919947
78818,0.8015883020294972
63577,0.8153598890709693
54929,0.5298331862683306
72282,0.6875709063406026
73175,0.9288625572503045
12123,0.3686079247027186
47151,0.14584646413714863
56148,0.5340140342031178
62168,0.28230177738560447
659,0.2684356485566621
75896,0.4803773267784361
76669,0.40199168032270266
24620,0.4093134165301063
78696,0.7892138325139713
38974,0.8526828858355393
53698,0.6825286776755326
67072,0.45955712424891804
58190,0.8313164418673052
60549,0.8089835707382663
27126,0.04827933946804488
20397,0.7062901802596748
44847,0.015021639564687592
50397,0.9341568973486281
28559,0.2034749359216774
21126,0.07246102777427622
49702,0.8105382579099962
19051,0.3357914198075549
20115,0.928190260094962
56287,0.1005084247237279
35900,0.3740703390898777
40155,0.8717593176183874
23011,0.7981427791083658
79290,0.8172612294634228
45886,0.7503466532207236
60617,0.4004580024370772
56842,0.9340938694903147
23024,0.653472834993067
31370,0.799844531282827
60041,0.530904659859658
47180,0.03588386066641456
75897,0.14899785705281735
56153,0.8153073658557082
76885,0.6852178662969033
62422,0.30986596075465356
74482,0.3776209084415312
38208,0.6778751208033951
8794,0.5064498508340686
72389,0.8146140594142611
14570,0.2449472666918778
5944,0.928190260094962
54809,0.8190260094961973
39301,0.3854363628723896
22311,0.3708769276020001
72697,0.29459220975671246
70772,0.5822723643850582
51320,0.6864784234631708
39114,0.5064498508340686
6095,0.5594562796756166
71807,0.033257699903357286
28175,0.3008319677297366
18213,0.4407117946132191
15381,0.2320055464515316
43402,0.4267616286398588
33716,0.736753645111139
32975,0.4314887180133619
65206,0.306861632841716
21884,0.507563342997605
76201,0.6013698054540106
71923,0.6591453422412706
39156,0.8004958191520651
31218,0.1970881129459221
47739,0.8139102483297617
43740,0.29635698978948694
2672,0.7879112567754948
8934,0.0013235850245808646
57756,0.7878902474893903
39223,0.93388377662927
4082,0.7740871465187613
38346,0.8374301441237026
49137,0.43800159670574396
52331,0.41810580276482207
68011,0.7976700701710157
32787,0.8999747888566746
44350,0.4141245430480272
54360,0.0206941468128913
75038,0.44081684104374136
74464,0.06382621118534393
32265,0.5519139459641161
47306,0.32978276398167994
78967,0.8727677633514013
56122,0.781545443085844
8465,0.46531366864153956
3458,0.8153598890709693
10953,0.35581326946510355
22556,0.8139102483297617
25039,0.01369805454010673
52953,0.6778751208033951
72143,0.7742762300937014
45154,0.7384553972856002
30024,0.1026093533341737
3588,0.8420521870666834
56144,0.5447917979747049
75026,0.38757931005504437
44066,0.5064498508340686
67010,0.3526408672633304
53649,0.46319173074498926
64588,0.7565864111937476
37076,0.7911046682633724
70840,0.07653682927854111
66808,0.07157863775788899
61727,0.5790579436110761
3371,0.6713097188957519
21804,0.45852766922979954
70529,0.8031639984873314
67640,0.7382663137106601
45729,0.793741333669482
17505,0.6777805790159249
61513,0.7826589352493802
47131,0.47932686247321316
45038,0.674293037522585
61851,0.08954157737720074
66826,0.1837262069834867
34847,0.493949325601916
24451,0.4960712634984663
11797,0.4822261439556284
44843,0.9339888230597925
30685,0.6043951426530527
24853,0.27272154292197154
51336,0.7161015168704568
51828,0.7110592882053868
35160,0.5015967057439389
59944,0.9300810958443632
35291,0.26692297995714104
14963,0.49951678641959746
17946,0.4141245430480272
40245,0.4093134165301063
58941,0.20925248960040335
19576,0.36100256313290474
69745,0.40766418757090633
11158,0.03489642421950502
36498,0.8200554645153159
3575,0.3751208033951006
48977,0.254632547586033
9051,0.6962267322156394
69775,0.6462666498592378
70713,0.9389890331526535
1223,0.38243203495945205
5903,0.6974872893819067
17766,0.6407201983276608
11231,0.9975944367410395
73832,0.237341905122064
8767,0.19823311903861507
2155,0.3552880373124921
12547,0.03919282322786671
45169,0.36276734316567927
7260,0.7061010966847346
34311,0.037711668557502416
45039,0.03703937140215976
18683,0.7149249968486071
27745,0.9970271860162191
67176,0.635593932518173
26416,0.24068238161267277
34572,0.9721837051976975
41746,0.9970692045884281
24735,0.9970271860162191
27445,0.9986449010462625
46983,0.6943569057523425
68580,0.9770158410017228
41717,0.10275641833690491
16497,0.9743686709525611
13384,0.9970692045884281
21552,0.7154712382873231
49331,0.997888566746502
38799,0.9974893903105172
70747,0.4586327156603218
39497,0.3647212067733938
30163,0.9710597083911088
64271,0.9975944367410395
19505,0.6609101222740451
52298,0.06836421698390689
38910,0.021198369679398296
5692,0.7767133072818185
26109,0.3812975335098114
26291,0.19306483465691837
12443,0.29217614185469976
27410,0.7168368418841128
206,0.5817681415185513
58179,0.9710597083911088
77520,0.7823227866717088
24643,0.9721837051976975
59316,0.9775410731543341
73024,0.9710597083911088
9984,0.0399806714567839
50783,0.195890583637968
66606,0.9710597083911088
60022,0.991155090550023
3539,0.9988760031934115
60013,0.5212613975377116
40364,0.5859489894533384
54423,0.7947812933316526
58298,0.7030127316273793
959,0.6538089835707382
76434,0.9975944367410395
38470,0.24131266019580655
15924,0.8892810622295055
16690,0.5220177318374722
31446,0.6829698726837262
29370,0.9786335560317662
50158,0.5642253876213287
74247,0.41356779696625906
5519,0.11189545779234422
2601,0.5543720324383378
36652,0.9323711080297491
35540,0.011681163074078743
49262,0.9990545821252993
6801,0.517101558889029
50160,0.4521408462540443
25623,0.9970692045884281
51424,0.8079226017899912
55158,0.1367704525400227
69101,0.07655783856464557
16763,0.08239842010168494
13318,0.9182318584814487
76589,0.5492247573427456
76044,0.7087902853061053
23759,0.03755409891171898
8110,0.19479810076053616
61701,0.08378503298457919
66562,0.5615572082860624
2340,0.5925248960040338
65827,0.08643220303374093
42277,0.9951993781251313
29373,0.7822177402411866
41937,0.769402075717467
64164,0.9734862809361738
50719,0.8236060338669692
64343,0.7033698894911552
12402,0.037207445690995426
68194,0.46134291356779694
616,0.19823311903861507
9333,0.6460985755704021
58982,0.4741795873776209
58651,0.9972582881633683
76135,0.9721837051976975
28795,0.9970692045884281
36966,0.2629522248833985
14365,0.6829698726837262
6360,0.9986449010462625
60667,0.2818605823774108
47319,0.9777826799445354
8118,0.15361989999579814
31416,0.8215471238287323
35002,0.7107651581999245
78547,0.6627589394512374
20430,0.9970692045884281
74352,0.10905920416824237
75473,0.5106727173410647
8168,0.9970692045884281
46177,0.1878020084877516
32601,0.2613765284255641
12090,0.0068700365561578216
8067,0.611013067775957
58740,0.5023950586159083
64199,0.5812639186520442
48155,0.7067103659817638
75274,0.3065885121223581
68595,0.11973192150930712
26241,0.7607042312702216
24438,0.22744653136686419
55219,0.7060170595403168
35789,0.09605445606958275
40801,0.04823732089583596
54023,0.03916130929871003
1477,0.7283079120971468
77012,0.4447035589730661
38517,0.8079226017899912
65030,0.9728665069960923
42033,0.16048993655195598
11629,0.21685785117021725
64774,0.5225429639900837
36642,0.4509433169460902
37500,0.03919282322786671
13106,0.6887684356485565
49747,0.03294256061179041
15163,0.2270053363586705
73885,0.21784528761712676
65434,0.02628261691667717
51,0.07861674860288247
19985,0.6829698726837262
61839,0.21217278036892306
49409,0.04016975503172402
30741,0.9975944367410395
37781,0.5109248287743182
29380,0.03919282322786671
50839,0.04970797092314803
20244,0.9110466826337241
27029,0.03615698138577251
20783,0.8131644186730534
23798,0.652653472834993
31450,0.4200806756586411
376,0.860834488844069
8917,0.23206857430984495
40951,0.9977730156729274
21143,0.4072440018488172
42654,0.1429051640825245
29509,0.9457750325643935
63722,0.9777826799445354
27382,0.9710597083911088
66530,0.4875204840539518
8690,0.6634942644648935
62941,0.7688138157065424
65357,0.5904659859657969
78776,0.6943989243245515
75151,0.487205344762385
20502,0.9746417916719191
21789,0.03755409891171898
9219,0.03919282322786671
33979,0.050863481658893234
47377,0.9728665069960923
26695,0.997888566746502
68955,0.016051094583806044
10978,0.6891886213706458
52351,0.641455523341317
73631,0.9728665069960923
54407,0.9734862809361738
36993,0.6530526492709777
72488,0.9710597083911088
25100,0.5025001050464305
18259,0.9894323290894574
12632,0.9988760031934115
47028,0.4803563174923316
8316,0.1395226690197067
25824,0.6046682633724106
9013,0.724043027017942
41541,0.9728665069960923
37597,0.6950922307659986
4261,0.03674524139669734
63411,0.312176982226144
5028,0.382242951384512
45853,0.21750913903945546
21249,0.031009706290180256
69099,0.7735829236522543
20194,0.5281314340938694
57736,0.4100172276146057
14621,0.5270914744316988
15994,0.008298668011260977
69286,0.6536829278541115
39220,0.6269801252153452
32693,0.7636455313248455
9361,0.33873271986217907
36068,0.793331652590445
43909,0.21645867473423253
65573,0.3033110634900626
53879,0.6672969452498004
23203,0.18103701836211605
66258,0.5181940417664608
29025,0.15326274213202237
57967,0.43300138661288295
61657,0.11649649144922054
77117,0.023929576872977854
13647,0.5486154880457162
37761,0.3407706206143115
46020,0.6719399974788857
9158,0.20605907811252575
39879,0.5466826337241061
59304,0.4585066599436951
1224,0.40108828102021093
38238,0.7419849573511491
3626,0.21599647043993445
52078,0.7220261355519139
72946,0.2620908441531157
40881,0.8068406235556115
42554,0.6156981385772511
3361,0.38178074709021387
65712,0.1888104542207656
43502,0.12126559939493257
15366,0.2831421488297828
62727,0.598407496113282
61272,0.41140384049749984
66685,0.026303626202781632
51435,0.026135551913945964
27333,0.17771755115761165
17315,0.16105718727677634
23637,0.5909702088323039
23032,0.5542039581495021
16911,0.060170595403168194
11202,0.1706164124543048
55155,0.7054708181016008
54844,0.7901592503886717
50498,0.028509601243749738
16147,0.21549224757342744
63593,0.5499390730702971
14306,0.7488549939073071
983,0.34322870708853315
5024,0.6074204798520947
60887,0.09197865456531788
24931,0.5113870330686163
41496,0.2404722887516282
44747,0.7415122484137989
57688,0.2879952939199126
58690,0.05855288037312492
70502,0.6734946846506156
24508,0.5755914114038405
4753,0.6724232110592882
6834,0.29877305769149964
76984,0.3094037564603555
25283,0.5898146980965587
58997,0.7415122484137989
70441,0.6124416992310602
46111,0.10471028194461951
26041,0.13132904743896803
45417,0.17359973108113788
67425,0.753855204000168
19948,0.036892306399428546
57860,0.5270914744316988
41029,0.6616244380015966
22057,0.5148745745619564
31677,0.639627715450229
70213,0.15307365855708224
41164,0.7417118366317913
21850,0.03668221353838397
15232,0.22849699567208706
59279,0.7039371402159755
69626,0.746838102441279
35185,0.02535820832808101
52509,0.8381444598512543
62003,0.13092987100298334
21243,0.024412790453380392
50257,0.22408504559015086
75508,0.0035505693516534307
64874,0.607483507710408
59613,0.4182108491953443
415,0.44043867389386104
63695,0.49563006849027264
71610,0.41390394554393045
62343,0.6853229127274255
50318,0.9349762595067018
69109,0.7243161477373
24134,0.021114332534980462
4672,0.03680826925501071
42798,0.43394680448758355
43579,0.12784150594562796
43739,0.5433421572334972
76868,0.30625236354468677
33283,0.953590486995252
16434,0.13683348039833607
39979,0.5516198159586537
56318,0.063784192613135
14243,0.14773729988654985
73511,0.9346401109290307
28926,0.1621706794403126
47178,0.6512038320937855
78710,0.15893524938022607
74771,0.19660489936551953
63082,0.34925837220051265
68159,0.514538425984285
23056,0.24099752090423965
71051,0.35224169082734563
67637,0.315664523719484
9587,0.8748266733896383
8412,0.4180847934787176
33338,0.8487751586201101
14920,0.4663851422328669
49876,0.29118870540779024
2861,0.03046346485146435
23486,0.7584982562292533
64911,0.18782301777385602
29257,0.6587251565191815
37092,0.9020967267532249
12322,0.8977583091726542
27145,0.6757006596915837
16633,0.9346401109290307
45820,0.8130383629564267
38630,0.7316693978738602
39914,0.037228454977099874
68083,0.31270221437875545
45014,0.001218538594058574
28275,0.10342871549224758
57644,0.5259254590529014
11644,0.32188327240640363
46351,0.8295936804067399
65265,0.6215807386864993
71977,0.13427034749359215
42518,0.8305601075675448
9339,0.9346401109290307
60448,0.1503214420773982
67531,0.18589016345224588
77323,0.3079331064330434
19921,0.7213748476826757
239,0.23358124290936597
26246,0.6723391739148704
7661,0.9450502121937897
59791,0.30089499558804994
73671,0.42113113996386403
24975,0.7472582881633683
18992,0.036262027816294805
14499,0.42285390142442963
5949,0.13271566032186227
68653,0.24557754527501155
34554,0.9395142653052649
74825,0.9450502121937897
60821,0.7049035673767806
9544,0.8185638052018992
10350,0.6218118408336485
41720,0.5728812134963653
69654,0.748392789613009
58915,0.9353859405857389
45580,0.2883104332114795
69482,0.43569057523425353
55038,0.5087188537333501
30084,0.17070044959872263
47973,0.25269969326442293
10681,0.02266901970671037
60710,0.4930039077272155
43775,0.7790243287533088
30848,0.5092020673137526
50850,0.03516954493886298
64181,0.7700743728728098
37919,0.2435396445228791
72660,0.26486406991890415
22136,0.8285011975293078
51050,0.8457078028488593
24605,0.017143577461237864
33713,0.12685406949871844
42027,0.6732425732173621
73431,0.68011260977352
1990,0.8323458968864239
67167,0.6854699777301567
21654,0.1052775326694399
13213,0.027501155510735745
47595,0.6521072313962771
45792,0.00550443295936804
7805,0.9445880078994916
2440,0.5440144543888399
45223,0.1106979284843901
20462,0.453044245556536
31171,0.9353859405857389
74760,0.65819992436657
48674,0.15872515651918148
19764,0.7785201058868019
64239,0.2315433421572335
778,0.21509307113744272
27359,0.4891171897978907
8173,0.10905920416824237
30809,0.20591201310979454
31411,0.17731837472162695
64908,0.5304844741375688
54947,0.08947854951888734
11410,0.48827681835371234
3935,0.49249968486070844
47412,0.9346401109290307
17569,0.24734232530778608
49077,0.5266817933526619
18424,0.01909744106895248
63095,0.8304130425648136
18745,0.28560023530400436
10732,0.5001470650027312
54432,0.9358271355939324
26522,0.8259590739106685
65714,0.9346401109290307
32064,0.6555947728896171
21952,0.5147695281314341
51117,0.7768603722845496
8658,0.007983528719694105
31666,0.4724778352031598
5016,0.238581453002227
17685,0.24103953947644854
63487,0.16643556451951763
34893,0.19330644144711964
60017,0.7353460229421405
23054,0.28337325097693183
59197,0.21242489180217658
8800,0.13773687970082776
20360,0.8760872305559056
46276,0.33552880373124916
72443,0.9817744443043827
13866,0.4316567923021976
33194,0.4626875078784823
57673,0.032028656666246484
73331,0.021198369679398296
2453,0.05848985251481154
7399,0.2788562544644733
11480,0.16540610950039916
51933,0.984316567923022
77534,0.30860540358838606
4319,0.4422454724988445
55242,0.030946678431866884
78932,0.033698894911550904
3365,0.8365057355351065
36588,0.8764443884196815
27947,0.17523845539728558
21220,0.40228581032816507
41044,0.3040463885037186
78082,0.23364427076767932
24160,0.9810811378629354
71825,0.3828312113954368
72149,0.024727929744947266
29768,0.9810811378629354
33491,0.8761187444850624
9446,0.3173452666078407
29477,0.1045211983696794
37833,0.0033404764906088493
73262,0.06958275557796546
32257,0.01439136098155385
19606,0.31009706290180256
52297,0.5963695953611495
34815,0.876234295558637
52470,0.556451951762679
15908,0.8761187444850624
16362,0.8377873019874785
70182,0.3643850581957226
67169,0.8764443884196815
39096,0.1701331988739023
36500,0.6454472877011639
77340,0.7568805411992101
72760,0.8764443884196815
3062,0.5977351989579394
6124,0.19212992142526997
54716,0.41581579057943613
76079,0.13111895457792344
9624,0.01609311315601496
25575,0.39526870876927606
36885,0.2327408714651876
11252,0.9802197571326525
60865,0.1460565569981932
36086,0.6482625320391614
21416,0.9802197571326525
50589,0.07680994999789907
18289,0.8030799613429136
71211,0.022122778267994456
28156,0.07987730576914996
23897,0.1058237741081558
31318,0.3459809235682172
17928,0.18149922265641413
1630,0.21120635320811798
40152,0.9802197571326525
13443,0.7196730955082146
73679,0.24440102525316187
64539,0.37556199840329424
46516,0.8759611748392789
21270,0.4898945333837556
31886,0.6129249128114627
73918,0.5999621832850119
52833,0.219736123366528
12177,0.019139459641161396
77403,0.5535946888524729
58163,0.6497541913525778
31720,0.3393419891592084
2057,0.7346527165006934
51242,0.16456573805622085
67688,0.2002395058615908
63332,0.4844741375688055
24068,0.09611748392789614
48614,0.032028656666246484
21507,0.8761817723433758
6016,0.8054540106727174
21107,0.07466700281524434
6648,0.8140678179755452
67789,0.41663515273751
58172,0.10351275263666541
71333,0.06376318332703056
69545,0.21366443968233959
61008,0.06758687339804194
57392,0.20509265095172066
28646,0.8764864069918904
70961,0.9643052229085255
52743,0.8761187444850624
37945,0.005273330812219
27730,0.16990209672675324
17402,0.20555485524601877
30610,0.041871507206185134
46746,0.5518929366780116
6591,0.7888566746501954
44541,0.21349636539350392
28831,0.7546535568721375
69924,0.19811756796504054
21171,0.2134123282490861
52808,0.9802197571326525
10141,0.09792428253287953
42155,0.22473633345938904
34061,0.3364637169628976
45464,0.09882768183537123
9603,0.6479894113198034
12920,0.33552880373124916
57870,0.7872599689062566
3976,0.052607252405563264
57541,0.24847682675742674
33888,0.7470481953023237
22771,0.581936215807387
60675,0.009727299466364133
23734,0.8899323500987437
17588,0.8761187444850624
67102,0.3582293373671163
9180,0.6478633556031766
37631,0.1383671582839615
30857,0.8761817723433758
71416,0.16506996092272783
42917,0.4827513761082398
73919,0.18374721626959115
9781,0.7276566242279087
16026,0.0360099163830413
53523,0.5655909912181184
66548,0.6647338123450565
1179,0.9817744443043827
9997,0.6837682255556956
38701,0.5662842976595656
53579,0.29633598050338245
43049,0.5866422958947856
64157,0.5525127106180933
28767,0.1646287659145342
74740,0.5892264380856338
9107,0.8767175091390395
61000,0.5440249590318921
56320,0.19355855288037313
68255,0.8765809487793605
26353,0.02296314971217278
34235,0.02834152695491407
73178,0.1625278373040884
64142,0.5572923232068574
5838,0.4396823395941006
17830,0.10113870330686163
47759,0.19387369217194003
53617,0.6175469557544435
7109,0.4946216227572586
77264,0.12929114668683558
68410,0.5750031513929157
33054,0.03790075213244254
24372,0.4424135467876802
50574,0.5669565948149081
23196,0.21757216689776882
62403,0.1915626707004496
12675,0.442497583932098
58177,0.02273204756502374
24501,0.777280558006639
55383,0.016597336022521954
17853,0.020294970376906595
41510,0.016702382453044246
69643,0.6089121391655111
29779,0.28167149880247067
11102,0.5167654103113576
58907,0.14414471196268752
33291,0.4174335056094794
52605,0.5633429976049414
3049,0.21908483549728977
68333,0.2629102063111896
49547,0.2147569225597714
44714,0.2700953821589142
69148,0.8407075927559982
34842,0.8769801252153452
36815,0.0287827219631077
64468,0.23393840077314174
701,0.7723223664859868
72071,0.8769801252153452
29811,0.40942896760368086
77060,0.5892264380856338
50889,0.2560611790411362
34748,0.550579856296483
26440,0.3645951510567671
31479,0.5892264380856338
2068,0.097945291818984
40671,0.6797134333375352
9176,0.7438757931005505
16013,0.03266943989243245
72391,0.19049119710912224
64709,0.4249128114626665
42845,0.4910920626917097
17677,0.4638430186142275
55589,0.5710954241774865
59674,0.009790327324677509
53598,0.024980041178200768
22278,0.20198327660826085
5920,0.2862935417454515
65404,0.6512668599520989
56310,0.49378125131308037
35830,0.018656246060758854
17541,0.17259128534812387
77218,0.18055380478171354
40119,0.7344216143535442
70326,0.2917559561326106
54607,0.27608302869868484
36525,0.5851716458674734
23551,0.18958779780663057
2920,0.19009202067313755
74115,0.7098617588974326
44772,0.15307365855708222
70942,0.6004559015084667
52777,0.20213034161099205
21022,0.7113954367830582
41647,0.5550863481658893
35733,0.5440249590318921
57694,0.5597083911088702
36524,0.5633429976049414
17389,0.8369469305433
22355,0.19620572292953486
77528,0.8766754905668305
18749,0.10134879616790621
20406,0.5293289634018236
30724,0.24206899449556704
10935,0.5525127106180933
70421,0.11550905500231101
30805,0.5633429976049414
23413,0.006029665111979495
70262,0.667549056683054
68710,0.1691667717130972
67438,0.2465229631497122
73114,0.07643178284801883
9496,0.11534098071347536
7594,0.43619479810076056
18867,0.8768540694987185
60286,0.8768435648556663
25533,0.181079036934325
51525,0.6004559015084667
42096,0.21000882390016387
78929,0.550579856296483
56299,0.5392453464431278
42382,0.14061515189713855
54837,0.7232866927181814
75823,0.8765809487793605
63282,0.49340308416320017
73518,0.5348123870750872
64055,0.8768540694987185
46648,0.6367914618261271
738,0.4574772049245766
29474,0.021051304676667087
60659,0.014202277406613723
8834,0.5498550359258793
74416,0.2941089961763099
77490,0.8766754905668305
36418,0.43403084163200134
78287,0.2814193873692172
27550,0.3593008109584437
65903,0.6767721332829111
34627,0.3290894575402328
45332,0.28963401823606033
59684,0.9135152737509981
130,0.7072566074204798
24978,0.5509265095172066
61135,0.04841589982772385
64968,0.5244127904533804
4790,0.39863019454598936
32399,0.6975923358124291
3195,0.380730282784991
31017,0.3317366275893945
47199,0.9669734022437918
23325,0.10437413336694819
14397,0.6732005546451533
30395,0.7501575696457835
13150,0.7369847472582882
61527,0.380730282784991
36172,0.5456951972771965
29395,0.9682339594100592
25601,0.5479221816042691
62326,0.6101937056178831
34422,0.03401403420311778
37791,0.4752090423967393
32751,0.5756019160468927
9821,0.26246901130299594
33923,0.380730282784991
59630,0.8575150216395647
9458,0.8325980083196773
55439,0.38067775956972977
53630,0.4751250052523215
65556,0.07475103995966216
75188,0.04245976721710996
23730,0.040779024328753306
1644,0.769717215009034
16278,0.439472246733056
62287,0.5317240220177318
62130,0.8777469641581579
35256,0.11599226858271355
69033,0.13597209966805326
24943,0.6811420647926383
56540,0.9669734022437918
62426,0.6495230892054288
36137,0.9682339594100592
67858,0.5352115635110719
18641,0.9659019286524644
30487,0.31919408378503294
27526,0.7850539938652886
78192,0.40669776041010125
41202,0.7986470019748729
44776,0.4767217109962603
77839,0.6751334089667633
42927,0.7492751796293963
50802,0.713685448968444
66320,0.5597294003949745
43096,0.746144795999832
24344,0.39732761880751294
51467,0.38869280221858066
45694,0.3596369595361149
75018,0.7492541703432917
7895,0.3319257111643346
40417,0.9682339594100592
11274,0.49983192571116436
74256,0.4861758897432666
14630,0.564519517626791
10349,0.4278961300894995
48989,0.354363628723896
78270,0.7542963990083617
33520,0.021639564687591917
10274,0.4941804277490651
67941,0.9783184167401991
77832,0.257153661918568
12836,0.0429429807975125
65228,0.4425396025043069
77135,0.09185259884869112
34855,0.7079499138619271
70459,0.9127589394512374
11845,0.46146896928442366
51955,0.7194630026471701
56211,0.555527543174083
46116,0.5577755367872599
73020,0.04841589982772385
12865,0.1216437665448128
54819,0.5030883650573553
77078,0.30663053069456697
61218,0.09328123030379427
35598,0.2614395562838775
14719,0.6491029034833397
48721,0.4736123366528006
68652,0.38067775956972977
44221,0.5018908357494012
38080,0.03212319845371654
15785,0.5756019160468927
26521,0.4027480146224631
69122,0.1052775326694399
59955,0.5586159082314383
19674,0.00586159082314383
22344,0.9659019286524644
49692,0.008529770158410018
76112,0.09164250598764655
73434,0.47917979747048195
8753,0.17290642463969075
48952,0.04287995293919913
30658,0.47966301105088455
55417,0.10775662842976597
79005,0.7175091390394556
75831,0.18040673977898228
75527,0.47270893735030883
33557,0.5903819488213791
28358,0.14481700911803017
11124,0.8032480356317492
19930,0.5369553342577419
55263,0.6470439934451028
7161,0.211437455355267
47952,0.5281314340938695
46000,0.6416235976301525
44401,0.40686583469893695
18884,0.3476196478843649
36181,0.04439262153872012
10109,0.2411866044791798
15637,0.6862263120299174
32744,0.7380562208496154
48233,0.3622421110130678
39138,0.044014454388839865
17423,0.9145132148409597
24316,0.6370855918315895
67270,0.9682339594100592
50303,0.7442119416782217
58074,0.8432076978024287
56832,0.09384848102861465
12198,0.04531703012731627
8735,0.1070843312744233
48839,0.46823395941005924
47970,0.0952350939115089
54314,0.6726122946342282
13369,0.7536241018530191
26721,0.54750199588218
75568,0.11660153787974285
3292,0.7612084541367284
17339,0.519076431782848
18080,0.5586999453758561
34721,0.32774486322954743
48087,0.39264254800621873
10873,0.38869280221858066
58189,0.5043909407958317
76245,0.5350014706500272
17427,0.38869280221858066
73268,0.5938904996008235
66261,0.6652590444976679
1784,0.731018110004622
48243,0.6595655279633599
36231,0.21834951048363374
50529,0.2775536787259969
61110,0.6114332534980461
48466,0.7423841337871339
31796,0.3992394638430186
5463,0.2763981679902517
68745,0.9669734022437918
78544,0.49378125131308037
67004,0.17406193537543593
65952,0.6915836799865541
68756,0.8565485944787596
15874,0.5527963359805034
71838,0.3157065422916929
8968,0.29602084121181566
77345,0.5393293835875457
24658,0.05042228665069961
17413,0.5118282280768099
66433,0.4757132652632463
14013,0.4499558804991806
50711,0.5762006807008698
68013,0.4195974620782386
23909,0.4408588596159502
26142,0.5896676330938275
29191,0.027501155510735748
41096,0.7222362284129584
3450,0.7185175847724694
10052,0.5558216731795455
49193,0.6811630740787428
72031,0.4067397789823102
16226,0.16511197949493675
55724,0.19223496785579228
68151,0.5258204126223792
7142,0.351065170805496
20911,0.5898357073826631
31067,0.6471910584478339
42136,0.1762889197025085
25029,0.5979873103911929
53080,0.7501155510735745
53107,0.3883566536409093
41233,0.18824320349594523
20344,0.21269801252153453
41539,0.3878104122021934
62186,0.3072397999915963
76599,0.5500021009286105
68979,0.0403798478927686
21706,0.4890961805117862
64704,0.8338585654859448
67985,0.3030589520568091
60583,0.3841547964200176
40822,0.3441321063910248
67023,0.08594898945333838
53122,0.8099499978990714
31088,0.7009118030169335
19159,0.21791882011849237
76991,0.6077881423589226
62409,0.7583301819404177
664,0.23652254296399008
2119,0.536093953527459
14072,0.5053783772427413
1131,0.7465019538636076
63220,0.44999789907138954
60309,0.24837178032690452
22234,0.1678431866885163
5398,0.5702550527333081
32047,0.21652170259254588
24669,0.8010420605907811
27572,0.7902432875330896
22004,0.3870120593302239
77616,0.6077881423589226
44259,0.7086012017311653
5621,0.21791882011849237
31953,0.6088701205933023
71354,0.6020631118954577
15065,0.7227194419933611
1239,0.4562796756166225
6660,0.6683053909828144
59758,0.5465145594352704
6110,0.7921761418546996
71204,0.21791882011849237
55216,0.4601663935459473
15584,0.21791882011849237
38893,0.1983906886843985
70774,0.8477877221732006
48323,0.8558973066095215
58169,0.4263624522038741
61672,0.257426782637926
67558,0.37837724274129164
6662,0.6680742888356654
6968,0.6874868691961847
39428,0.6924240514307325
18281,0.5735535106517081
50512,0.71248791966049
50702,0.34913231648388593
12304,0.5580906760788268
15304,0.3959830244968276
22033,0.07592755998151184
70845,0.6693558552880373
27950,0.05435102315223328
39236,0.12784150594562796
41099,0.5584898525148115
47453,0.8623681667296945
32629,0.38531030715576287
63961,0.36711626538930203
15325,0.857851170217236
21388,0.7448002016891467
58921,0.7414387159124333
10961,0.5341821084919535
30012,0.590613050968528
73289,0.84839699147023
2065,0.6957645279213412
63555,0.8567796966259086
24513,0.41890415563679145
68679,0.49329803773267783
42950,0.5220807596957856
77460,0.7620908441531157
52190,0.8401403420311778
51713,0.24068238161267283
62127,0.21372746754065297
57354,0.8865288457498215
63561,0.44127904533803947
24120,0.825980083196773
2803,0.6732845917895709
75987,0.8904365729652506
9146,0.36820874826673383
14879,0.3652674482121097
47729,0.6828228076809949
25907,0.6481469809655868
68281,0.30591621496701543
42370,0.6865624606075885
68999,0.654439262153872
21237,0.5089919744527082
15016,0.5219547039791587
73372,0.18462960628597838
41517,0.6355729232320685
33701,0.3140257994033363
79234,0.24347661666456574
14334,0.13441741249632336
20172,0.4437581410983655
30285,0.30700869784444723
23217,0.6877179713433338
78805,0.7984369091138284
61573,0.6486722131181982
32407,0.5754653556872138
55209,0.7354930879448717
37556,0.4478129333165259
52343,0.7535820832808101
64855,0.2755788058321778
2077,0.46766670868523885
43795,0.543153073658557
25667,0.4411739989075172
22821,0.5742468170931553
2675,0.3717593176183873
67582,0.13880835329215513
21384,0.13473255178789026
27191,0.8865288457498215
14835,0.3945543930417245
59,0.8847325517878902
33242,0.5211563511071894
28208,0.8858355393083744
48504,0.38919702508508763
71019,0.568458758771377
30130,0.6915836799865541
21748,0.9273078700785747
39045,0.8865288457498215
65232,0.296083869070129
12560,0.3148451615614101
49213,0.728265893524938
77564,0.34600193285432157
1294,0.01951762679104164
37665,0.6481364763225345
74884,0.568458758771377
70633,0.12538341947140638
7122,0.568322198411698
5167,0.6466868355813269
48071,0.37352409765116185
33051,0.22213118198243623
25334,0.5872095466196058
45167,0.3884196814992227
15495,0.7886886003613598
58901,0.886602378251187
61041,0.3078280600025211
66770,0.14931299634438422
33088,0.886602378251187
78926,0.19116349426446488
5251,0.6093113156014959
38293,0.7779108365897726
17045,0.8876423379133577
60986,0.2575528383545527
16012,0.4580024370771881
41354,0.39415521660573977
11331,0.1983906886843985
64321,0.3318206647338124
32574,0.8996386402790034
26235,0.8877053657716711
30274,0.09338627673431658
77157,0.2872704735493088
49337,0.6116643556451952
39492,0.5244337997394849
45112,0.6481469809655868
77956,0.08410017227614607
58731,0.2229085255683012
37694,0.659208370099584
14324,0.509265095172066
9048,0.1503214420773982
74382,0.8077860414303122
61684,0.886602378251187
44942,0.24473717383083324
2954,0.8858355393083744
1608,0.4646623807723014
54392,0.6875288877683937
77076,0.8858460439514265
61590,0.8858460439514265
16286,0.6734946846506156
8292,0.8867389386108661
61103,0.6486722131181982
77664,0.2872704735493088
37205,0.8739442833732509
21054,0.2264170763477457
27042,0.11540400857178874
69105,0.7138745325433842
23119,0.39999579814277914
8130,0.8887768393629983
54460,0.8880625236354468
16149,0.6433253498046136
864,0.20832808101180722
24799,0.8858355393083744
42531,0.8847325517878902
46455,0.29978150342451365
10474,0.88774738434388
22517,0.3822219420984075
55091,0.2761880751292071
2822,0.6343123660658011
18406,0.22538762132862725
2165,0.28141938736921723
5281,0.3726837262069835
18941,0.786314551031556
28184,0.886602378251187
39858,0.7809571830749191
19729,0.5524811966889365
76333,0.26738518425143915
68637,0.46716248581873193
70631,0.26637673851842514
68124,0.5347913777889827
74111,0.17376780536997352
42838,0.500693306441447
36735,0.5247909576032607
71375,0.32984579183999324
49030,0.04281692508088575
64481,0.04023278289003739
39910,0.650447497794025
4984,0.15920837009958402
32978,0.1019160468927266
16140,0.4900626076725913
28331,0.5059666372536662
64483,0.07092734988865078
59811,0.8008949955880499
68249,0.08807092734988864
1562,0.600928610445817
41754,0.5021219378965502
22881,0.4672255136770453
70948,0.14086726333039204
63945,0.3886087650741628
78408,0.3232278667170889
26762,0.6184188411277783
25278,0.5904239673935879
77781,0.3207277616706585
53010,0.659260893314845
5951,0.28602042102609354
13386,0.26650279423505185
41731,0.3163578301609311
75796,0.22448422202613552
3971,0.047607042312702214
63328,0.647191058447834
59431,0.14838858775578803
72398,0.5798142779108366
13602,0.0817681415185512
54919,0.31579057943611083
37079,0.19895793940921888
2590,0.19761334509853357
50156,0.3911508886928023
40463,0.4967540652968612
42968,0.651182822807681
76916,0.1324425396025043
4722,0.545169965124585
16067,0.05462414387159125
65995,0.4900626076725913
68802,0.21837051976973823
2556,0.8438169670994579
44558,0.3043615277952855
28806,0.08286062439598303
72887,0.10590781125257363
78986,0.03930837430144124
58229,0.577818395730913
73144,0.031618975587209545
72338,0.8218832724064035
15490,0.4904407748224715
77254,0.6328207067523847
44139,0.23034581284927938
64513,0.6184188411277783
26672,0.659260893314845
9370,0.224778352031598
24126,0.3330602126139754
19862,0.4493886297743603
1011,0.0556535988907097
43615,0.08863817807470901
48709,0.12111853439220134
5364,0.7833102231186184
1506,0.552460187402832
42735,0.18836925921257194
22696,0.21015588890289508
38234,0.6550275221647969
19284,0.1595235093911509
40566,0.23166939787386023
56551,0.04206059078112526
34112,0.2556830118912559
49080,0.08935249380226058
24936,0.5484894323290894
33543,0.06059078112525736
7408,0.22610193705617884
17014,0.2093995546031346
14861,0.2845497709987814
3087,0.383251397117526
78996,0.0823143829572671
30341,0.3391739148703727
32487,0.5095592251775285
59396,0.3268204546409513
10247,0.04325812008907937
60361,0.03872011429051641
65283,0.09313416530106307
78895,0.2563553090465986
17749,0.19341148787764192
40712,0.05361569813857725
57115,0.4967540652968612
58621,0.07552838354552713
56796,0.2521954703979159
31829,0.17897810832387917
21149,0.19107945712004706
71533,0.28656666246480944
8390,0.37583511912265216
37740,0.6183032900542039
20100,0.03708138997436867
28185,0.07752426572545064
40383,0.6051724862389176
59999,0.5483213580402538
23089,0.06271271902180764
23660,0.4879826883482499
50527,0.22236228412958528
31148,0.11538299928568428
50776,0.5024370771881171
50389,0.6106349006260767
21537,0.6991260136980545
22103,0.6756586411193748
78614,0.20372704735493088
35163,0.4900626076725913
61341,0.11069792848439008
24884,0.20692045884280852
5770,0.051304676667086845
20548,0.07599058783982521
18947,0.9155111559309215
49058,0.8764864069918904
22069,0.8989768477667127
26256,0.9034308164208581
40541,0.9167612084541368
6614,0.895867473423253
52238,0.2724904407748225
66490,0.18586915416614144
8084,0.0677549476868776
501,0.07435186352367747
2336,0.09416362032018151
70473,0.9034308164208581
66488,0.9003634606496073
16653,0.08418420942056389
519,0.9167612084541368
32152,0.895867473423253
7160,0.9057523425354006
68213,0.9177381402579939
53969,0.9167612084541368
6361,0.728454977099878
26584,0.9003634606496073
56142,0.6398798268834825
31281,0.7478675574603976
6655,0.9207004495987227
50090,0.8062733728307911
45453,0.5164712803058952
17374,0.2384133787133913
59614,0.6637253666120425
57278,0.22719441993361067
59479,0.9040085717887306
4966,0.7549266775914955
37118,0.940018488171772
10047,0.8978633556031766
52272,0.9177381402579939
11227,0.17109962603470733
64058,0.8922223622841295
70054,0.5355056935165343
6219,0.9167612084541368
25237,0.914439682339594
71234,0.9034308164208581
55500,0.914439682339594
71015,0.6287238959620152
52197,0.41131980335308205
27567,0.9167612084541368
79228,0.7260809277700743
15635,0.26877179713433336
62899,0.0526912895499811
74052,0.8803311063490064
42279,0.914439682339594
1770,0.9003634606496073
26284,0.9177381402579939
36477,0.8961090802134545
51941,0.905353166099416
32747,0.9210155888902894
55832,0.9073805622084962
77606,0.9003634606496073
23815,0.8989768477667127
52715,0.03848901214336737
49283,0.9216668767595277
27836,0.6280936173788815
61065,0.896550275221648
21303,0.9167612084541368
31424,0.8989768477667127
75763,0.731438295726711
21967,0.9167612084541368
9816,0.20299172234127483
13787,0.9034308164208581
34594,0.3602462288331442
60522,0.9073805622084962
36673,0.6933064414471196
71642,0.9003634606496073
15649,0.9210155888902894
65697,0.9579814277910836
56791,0.9155111559309215
29179,0.3478717593176184
22062,0.9167612084541368
22151,0.9167612084541368
65229,0.6443968233959411
69546,0.39844111097104923
79159,0.4654607336442707
34985,0.8961090802134543
39098,0.7523845539728561
28369,0.9073805622084962
63970,0.32217740241186604
75363,0.9166771713097188
33167,0.19061725282574896
69729,0.894764485902769
27372,0.9167612084541368
29975,0.1312870288667591
20456,0.5769360057145259
72641,0.9083995125845624
10307,0.9003634606496073
12944,0.7759149544098491
24724,0.9167612084541368
14878,0.9063511071893777
58261,0.616013277868818
69045,0.04962393377873019
71286,0.8989768477667127
77049,0.9155111559309215
46340,0.6790201268960881
27800,0.8970439934451027
58529,0.9063511071893777
64601,0.4687381822765662
49528,0.2344006050674398
75352,0.9140089919744527
48198,0.9245346443127862
20427,0.914439682339594
65500,0.8961090802134545
35086,0.8966027984369092
57880,0.9216668767595277
32781,0.895867473423253
9908,0.5552964410269339
48416,0.9155111559309215
367,0.08681037018362116
56960,0.9167612084541368
18911,0.39310475230051684
8670,0.26896088070927354
52358,0.9073805622084962
51043,0.8013151813101391
63784,0.8973486280936175
64176,0.055968738182276566
62073,0.9585066599436951
38735,0.925627127190218
23058,0.8998277238539435
61249,0.895867473423253
20999,0.30816420858019244
45898,0.0708223034581285
23534,0.9177381402579939
73751,0.8932308080171435
2666,0.9155111559309215
62462,0.9140089919744527
6034,0.9085675868733981
16926,0.3321147947392748
63546,0.5454010672717341
53975,0.6666876759527711
24231,0.1287238959620152
31254,0.9189671834951048
30695,0.5608639018446153
49607,0.09033993024917014
39727,0.39451237446951554
65701,0.8989768477667127
61197,0.08290264296819194
55893,0.41421908483549724
76569,0.051157611664355646
8304,0.9155111559309215
46628,0.8983150552544225
64166,0.8978633556031766
67295,0.9167612084541368
71464,0.9026429681919409
57444,0.8970439934451027
74411,0.9073805622084962
77873,0.023467372578679774
16121,0.9124332955166183
10664,0.8989768477667127
43725,0.1196899029370982
58178,0.43640489096180507
4788,0.2856422538762133
59052,0.9073805622084962
26926,0.40306315391402997
68109,0.9190722299256272
4475,0.9167612084541368
8262,0.9003634606496073
43492,0.05825875036766251
12280,0.8978633556031766
61275,0.9155111559309215
41535,0.43785453170301275
33702,0.9003739652926593
4356,0.08204126223790915
75163,0.914439682339594
28888,0.783751418126812
54958,0.914439682339594
46430,0.660763057271314
24284,0.6200890793730829
77471,0.8961090802134543
43153,0.7434345980923568
52093,0.8432917349468466
77258,0.7333921593344259
77165,0.8902895079625194
16239,0.9073805622084962
74362,0.4586327156603218
15555,0.9073805622084962
11067,0.9034308164208581
8263,0.08706248161687465
66341,0.9167612084541368
21860,0.750640783226186
27281,0.438232698852893
22381,0.8970439934451027
6473,0.7715240136140173
75029,0.9742321105928821
52332,0.9167612084541368
17337,0.9155111559309215
12908,0.9021177360393294
52500,0.9605655699819321
57073,0.9003634606496073
5001,0.7601474851884533
69387,0.019958821799235263
74262,0.5090760115971259
42501,0.7621118534392202
27274,0.9140510105466616
26863,0.9014139249548302
45960,0.19215093071137446
77503,0.1997983108533972
14991,0.9132526576746921
9040,0.8989768477667127
35179,0.4961553006428841
16209,0.06040169755031724
75505,0.05454010672717341
11171,0.8978633556031766
65383,0.9219294928358335
17459,0.5130467666708686
28843,0.896550275221648
50925,0.7307239799991595
62198,0.8989768477667127
59332,0.9034308164208581
54338,0.9177381402579939
8367,0.6636833480398335
44159,0.7102189167612085
25910,0.9139879826883482
75567,0.46182612714819954
3937,0.3461910164292618
10177,0.9216668767595277
8044,0.5882810202109332
55492,0.9011933274507332
49457,0.8965712845077524
12704,0.8978633556031766
70578,0.07069624774150174
61744,0.894764485902769
40534,0.914439682339594
45589,0.303374091348376
76995,0.5312828270095382
33960,0.8386696920038657
58195,0.8961090802134543
59185,0.020589100382369007
40659,0.8808563385016178
28571,0.8936299844531282
52159,0.914439682339594
43774,0.7971133240892474
17336,0.16006975082986682
32077,0.5283415269549141
48403,0.8970439934451027
45077,0.914439682339594
33237,0.8961090802134545
13013,0.2030547501995882
43189,0.6078826841463927
26559,0.914439682339594
22484,0.3167780158830203
15847,0.8989768477667127
4258,0.16784318668851636
29313,0.9177381402579939
49770,0.9073805622084962
5055,0.8995125845623765
22290,0.886423799319299
14282,0.11952182864826254
77991,0.9073805622084962
19645,0.7601474851884533
18372,0.7600319341148788
32549,0.6876339341989159
77917,0.3619899995798142
8759,0.6753014832555989
56417,0.10580276482205135
23708,0.06607420479852096
23396,0.10155888902895079
75880,0.9800621874868692
58466,0.26175469557544434
8700,0.6041010126475902
72918,0.9809130635740998
29534,0.5747930585318711
38287,0.38699105004411954
44362,0.27675532585402746
3527,0.6362662296735156
79244,0.7044833816546913
10028,0.5777553678725996
17246,0.3354762805159881
14619,0.2159124332955166
77262,0.048006218748686914
42003,0.5859699987394428
10783,0.22925332997184755
58327,0.4002058910038237
17168,0.21385352325727972
2597,0.9873734190512207
20873,0.3300558847010379
34811,0.9809130635740998
77913,0.6375477961258876
8725,0.3954157737720072
52186,0.44915752762721123
33369,0.6021051304676667
58210,0.21139543678305808
56579,0.04926677591495441
7505,0.34541367284339675
10427,0.17733938400773142
67213,0.4176646077566284
56334,0.3936089751670238
20450,0.07218790705491827
14320,0.6853019034413211
10385,0.09796630110508846
185,0.10111769402075717
4353,0.3319677297365436
78200,0.6995461994201437
23529,0.732761880751292
22449,0.3220933652674482
46862,0.13733770326484304
68874,0.793562754737594
24195,0.8851422328669272
15155,0.31757636875498974
5841,0.7813983780831126
6564,0.9800621874868692
77619,0.3421572334972058
76206,0.6694609017185597
36154,0.020526072524055635
76683,0.12937518383125343
76932,0.607987730576915
60063,0.18240262195890586
23439,0.8788604563216943
58601,0.9800621874868692
14709,0.6565612000504223
5386,0.4345140552124039
10833,0.1140173956888945
61725,0.6797344426236397
62002,0.8839657128450775
63428,0.7223412748434809
38786,0.3913189629816379
20944,0.7002395058615908
18670,0.6965208622211017
41299,0.08023446363292575
6474,0.5289928148241523
25913,0.9816799025169125
13691,0.714462792554309
66009,0.051913945964116144
4682,0.769402075717467
60263,0.6352998025127107
45679,0.6430732383713601
34890,0.7427202823648053
77627,0.1481154670364301
68241,0.38373461069792847
10120,0.3836715828396151
20512,0.3216311609731501
44589,0.2567965040547922
1529,0.7029076851968571
15820,0.25772091264338837
24957,0.7078028488591958
3774,0.5179839489054162
29697,0.3906676751123997
35659,0.21240388251607212
38136,0.36848186898609187
37623,0.36888104542207656
59920,0.05073742594226648
14736,0.005882600109248288
66814,0.076851968570108
67189,0.09244085885961595
12938,0.11393335854447666
60858,0.0835749401235346
62104,0.10573973696373797
31140,0.7520694146812891
27327,0.1524853985461574
33953,0.19273919072229925
73193,0.7049035673767806
3007,0.01640825244758183
53150,0.8283436278835246
6567,0.46754065296861214
43875,0.007731417286440606
73081,0.1515189713853523
11481,0.6781797554519097
74310,0.455565359889071
3045,0.106979284843901
65962,0.49976889785285095
14752,0.1726333039203328
51164,0.24543048027228034
14179,0.22030337409134837
21653,0.3464851464347241
29955,0.2914408168410438
38131,0.6985167444010253
5317,0.4647043993445103
44105,0.47180553804781716
53517,0.02861464767427203
69578,0.05743938820958864
35195,0.4245136350266818
16491,0.2100508424723728
68929,0.10718937770494559
4112,0.1434514055212404
31669,0.256649439052061
69150,0.8283436278835246
60559,0.04086306147317114
4800,0.49489474347661666
30277,0.174293037522585
43889,0.1434514055212404
36680,0.6700911803016933
78808,0.6658683137946972
78197,0.14145552334131686
74532,0.7667338963822009
9880,0.11634942644648937
68850,0.6531156771292911
78716,0.5398756250262616
40431,0.1414345140552124
32647,0.04823732089583596
9306,0.5941216017479726
53178,0.7050086138073027
45987,0.12681205092650952
58814,0.7817135173746795
27570,0.47420059666372544
1437,0.15303163998487332
16313,0.42119416782217733
30499,0.345560737846128
23454,0.1434514055212404
17660,0.14008991974452709
32807,0.08226185974200596
49863,0.031240808437329296
56378,0.03336274633387957
9902,0.6092062691709735
51285,0.2188747426362452
35887,0.20240346233035003
36623,0.6795453590486996
26039,0.6782217740241187
78398,0.6444598512542544
27485,0.08281860582377411
64772,0.058762973234169506
28893,0.7391066851548386
18067,0.5230051682843817
26297,0.19725618723475777
20552,0.07828060002521114
41599,0.0829551661834531
4133,0.03640909281902601
55920,0.23257279717635196
60973,0.7041262237909156
63911,0.6981805958233539
5316,0.21900079835287198
54611,0.2984369091138283
12421,0.7745913693852683
32665,0.6340077314172864
45490,0.3745535526702803
77573,0.5554435060296652
23564,0.03126181772343376
59887,0.4944955670406319
46026,0.42911466868355813
39239,0.6340077314172864
77102,0.057019202487499476
15783,0.5098953737551998
26220,0.2670070171015589
18180,0.08226185974200596
6835,0.09775620824404387
71256,0.0829551661834531
30717,0.13922853901424428
17442,0.24633387957477204
40456,0.8292155132568596
7700,0.700890793730829
30474,0.08386907012899701
26544,0.3565696037648641
35320,0.20402117736039327
4523,0.588365057355351
60136,0.061073994705659905
16830,0.769990335728392
34170,0.3089205428799529
58066,0.13174923316105722
53953,0.6530526492709777
66894,0.36619185680070593
21008,0.025673347619647884
50647,0.219736123366528
10468,0.5583007689398715
69494,0.6119269717215009
51313,0.8282490860960544
24997,0.7118996596495651
16247,0.4760914324131266
16669,0.1312870288667591
32420,0.46701542081600067
33767,0.4723097609143241
35651,0.5550653388797849
63868,0.7394428337325097
70733,0.6680742888356654
65268,0.7158914240094122
56307,0.9504601033656876
67130,0.460565569981932
40130,0.6067902012689609
7170,0.25482163116097317
63767,0.321946300264717
28411,0.5737846127988572
17385,0.6083238791545863
29946,0.46539770578595735
27822,0.3585864952308921
37050,0.0022900121853859402
78075,0.4828774318248666
49455,0.8490062607672592
19492,0.7068154124122863
23915,0.4508067565864112
23425,0.3233119038615068
9749,0.3819173074498929
27968,0.7950544140510104
52814,0.7609983612756839
17810,0.37921761418547
41121,0.8453506449850834
2380,0.17074246817093156
40169,0.1244590108828102
17546,0.38371360141182403
112,0.4861338711710576
62997,0.9229589478549519
24727,0.6104668263372411
67787,0.44491365183411063
66756,0.613029959241985
9389,0.6269170973570318
28894,0.6378629354174544
7394,0.35180049581915207
34143,0.5904659859657969
39243,0.08962561452161855
71413,0.6195428379343669
56333,0.06342703474935922
5703,0.7529728139837809
23405,0.19074330854237576
27384,0.4795579646203622
65908,0.15572082860624395
56106,0.48491533257699904
47420,0.6666456573805623
4943,0.025400226900289924
6260,0.383755619984033
56752,0.3819173074498929
69971,0.5998781461405942
50698,0.30820622715240137
5943,0.9536325055674609
39245,0.18057481406781797
29655,0.3431026513719064
74650,0.3215471238287323
59487,0.31322744653136686
17033,0.45300222698432707
69602,0.4767847388545737
52928,0.7314803142989201
47388,0.6726333039203327
55373,0.004811126517920921
10432,0.43495525022059756
60302,0.37503676625068283
23796,0.17523845539728558
3685,0.958548678515904
59785,0.7131602168158326
32295,0.46163704357325935
35250,0.4657128450775243
50255,0.11643346359090719
18243,0.949976889785285
35417,0.3042354720786588
7533,0.48491533257699904
15235,0.43308542375730075
23704,0.27814193873692167
51409,0.46306567502836254
34371,0.4280642043783352
48470,0.6115382999285685
14373,0.6816252783730409
52628,0.35533005588470107
72478,0.745325433841758
15330,0.47701584100172284
69489,0.3579352073616538
9462,0.36144375814109836
73766,0.5970208832303879
9841,0.08363796798184797
7465,0.5300012605571663
56956,0.8724946426320433
22206,0.5456321694188832
52453,0.6422538762132862
35140,0.07220891634102274
71637,0.9498508340686583
21160,0.956531787049876
15931,0.7460397495693095
44846,0.5466196058657927
34593,0.21969410479431908
62986,0.4508067565864112
62799,0.5842892558510862
19797,0.015000630278583135
3852,0.7303878314214883
64890,0.49321400058826
28515,0.2690239085675869
16747,0.9465208622211018
77994,0.6791671918988192
30983,0.7726795243497625
22427,0.2868397831841674
26733,0.7307029707130551
43201,0.3614857767133073
60841,0.48491533257699904
43086,0.8588386066641456
36376,0.07798647001974873
15590,0.40566830539098286
64410,0.7720492457666288
74909,0.16933484600193285
38922,0.8042564813647631
1321,0.5085927980167234
78343,0.463590907180974
43337,0.5894995588049917
54533,0.8153073658557083
55333,0.7539182318584814
40079,0.25984285053993866
18331,0.9465208622211018
68564,0.5508844909449977
49608,0.9033572839194924
8487,0.18002857262910207
66088,0.03949745787638136
20861,0.7383503508550779
62295,0.5583007689398715
54487,0.9320979873103911
35572,0.3927686037228455
17431,0.9226543132064373
52222,0.483948905416194
95,0.9298289844111097
24010,0.9205218706668347
68065,0.5329635698978948
33683,0.9226543132064373
67259,0.8129648304550611
77803,0.6875288877683937
45057,0.29852094625824616
35381,0.9712172780368924
14394,0.2507248203706038
595,0.9226543132064373
10634,0.9257111643346358
76757,0.9329593680406739
40642,0.9720996680532795
39980,0.9226543132064373
66747,0.9712172780368924
70436,0.3573889659229379
45102,0.4794319089037355
72376,0.8129648304550611
59020,0.8092146728854154
19164,0.9234631707214588
62245,0.9022332871129038
70038,0.9712803058952056
42890,0.5192234967855792
4902,0.9033993024917013
18384,0.5168494474557754
41522,0.9130950880289088
21530,0.7855792260178999
21953,0.9226543132064373
38350,0.9226543132064373
40879,0.8997016681373168
64335,0.08065464935501492
73828,0.14864069918904155
31510,0.9257111643346358
69930,0.9313626622967351
51844,0.36371276104037986
44346,0.8882305979242826
76549,0.507521324425396
17311,0.9751145006092693
28751,0.9226543132064373
53244,0.31763939661330304
45512,0.9343564855666204
43099,0.38520526072524053
14003,0.9243980839531073
30400,0.8913399722677423
55044,0.49766796924240514
42801,0.9022332871129038
67053,0.9712172780368924
13622,0.9226543132064373
17717,0.6327366696079667
41993,0.8986722131181982
5150,0.9338312534140091
15116,0.8139417622589185
43291,0.5448968444052271
19073,0.3873271986217908
212,0.930984495146855
77468,0.821946300264717
74653,0.9809025589310476
38806,0.5353376192276986
41292,0.9712172780368924
13066,0.8977898231018111
62970,0.4902096726753225
20240,0.9257111643346358
45074,0.9328333123240471
44859,0.9278646161603429
16008,0.9286314551031555
59226,0.9343564855666204
59233,0.42199252069414683
24893,0.5034665322072356
59268,0.9329593680406739
68718,0.9745892684566578
27427,0.9130950880289088
74550,0.890226480104206
70493,0.9243980839531073
44110,0.9343564855666204
78340,0.8845959914282112
8251,0.40652968612126555
5363,0.2148829782763982
62498,0.4188621370645826
66862,0.8826211185343921
6386,0.9306483465691836
68532,0.9745892684566578
15170,0.8818017563763183
73466,0.9380751292071096
76751,0.8089625614521618
33845,0.8977898231018111
13247,0.9286524643892601
18319,0.5439514265305264
76652,0.9234631707214588
28306,0.9006996092272784
29033,0.16076305727131393
77396,0.8421782427833101
77521,0.9343564855666204
72588,0.7407874280431951
66405,0.45686793562754735
77768,0.9278646161603429
54463,0.8064309424765747
988,0.46306567502836254
56968,0.34276650279423504
18410,0.1887684356485567
25177,0.8157065422916929
63124,0.5126055716626748
21696,0.30751292071095426
36896,0.8019874784654818
77358,0.9226543132064373
40450,0.9061830329005421
9281,0.9343564855666204
32310,0.9061935375435942
30633,0.4218244464053112
65159,0.8977898231018111
2929,0.9120551283667382
30413,0.9712172780368924
30359,0.8099499978990714
1909,0.3240472288751628
30933,0.6159712592966091
58575,0.9732971973612337
20530,0.876423379133577
61332,0.4600823564015295
34362,0.7521534518257069
4384,0.9045232992982899
17085,0.36476322534560274
7444,0.5003991764359847
55598,0.38438589856716665
70390,0.9006996092272784
11886,0.8209168452455985
47346,0.9316147737299887
64007,0.7465439724358166
14307,0.6280305895205681
61340,0.529854195554435
26999,0.9025379217614186
52269,0.9191142484978361
53495,0.4034833396361191
79326,0.9226543132064373
52237,0.7419009202067314
58800,0.9226543132064373
67980,0.9329593680406739
21659,0.9226543132064373
48172,0.4858397411655952
72345,0.3837556199840329
70273,0.9329593680406739
37815,0.5257363754779613
37691,0.9033993024917013
37356,0.7029917223412748
42865,0.9380751292071096
43635,0.9006996092272784
39493,0.9226543132064373
8699,0.4691163494264465
19360,0.8064309424765747
17409,0.2842136224211101
35576,0.7657044413630825
30417,0.9062670700449599
20725,0.29087356611622334
12271,0.9006996092272784
8497,0.9289465943947225
34470,0.592125719568049
46534,0.8129648304550611
18478,0.5685953191310559
78364,0.8113366107819656
31787,0.6628639858817598
37851,0.9712172780368924
512,0.9320979873103911
71690,0.8357914198075549
70864,0.9006996092272784
3334,0.9281062229505442
67801,0.9400815160300854
24790,0.9243980839531073
56587,0.9033993024917013
25445,0.9078007479305853
39619,0.9185995209882769
51501,0.9006050674398084
54813,0.9226543132064373
4545,0.4350813059372242
57521,0.531177780579016
43611,0.5065443926215387
59146,0.4160679020126896
6941,0.9006996092272784
74282,0.8997016681373168
7223,0.8977898231018111
62152,0.9293562754737593
59548,0.7624059834446825
65286,0.9062670700449599
51543,0.9747258288163367
21882,0.6298794066977605
65842,0.3997646959956301
78956,0.8649943274927518
65297,0.5048741543762343
5379,0.9357956216647758
15583,0.6639564687591916
8574,0.09660069750829868
25512,0.9062670700449599
8368,0.9710702130341611
28433,0.9317408294466154
24941,0.8962141266439767
66199,0.9316147737299887
50514,0.9078007479305853
35765,0.4077062061431153
28982,0.9271292911466867
66064,0.9357325938064625
8632,0.4693894701458044
28703,0.23005168284381697
49582,0.9351863523677465
24065,0.9712172780368924
53534,0.9257111643346358
34765,0.7538972225723769
29012,0.8977898231018111
54034,0.9343564855666204
37551,0.5188873482079078
34053,0.3176604058994075
17611,0.9234631707214588
35573,0.31835371234085463
67687,0.46575486364973323
55343,0.32623219463002645
73703,0.7228665069960923
54236,0.9338312534140091
904,0.9022332871129038
41092,0.5650867683516114
49151,0.8995966217067943
62060,0.554519097441069
63177,0.7334341779066347
15415,0.38682297575528385
49238,0.10605487625530485
77940,0.5974620782385814
18643,0.5066599436951132
35848,0.38757931005504437
6390,0.9329593680406739
24551,0.9063406025463255
52169,0.12779948737341906
75266,0.6945249800411782
37757,0.31621076515819996
50806,0.9022332871129038
1533,0.8265683432076978
35060,0.9243980839531073
15658,0.9006996092272784
9450,0.5977351989579394
23022,0.9049539896634312
41231,0.3142779108365898
41402,0.5534266145636371
24576,0.9712172780368924
48240,0.9717845287617126
67798,0.5915164502710198
18367,0.9130950880289088
42638,0.7218160426908694
3686,0.8008739863019455
42186,0.9018761292491281
11203,0.9022332871129038
13422,0.4982982478255389
56079,0.9278646161603429
47959,0.3422202613555192
27300,0.5065443926215387
11565,0.9308584394302283
33522,0.9262784150594562
31645,0.11939577293163578
40752,0.9257111643346358
76809,0.9006996092272784
71061,0.15639312576158662
53295,0.8977898231018111
74261,0.5421446279255431
70559,0.4562586663305181
19728,0.9006996092272784
41577,0.7308080171435775
34838,0.9062670700449599
30195,0.5112399680658851
73196,0.9018761292491281
59697,0.9226543132064373
60896,0.9018761292491281
25655,0.9243980839531073
63909,0.11063490062607673
11342,0.8977898231018111
2176,0.8939241144585907
8817,0.3862767343165679
37852,0.4562586663305181
61178,0.459830244968276
53258,0.8977898231018111
40800,0.9308584394302283
13112,0.9226543132064373
14426,0.8977898231018111
15066,0.5571872767763352
67092,0.8129648304550611
63166,0.9262784150594562
4522,0.8776419177276357
6403,0.8435858649523089
68830,0.7177192319005
40226,0.8129333165259044
77047,0.27757468801210133
66636,0.9243980839531073
9665,0.9320979873103911
21,0.9033993024917013
50236,0.9308584394302283
76801,0.09788226396067061
6451,0.9986028824740535
63180,0.9643052229085255
47253,0.2188327240640363
11749,0.509811336610782
37997,0.8483969914702297
4921,0.8455397285600235
69933,0.9654397243581663
54211,0.9993907307029707
8164,0.810527753266944
38177,0.8546997773015672
58250,0.571757216689777
73356,0.08554981301735369
14256,0.06687255767049036
77109,0.9755662002605151
12700,0.7597798226816254
74022,0.7600529434009832
57291,0.9981616874658599
10909,0.4486322954745998
47311,0.69717215009034
45539,0.737026765830497
19524,0.6706584310265137
62015,0.9981616874658599
24584,0.02229085255683012
20440,0.7575948569267617
14643,0.7346001932854321
33551,0.46125887642337915
21135,0.27564183369049117
17198,0.4770368502878272
46222,0.8378503298457919
19709,0.7332450943316946
7884,0.3914660279843691
62445,0.030379427707046516
22632,0.4321820244548091
50076,0.9747258288163368
27618,0.16952392957687298
3108,0.9115824194293878
7926,0.3233959410059246
62671,0.6875078784822891
57229,0.9986554056893145
75655,0.5501911845035506
62399,0.3340266397747804
77603,0.1782637925963276
26270,0.899806714567839
56007,0.3367158283961511
35593,0.8561284087566706
51604,0.9643052229085255
55823,0.9755662002605151
30803,0.5360939535274591
27076,0.8140047901172318
66837,0.07183074919114248
50022,0.49434850203790076
57397,0.9981616874658599
73653,0.8386486827177612
35343,0.7718391529055842
55014,0.02056809109626455
51783,0.9981616874658599
74922,0.9017920921047103
48023,0.6754275389722256
60068,0.387106601117694
9598,0.9645573343417791
59263,0.030379427707046516
9712,0.4910290348333963
52434,0.13748476826757428
47456,0.2551577797386445
60946,0.9645573343417791
39777,0.43379973948485234
51535,0.9726143955628389
36726,0.7332450943316946
78487,0.6558468843228707
6821,0.9643052229085255
41849,0.9643052229085255
66601,0.8417790663473256
39424,0.4089457540232783
62932,0.5470187823017773
14508,0.6788940711794612
62806,0.5897306609521409
20374,0.34171603848901216
58028,0.030379427707046516
3693,0.9995693096348585
76980,0.9379805874196393
1601,0.7346001932854321
76641,0.8015672927433926
43155,0.6025883440480692
7815,0.03037942770704652
49350,0.029349972687928064
39009,0.6310139081474012
6735,0.06301735367032228
4289,0.7332450943316946
22581,0.9981616874658599
24515,0.3704987604521199
26876,0.034224127064162356
53620,0.40453380394134203
58335,0.0925669145762427
58583,0.6788940711794612
45207,0.4637589814698097
56879,0.6505105256523384
5632,0.2762721122736249
72099,0.6824656498172192
76857,0.387106601117694
23799,0.09882768183537123
32522,0.0308416320013446
31567,0.38831463506870034
73355,0.6999453758561285
58514,0.33421572334972055
70692,0.9726143955628389
1111,0.9276335140131938
46699,0.9645573343417791
47775,0.06301735367032228
8383,0.5724610277742762
62867,0.7488549939073069
58705,0.8278709189461742
30009,0.8994180427749066
45267,0.9719946216227573
68216,0.3208538173872852
23635,0.9643052229085255
56691,0.3297827639816799
46063,0.7603890919786546
63304,0.9995377957057019
79163,0.9743476616664566
76386,0.9723727887726374
50660,0.4789907138955418
27913,0.3600781545443086
42757,0.9645573343417791
47942,0.3557712508928947
26009,0.9643052229085255
59578,0.9981616874658599
63131,0.4207319635278793
70873,0.7438337745283414
184,0.30673557712508925
9512,0.6766250682801799
35935,0.6444178326820454
21312,0.8429765956552796
64510,0.7521744611118114
73962,0.27631413084583384
72253,0.764443884196815
34724,0.9986974242615236
74253,0.2861884953149292
41722,0.5600865582587504
36856,0.30509685280894155
56442,0.153703937140216
28256,0.9718265473339215
55716,0.42087902853061054
23505,0.2850750031513929
76203,0.9986028824740535
534,0.9238728518004958
56145,0.5385730492877853
3831,0.19467204504390942
37194,0.9645573343417791
37404,0.8017773856044371
22526,0.15261145426278414
12986,0.7524055632589605
72279,0.32390016387243165
63968,0.9726143955628389
67753,0.5465985965796881
26174,0.7521744611118114
46667,0.3229967645699399
74976,0.6985587629732342
52045,0.6146896928442371
52130,0.24856086390184462
78897,0.4050590360939535
25531,0.9755662002605151
3993,0.7016261187444851
24668,0.6754275389722256
46304,0.9986028824740535
71172,0.9227068364216984
59740,0.09330223958989874
17951,0.7219631076936005
38219,0.09576032606412034
37283,0.5661792512290432
59403,0.33179965544770784
57027,0.706248161687466
54914,0.9393041724442203
15730,0.2503256439346191
28107,0.10046640615151897
34313,0.237299886549855
15669,0.3920332787091894
3882,0.017878902474893904
10797,0.6781272322366485
10992,0.5197277196520863
62684,0.7322366485986805
27477,0.8367158283961511
22560,0.8720954661960586
25728,0.814424975839321
21972,0.9995693096348585
26045,0.15605697718391529
59619,0.648661708475146
9322,0.6788940711794612
4643,0.631371066011177
6321,0.6914471196268751
3056,0.9981616874658599
48876,0.9643052229085255
12319,0.9726143955628389
67577,0.9690113029959241
27294,0.9986028824740535
3600,0.6754275389722256
22287,0.7335182150510525
25742,0.8790705491827389
32684,0.3977267952434976
74094,0.571757216689777
34556,0.9645573343417791
39434,0.12498424303542166
17746,0.9986028824740535
3308,0.9807029707130551
26540,0.6788310433211479
7283,0.6790411361821924
30162,0.07048615488045716
76507,0.3980629438211689
38399,0.3569897894869533
34073,0.2935837640236985
36808,0.3107273414849363
62652,0.09363838816757007
69789,0.2549686961637043
52749,0.3803941342073196
60747,0.34140089919744526
12645,0.3423463170721459
55413,0.27999075591411404
2408,0.6894617420900038
75269,0.46838102441279045
18729,0.5236564561536198
35845,0.009097020883230387
26884,0.6075885541409304
52183,0.37871339131896303
61609,0.5680910962645489
18511,0.30501281566452376
40664,0.7411655951930753
28563,0.24215303163998483
78533,0.3007899491575276
56681,0.31152569435690575
11096,0.29375183831253415
41206,0.7061851338291524
59315,0.5859699987394429
51870,0.45178368839026845
32926,0.017962939619311735
4077,0.32274465313668643
3578,0.2618807512920711
68240,0.4084835497289802
55009,0.30755493928316313
9336,0.13332492961889156
71479,0.5300642884154797
6115,0.3968023866549015
48600,0.6855540148745746
33940,0.3029959241984958
57296,0.7701584100172276
20774,0.7369217193999748
29165,0.4160679020126896
9860,0.3740283205176688
52166,0.5961805117862095
50659,0.4366990209672675
78410,0.802365645615362
67708,0.571074414891382
74593,0.652422370687844
18954,0.7147779318458758
56290,0.7196941047943192
3207,0.8025337199041976
65489,0.4408378503298458
5631,0.584373292995504
67751,0.6654481280726081
32736,0.3126601958065465
32146,0.2780999201647128
58361,0.27774276230093703
57034,0.1847766712887096
4113,0.5846254044287575
22456,0.20687844027059962
43320,0.29177696541871506
78674,0.1957225093491323
73743,0.5281944619521828
25875,0.24429597882263962
45135,0.05380478171351738
67266,0.3843438799949577
57206,0.7813983780831127
22219,0.19091138283121137
69671,0.7492961889155006
51944,0.23223664859868062
48587,0.41583679986554056
16773,0.5042018572208916
36127,0.26742720282364807
38670,0.16284297659565528
34095,0.26089331484516154
55047,0.4705239715954452
27216,0.3900163872431615
50803,0.2268792806420438
27258,0.26835161141224423
4960,0.4755872095466196
17224,0.5375225849825623
34190,0.2633514013193831
9967,0.011324005210302954
15625,0.4824572461027774
39310,0.5265137190638262
33710,0.786083448884407
6642,0.30539098281440397
44437,0.1847346527165007
76288,0.5747300306735578
10003,0.0842892558510862
9766,0.2733308122190008
63789,0.03819488213790496
16443,0.18721374847682673
67757,0.10227320475650237
23398,0.1743350560947939
53840,0.8040253792176143
2697,0.2894659439472247
28794,0.5255262826169166
25108,0.27894029160889117
8499,0.8110844993487122
48658,0.4640110929030632
24768,0.31030715576284723
39880,0.725786797764612
43723,0.36106559099121815
48567,0.32089583595949406
5029,0.3170091180301693
10746,0.13880835329215513
55179,0.2235598134375394
43316,0.8232698852892978
43202,0.9388209588638178
49987,0.32278667170889536
40179,0.9136518341106769
54796,0.30566410353376194
32287,0.3343627883524518
26466,0.13338795747720492
52149,0.63261061389134
24366,0.39408168410437416
15676,0.38915500651287865
38503,0.693642590024791
41278,0.7542123618639439
44154,0.6689776881381571
58474,0.31530736585570823
12021,0.24341358880625238
20097,0.18778099920164712
69296,0.19105844783394263
3903,0.9349237362914408
9237,0.3293835875456952
37323,0.31053825790999623
44041,0.3938820958863818
22941,0.24362368166729695
69567,0.20505063237951174
59818,0.07989831505525442
19756,0.32358502458086474
16205,0.7336652800537836
23302,0.477162906004454
55984,0.45478801630320603
23902,0.5709273498886508
57955,0.8477877221732005
11468,0.4588848270935754
49957,0.06578007479305852
28549,0.332492961889155
43382,0.8845119542837935
26864,0.9421509307113745
72005,0.8930312197991513
26438,0.07702004285894365
11641,0.7099878146140594
66085,0.7386864994327492
29377,0.7215009033993026
75816,0.48531450901298373
51143,0.3877263750577756
11953,0.3753624101853019
69112,0.3830833228286903
16576,0.41530106306987685
79323,0.3768435648556662
67157,0.9421509307113745
29237,0.09748308752468592
29203,0.6832219841169797
22254,0.6423169040715996
16821,0.4828144039665532
5009,0.2785411151729064
4298,0.39408168410437416
45415,0.26641875709063406
76467,0.6679062145468296
33896,0.16357830160931133
35549,0.3914135047691079
1800,0.5497604941384092
59242,0.026303626202781632
56161,0.819971427370898
2388,0.045106937266271685
63141,0.3768435648556662
73011,0.12504727089373502
31501,0.2992352619857977
6067,0.34058153703937144
3513,0.4813017353670322
23385,0.06424639690743308
38699,0.8426824656498172
40325,0.7962309340728603
19015,0.18815916635152738
45345,0.1520862221101727
38527,0.2597798226816253
20673,0.3702571536619186
78427,0.049749989495356944
75969,0.584142190848355
57789,0.4868902054708181
26914,0.42350518929366787
2264,0.24585066599436953
7803,0.36888104542207656
3146,0.41530106306987685
3261,0.7103869910500441
42177,0.7715660321862264
27386,0.5547081810160092
17230,0.5624185890163452
67311,0.07166267490230682
31950,0.8878104122021934
68110,0.5778814235892265
50011,0.3702571536619186
22503,0.3702571536619186
53234,0.3023446363292575
1512,0.04712382873229968
31696,0.7346317072145888
66481,0.07388965922937939
48787,0.34728349930669355
37957,0.5497604941384092
69174,0.44218244464053114
13118,0.3223454767007017
15377,0.06156771292911467
78367,0.24072440018488173
13699,0.6674860288247405
49626,0.5631118954577924
12804,0.3768435648556662
58585,0.3702571536619186
46492,0.4108155804865751
41784,0.5754443464011093
71401,0.31986638094037567
77595,0.2566074204798521
48898,0.28858355393083746
51004,0.7334551871927392
39926,0.2920710954241775
47932,0.4115088869280222
14040,0.14988024706920458
50834,0.36482625320391615
50605,0.33366948191100465
39537,0.3753624101853019
59454,0.24803563174923315
48738,0.19063826211185345
36720,0.19444094289676037
72226,0.34314466994411524
27495,0.08897432665238035
11149,0.4473297197361234
67609,0.3348039833606454
29673,0.4514265305264927
21785,0.5748981049623935
49452,0.6940417664607756
17235,0.1058237741081558
20011,0.3938820958863818
2247,0.06156771292911467
13393,0.9412790453380394
16221,0.4091663515273751
55536,0.3938820958863818
53271,0.5983864868271775
25802,0.42407244001848815
1712,0.29726038909197866
66253,0.3458548678515904
66906,0.1796083869070129
37870,0.7872389596201521
66941,0.12040421866464977
35866,0.39982772385394344
4330,0.6818563805201899
7868,0.9342514391360982
71124,0.12805159880667258
42341,0.6786209504601034
18681,0.7987100298331863
21231,0.6197949493676206
3658,0.6944199336106559
61051,0.9805559057103239
51106,0.27704945585948987
47941,0.516555317450313
24242,0.18248665910332365
24409,0.2880373124921215
54092,0.0034455229211311396
21033,0.4834656918357914
8982,0.05338459599142822
5970,0.17513340896676333
48156,0.014853565275851929
67778,0.29305853187108705
28089,0.5375435942686667
36552,0.6216647758309173
38401,0.652695491407202
72232,0.49882347997815035
3393,0.7857683095928399
46127,0.8926215387201143
73233,0.4750199588217992
71714,0.980377326778436
17078,0.3342787512080339
24681,0.3602462288331443
60665,0.7752006386822976
18676,0.2005126265809488
59264,0.10634900626076726
16485,0.37802008487751587
27087,0.5394974578763813
51631,0.0942266481784949
54584,0.40734904827933943
59968,0.5906760788268415
26486,0.7567334761964788
34298,0.5805075843522838
1287,0.43375772091264336
48399,0.980377326778436
15060,0.5312408084373293
70128,0.213958569687802
69534,0.5314719105844784
12455,0.2102399260473129
21700,0.1690512206395227
17216,0.2387075087188537
47476,0.5886381780747091
18228,0.12170679440312619
57436,0.9813542585822934
22565,0.24431698810874405
34405,0.5895835959494097
63039,0.4055212403882516
57264,0.3660447917979747
39182,0.07460397495693097
1846,0.36829278541115174
7502,0.2936047733098029
9567,0.41999663851422325
73736,0.353124080843733
61472,0.4662590865162402
75115,0.9810706332198832
5453,0.2786671708895332
705,0.5598974746838102
41458,0.4772049245766629
22445,0.867116265389302
52772,0.3408756670448338
77859,0.5042228665069961
7426,0.30032774486322955
44788,0.5521450481112652
20766,0.22147989411319802
44764,0.9637169628976007
25302,0.4850203790075213
48329,0.17462918610025632
62020,0.3820328585234674
76444,0.5648136476322535
3550,0.6154670364301021
1767,0.980377326778436
72189,0.17238119248707928
79156,0.5456951972771965
30581,0.38417580570612214
42449,0.2519853775368713
21292,0.006596915836799865
52276,0.07456195638472206
13201,0.6804487583511912
15234,0.319467204504391
76383,0.24677507458296566
9644,0.7303458128492794
53791,0.1690512206395227
25836,0.06899449556704063
57390,0.7387915458632716
50908,0.5696667927223832
50808,0.2660826085129628
45611,0.5056304886759948
30485,0.6577587293583763
25186,0.3062313542585823
52475,0.1234505651497962
27098,0.3251817303248035
9666,0.5463674944325392
53014,0.4304592629942435
25588,0.36898609185259884
19337,0.4324971637463759
18473,0.980377326778436
43437,0.7970082776587252
982,0.11332408924744737
36026,0.26822555569561746
62815,0.4424345560737846
52648,0.9788856674650196
5268,0.6300264717004916
62304,0.5257783940501702
25823,0.5656750283625361
47964,0.08098029328963402
17185,0.2777217530148326
64290,0.3239842010168495
31662,0.24906508676835162
9676,0.8573469473507291
75894,0.6387663347199463
52443,0.08266103617799066
15959,0.48277238539434436
22334,0.194609017185596
54644,0.24330854237573007
63854,0.6611517290642465
50669,0.0204420353796378
51223,0.07770284465733855
37823,0.07770284465733855
13567,0.2868818017563763
35201,0.08098029328963402
71792,0.08460439514265305
32500,0.0925669145762427
17904,0.5874826673389638
74295,0.7924702718601622
69614,0.8699945375856127
5286,0.852619857977226
77111,0.5329005420395815
6585,0.5963485860750453
35986,0.8437119206689356
2025,0.17641497541913523
23697,0.8531976133450986
7189,0.07770284465733855
62908,0.3627883524517837
66333,0.47451573595529223
21798,0.7276986428001176
69583,0.5994789697046095
67925,0.06527585192655154
27686,0.8628303710239926
15390,0.5991953443421992
16259,0.8459809235682171
42083,0.02319425185932182
52254,0.5644144711962688
76204,0.2586033026597756
73182,0.20687844027059957
60612,0.6414345140552125
27,0.6260347073406446
38534,0.5723349720576495
43816,0.8540589940753813
19484,0.4371822345476701
17178,0.6884532963569897
45292,0.07770284465733855
10249,0.44165721248791967
38840,0.7192108912139167
5701,0.6607000294130007
72710,0.059225177528467586
13537,0.5529013824110257
71631,0.7217109962603471
52799,0.6970040758015043
40729,0.5991953443421992
22839,0.7446531366864154
37887,0.8595109038194882
18616,0.08266103617799066
22389,0.38543636287238964
17975,0.07770284465733855
15829,0.809109626454893
75174,0.07770284465733855
77849,0.08266103617799066
46902,0.021818143619479813
45811,0.17546955754443463
45892,0.5963485860750453
1083,0.0904029581074835
20759,0.08449934871213076
30184,0.3919492415647716
35990,0.025610319761334512
52834,0.742068994495567
18688,0.8540589940753813
47951,0.48046136392285393
19931,0.6054035883860667
60670,0.8631455103155594
10597,0.08460439514265305
52880,0.23524097651161813
12788,0.19343249716374636
69186,0.2220051262658095
35482,0.5812219000798353
22541,0.4578553720744569
39116,0.8073238371360141
39594,0.8345308626412874
11144,0.8580192445060716
47290,0.8614017395688895
3960,0.6708265053153495
38494,0.6893987142316904
24645,0.058384806084289254
73808,0.08832303878314214
65181,0.23353922433715701
62983,0.8618639438631875
435,0.6611517290642465
78935,0.7790663473255179
25371,0.46390604647254086
51987,0.5415983864868271
2204,0.024496827597798226
68039,0.5791209714693895
30042,0.08266103617799066
48635,0.2463548888608765
78027,0.7130551703853102
40275,0.5895415773772008
33070,0.02037900752132443
38398,0.8449094499768899
27598,0.609594940963906
15175,0.6800916004874155
49896,0.5317240220177318
25711,0.17116265389302074
70319,0.5229211311399639
70455,0.5991953443421992
43176,0.6023362326148157
7241,0.5335308206227153
63333,0.8602252195470398
53390,0.4777301567292744
17317,0.08266103617799066
41151,0.7889617210807177
27273,0.6566452371948401
72852,0.06523383335434262
78350,0.7510399596621706
42478,0.06567502836253623
15946,0.8649312996344385
44298,0.8681457204084205
34137,0.47346527165006935
36973,0.3171141644606916
12211,0.4669103743854784
30807,0.8201184923736292
65366,0.5963485860750453
10713,0.8513172822387495
7067,0.7362284129585276
37831,0.8531976133450986
42214,0.6291650909702089
67472,0.6663515273750998
28583,0.3955208202025295
4900,0.8644585906970882
58283,0.6634732551787891
71478,0.10639102483297617
10663,0.08460439514265305
62907,0.8723475776293123
53144,0.09145342241270642
3448,0.13971175259464685
58123,0.03500147065002731
19406,0.5005252321526115
24912,0.6800916004874155
46765,0.08266103617799066
74234,0.8126601958065466
42724,0.12927013740073112
65284,0.6088701205933021
15403,0.2274255220807597
4596,0.7494642632043362
47837,0.5046220429429807
44853,0.6623807723013572
62814,0.8688390268498677
46282,0.5335728391949242
54500,0.07770284465733855
19363,0.2790663473255179
64038,0.5337619227698643
12195,0.08441531156771293
55686,0.16988108744064875
26715,0.670763477457036
76517,0.2386234715744359
54146,0.5342871549224758
31277,0.5954661960586579
3812,0.7126139753771167
13124,0.6724652296314971
2292,0.4453128282700954
17601,0.5741207613765283
55917,0.06220849615530064
13287,0.2979747048195302
16041,0.21284507752426574
69340,0.4318248665910332
43474,0.5540989117189797
37931,0.036430102105130466
77128,0.5991953443421992
1660,0.8036892306399429
59415,0.6735997310811378
29023,0.6635783016093113
37368,0.8644585906970882
69783,0.22692129921425272
46630,0.6644606916256985
24289,0.21099626034707342
65688,0.8710450018908359
17176,0.8616958695743518
79297,0.693558552880373
11756,0.47705785957393165
58952,0.45554435060296655
38290,0.07770284465733855
39143,0.6716248581873189
65196,0.5401907643178285
78247,0.10956342703474936
9429,0.07770284465733855
46613,0.8443632085381738
23766,0.8091306357409974
27504,0.05947728896172109
32401,0.8654355225009455
77122,0.7034749359216774
20876,0.021818143619479813
33949,0.5938484810286146
16483,0.7909786125467457
2607,0.5975671246691038
6415,0.5710534056052775
7039,0.8582923652254296
6,0.5332576999033574
19548,0.8060842892558511
11664,0.44594310685322913
49614,0.7082230345812848
60956,0.08449934871213076
441,0.5958023446363292
78495,0.5851296272952644
44323,0.534854405647296
67475,0.19105844783394263
9118,0.8507290222278248
18910,0.07770284465733855
4871,0.8464851464347242
6566,0.6095003991764361
27461,0.25774192192949286
7705,0.5912223202655573
69859,0.8896802386654902
77961,0.7773856044371611
46459,0.6891886213706458
27604,0.6447329719736125
24648,0.9062460607588555
78266,0.5212613975377116
29282,0.8372410605487626
7665,0.9055212403882517
9822,0.8606874238413379
33065,0.6476112441699232
72468,0.9084730450859281
6458,0.4157107441489138
42270,0.9065506954073701
75246,0.7248833984621204
27220,0.39087776797344426
12876,0.5809907979326863
8303,0.534980461363923
21331,0.7822597588133956
59800,0.6019580654649355
53901,0.6522542963990084
25466,0.4656077986470019
49980,0.574330854237573
13728,0.5627967561662254
22874,0.29602084121181566
4455,0.6598806672549267
3516,0.6048363376612463
24497,0.043258120089079366
57806,0.7490650867683515
45105,0.9085255683011891
36661,0.15238035211563508
58391,0.9058994075381318
22561,0.636602378251187
62709,0.9764485902769025
60524,0.10332366906172528
26568,0.7921551325685954
9954,0.9084730450859281
56088,0.8742384133787134
28523,0.5616832640026892
17960,0.42894659439472244
55736,0.6069372662716921
24277,0.9062460607588555
50673,0.3364637169628976
79112,0.5198957939409219
1618,0.5325854027480146
14220,0.6415815790579436
12122,0.9017395688894491
72448,0.5418294886339763
9523,0.9695365351485355
63826,0.7842136224211101
73191,0.15960754653556872
37698,0.5610529854195554
17694,0.6339341989159207
41752,0.6579898315055255
72285,0.9323500987436448
63239,0.5173746796083869
42598,0.15983864868271777
65942,0.6168956678852053
16604,0.9800831967729736
4124,0.25908651624017814
46327,0.5424807765032144
67574,0.8556451951762679
24332,0.616328417160385
66559,0.19818059582335393
72020,0.5018908357494013
7435,0.5117231816462877
68338,0.28536913315685536
16651,0.2861884953149292
51799,0.6266439766376739
63798,0.5216395646875919
58014,0.1585570822303458
52980,0.5935753603092566
56133,0.15361989999579814
30625,0.4761334509853355
73303,0.6263078280600025
49108,0.8770536577167108
72748,0.6665826295222489
53818,0.5540989117189797
13306,0.9730660952140847
1264,0.45130047480986596
8540,0.5019328543216101
57066,0.8346989369301231
56625,0.2171099626034707
39387,0.6058027648220513
51994,0.33400563048867604
71740,0.9730660952140847
42629,0.5583637967981848
37306,0.6186604479179797
59333,0.6125467456615824
45907,0.5434051850918106
18395,0.6888314635068701
77592,0.2712508928946595
10846,0.9795579646203622
52670,0.4529181898399092
396,0.5802344636329257
58842,0.4803773267784361
16489,0.05325854027480146
58047,0.913063574099752
47459,0.47712088743224507
54593,0.9084730450859281
70043,0.634396403210219
61456,0.9741585780915165
32100,0.7080339510063448
25169,0.5719778141938737
6859,0.61574015714946
44553,0.6180091600487415
28476,0.5935753603092567
48482,0.5558426824656498
38188,0.7077608302869868
79040,0.5431740829446615
17280,0.4394512374469515
76184,0.5171645867473423
12197,0.9764485902769025
1226,0.5433631665196016
40404,0.8378503298457919
6409,0.5421026093533342
21663,0.41489138199083997
61337,0.28633556031766044
44294,0.8266313710660111
68252,0.8107693600571452
6956,0.6143115256943569
24347,0.9084730450859281
69861,0.1398167990251691
31352,0.6979494936762048
75228,0.888209588638178
4861,0.6478213370309677
59820,0.3228076809949998
72067,0.6251523173242574
22651,0.5326274213202236
31515,0.17862095046010337
16677,0.36772553468633135
52949,0.8990503802680786
15468,0.6527375099794109
57325,0.6848922223622841
9467,0.5931341653010631
14569,0.6455313248455817
65309,0.6374847682675743
60168,0.6481364763225346
20472,0.5592251775284676
28005,0.6271061809319719
54863,0.7292323206857431
43169,0.1481154670364301
55421,0.4909870162611875
17879,0.5134459431068532
54349,0.8519265515357789
78417,0.6324845581747133
14408,0.336022521954704
28070,0.6980125215345182
75407,0.9062460607588555
68172,0.8510861800916004
34228,0.20586999453758562
37117,0.45375856128408754
69136,0.6784528761712677
5968,0.980419345350645
34955,0.8800054624143873
68344,0.3481658893230808
56489,0.5099163830413043
10996,0.9062460607588555
24688,0.6420858019244506
26163,0.5367242321105928
50548,0.3662548846590193
31336,0.6848922223622841
48227,0.9455019118450355
3890,0.3248665910332367
10867,0.5055254422454725
64275,0.6867515441825288
64667,0.6180931971931595
29428,0.914114038404975
59221,0.8368628933988823
11056,0.8207277616706584
5640,0.03609395352745914
65,0.914114038404975
68759,0.21580738686499434
13673,0.8904365729652506
19417,0.1983486701121896
30756,0.38463801000042014
73827,0.8033530820622715
7971,0.45787638136056136
55236,0.6220429429807975
15592,0.9128009580234463
12662,0.9185049792008068
59527,0.7821757216689776
39370,0.5534476238497416
48167,0.0808647422160595
10224,0.234547670070171
54650,0.4008781881591663
63925,0.5413462750535737
22223,0.5610529854195554
17869,0.5626076725912853
55241,0.5584688432287072
74468,0.6767091054245976
51225,0.9150594562796757
70086,0.7399260473129123
52800,0.6430942476574646
54082,0.6264969116349426
16463,0.9138304130425648
10111,0.20623765704441363
45435,0.7143577461237868
40726,0.6879280642043785
16944,0.6859321820244548
75562,0.5010504643052229
61405,0.9189251649228959
72980,0.7020988276818354
48739,0.6256985587629732
9617,0.45392663557292323
55843,0.5649186940627757
39824,0.6384511954283794
8661,0.4956510777763771
65564,0.6355729232320685
10968,0.3613597209966805
17190,0.6912265221227782
43061,0.6164754821631161
10535,0.8712761040379848
48409,0.6655111559309215
42104,0.4866801126097735
27314,0.356884743056431
14240,0.7187907054918274
12878,0.08683137946972562
60253,0.7835623345518719
69163,0.48367578469683603
38060,0.7052817345266608
63173,0.9177486449010462
5303,0.6894827513761083
15798,0.5829026429681919
70647,0.9133682087482667
61087,0.6851758477246942
57428,0.22135383839657127
14777,0.23236270431530737
22788,0.7301252153451826
63529,0.6736417496533468
13687,0.7301252153451826
58793,0.6035337619227699
22464,0.7300937014160258
7751,0.12487919660489938
71240,0.37459557124248916
5350,0.7517542753897223
50638,0.9024328753308962
60798,0.5955712424891803
3455,0.914114038404975
65899,0.15590991218118408
47911,0.6329257531829069
69913,0.711710576074625
13339,0.006701962267322156
42408,0.5056725072482037
11168,0.24694314887180135
15803,0.04155636791461826
57798,0.6364973318206647
36081,0.2155132568595319
72082,0.0250640783226186
21826,0.6966048993655196
20558,0.5247069204588428
39951,0.49291987058279757
21726,0.49430648346569184
52883,0.5318500777343586
9809,0.914114038404975
48930,0.8031009706290181
32323,0.6894827513761083
1129,0.7186436404890961
23,0.2244632127400311
948,0.6135972099668053
33263,0.12223202655573766
36182,0.7690659271397958
50878,0.7938148661708476
20887,0.3588806252363545
3981,0.5538257909996218
42312,0.46867515441825286
15458,0.17280137820916844
55780,0.5522711038278919
44529,0.41959746207823856
31818,0.9133682087482667
5311,0.6139123492583721
50273,0.21364343039623512
2926,0.7685827135593932
7451,0.6199840329425607
33056,0.34888020505063233
40884,0.641466027984369
54480,0.5993529139879826
49617,0.1657422580780705
28606,0.7020988276818354
8051,0.8898483129543259
63764,0.23166939787386023
4370,0.6036598176393966
7249,0.01626118744485062
13190,0.7709357536030925
72044,0.47449472666918774
73768,0.2369637379721837
69612,0.7168368418841128
71953,0.641466027984369
27033,0.19906298583974116
45314,0.12277826799445356
40161,0.49174335056094803
47367,0.733308122190008
66331,0.6894827513761083
11938,0.5081095844363209
27379,0.9195764527921341
18262,0.3092356821715198
43022,0.6256985587629732
16694,0.32230345812849276
15226,0.9174755241816883
73170,0.3538383965712845
54775,0.20623765704441363
49967,0.22284549770998782
27202,0.5558006638934408
77322,0.46293961931173583
72552,0.9138304130425648
7387,0.24427496953653516
74830,0.26204882558090675
60722,0.5209672675322493
18229,0.7457876381360563
78090,0.32009748308752467
74312,0.6023992604731291
42841,0.7284339678137736
24465,0.809193663599311
21410,0.5817471322324467
11574,0.7229610487835624
59120,0.28223874952729106
62078,0.6595025001050464
58746,0.7476574645993529
5272,0.5817471322324467
33044,0.8364111937476365
46903,0.5985125425438044
6612,0.5548132274465313
30544,0.5849405437203244
50809,0.8375561998403294
35844,0.6782427833102233
65843,0.3488381864784235
40668,0.6453632505567461
6830,0.6970040758015043
54851,0.8413378713391318
25921,0.4272238329341569
4177,0.7124459010882811
2854,0.7966931383671584
16109,0.23208958359594942
14036,0.4179377284759864
55905,0.42787512080339507
25157,0.5705071641665617
10347,0.6300264717004916
45651,0.8628723895962015
16353,0.5100004201857221
60315,0.6257405773351822
35569,0.30692466070002944
10237,0.5789108786083449
67552,0.8266943989243245
28671,0.6336820874826673
4315,0.38869280221858066
15052,0.8390688684398504
18007,0.5817471322324467
8077,0.6634312366065801
29584,0.5765158199924366
73741,0.6866254884659019
59720,0.0034245136350266815
10248,0.7358712550947518
28391,0.7229610487835624
46490,0.5649607126349847
57738,0.832261859742006
32789,0.5817051136602378
245,0.3716752804739694
61478,0.09958401613513174
68857,0.36331358460439517
21771,0.34896424219505023
64443,0.08134795579646203
62920,0.5252741711836633
45521,0.8364111937476365
75919,0.6937476364553131
40492,0.265452329929829
34641,0.3899113408126392
68648,0.06901550485314509
21833,0.6259086516240178
38047,0.6192066893566958
2683,0.8265893524938023
27685,0.8401613513172822
66400,0.17288541535358629
60599,0.8396571284507752
33640,0.5835749401235346
9405,0.820664733812345
43833,0.582629522248834
40889,0.4298499936972142
69842,0.7362284129585276
6929,0.7667549056683054
46972,0.39073070297071305
50118,0.4532963569897895
78185,0.6751544182528678
45098,0.86564561536199
2467,0.635320811798815
20601,0.6618555401487458
5376,0.8378503298457919
1440,0.3722215219126854
18096,0.5687423841337872
37011,0.41430312197991515
50065,0.6612462708517165
13223,0.7574267826379261
21174,0.45609059204168245
70304,0.786356569603765
25047,0.8014202277406614
45951,0.10510945838060422
35798,0.0680070591201311
32501,0.7361443758141099
20642,0.5765158199924366
13666,0.6659313416530105
72047,0.48510441615193917
50407,0.37802008487751587
23467,0.1518341106769192
34891,0.2637295684692634
2674,0.21811840833648474
38887,0.043195092230766
19996,0.9664901886633892
8984,0.8533972015630908
70108,0.46980965586789364
56966,0.5725240556325896
23451,0.19931509727299468
47025,0.5434472036640194
65874,0.9638430186142276
53741,0.6869406277574689
73009,0.7984999369721417
20389,0.8951846716248583
1943,0.5320811798815076
67450,0.8951846716248583
69327,0.155951930753393
7772,0.7126559939493257
23402,0.8966343123660657
62234,0.5463044665742257
64559,0.8951846716248583
62874,0.10000420185722088
23646,0.14456489768477668
33903,0.8951846716248583
34610,0.3233749317198202
16418,0.03670322282448842
74174,0.493949325601916
66613,0.09895373755199799
41272,0.32976175469557545
63380,0.5597083911088702
65528,0.9695365351485355
59661,0.1935165343081642
14264,0.9640005882600109
77313,0.36923820328585233
16268,0.3393629984453128
33358,0.5903189209630657
45613,0.3886297743602672
71044,0.3516744401025253
8272,0.5168074288835666
14893,0.9671624858187319
64542,0.8528194461952183
7898,0.2583722005126266
55039,0.025379217614185472
38039,0.6217488129753351
50898,0.41863103491743353
3200,0.7100718517584772
50023,0.7700848775158621
61601,0.9604920374805664
69906,0.5504012773645951
24112,0.7982688348249928
51554,0.7954956090592042
48796,0.5349069288625573
41401,0.9273919072229925
10197,0.35539308374301437
30925,0.2131602168158326
3744,0.3016723391739149
40240,0.547459977309971
24946,0.5506743980839531
4091,0.9671624858187319
27388,0.9671624858187319
61518,0.3703306861632842
55966,0.4372872809781924
11232,0.5604857346947351
43770,0.5585738896592294
59331,0.9735072902222782
998,0.800348754149334
45178,0.04966595235093912
18677,0.9640005882600109
64819,0.9671624858187319
7177,0.47058699945375854
38052,0.6341863103491744
2125,0.2825959073910668
36745,0.5275431740829446
17117,0.8951846716248583
18716,0.31245010294550185
11026,0.058868019664691795
49486,0.32263960670616415
12684,0.8951846716248583
29757,0.8951846716248583
65840,0.10670616412454305
56880,0.9006470860120173
71224,0.7518593218202446
76194,0.8744905248119669
16168,0.5552754317408295
14038,0.2649060884911131
14975,0.09244085885961595
39016,0.42518593218202444
73436,0.8643640489096182
5401,0.8847850750031513
5581,0.8959410059246187
37570,0.8951426530526493
53206,0.5277532669439893
29606,0.8976007395268709
46010,0.4841379889911341
65643,0.9644943064834658
72577,0.24998949535694778
3405,0.8951426530526493
30216,0.5125845623765705
40485,0.9671624858187319
46117,0.006470860120173116
39294,0.6646077566284297
78984,0.3102231186184294
19456,0.5436152779528552
34297,0.27843606874238414
21349,0.5368292785411152
17350,0.7213748476826757
56951,0.901046262448002
69857,0.014055212403882515
9855,0.532417328459179
73628,0.02296314971217278
23438,0.8528194461952183
7759,0.09010882810202109
46,0.5349069288625573
4748,0.7700848775158621
44789,0.07346947350729022
27290,0.8951426530526493
45753,0.676499012563553
1779,0.5346863313584604
54912,0.7729106264969117
51049,0.742615235934283
44113,0.5174587167528047
42817,0.27881423589226434
74142,0.993256019160469
3647,0.4823311903861507
33269,0.3565696037648641
58986,0.18212950123954785
12212,0.12191688726417076
34867,0.05327954956090592
46112,0.10097062901802596
18241,0.5182360603386696
13581,0.766922979957141
16996,0.8888818857935208
76421,0.5020799193243414
10858,0.22643808563385015
54328,0.038047817135173745
78490,0.18105802764822052
44784,0.28585234673725785
69059,0.15588890289507962
9388,0.051808899533593855
42426,0.14111937476364553
60532,0.4186730534896424
24221,0.14340938694903146
18415,0.5509895373755199
65808,0.1412244211941678
57590,0.7172990461784109
36821,0.027900331946720452
34020,0.15307365855708224
16474,0.08674734232530779
3737,0.7764822051346695
63594,0.6064540526912895
640,0.3961510987856633
46816,0.376969620572293
22008,0.7599058783982521
32676,0.08752468591117274
1081,0.4218874742636245
3213,0.2829740745409471
21495,0.021681583259800834
15331,0.18032270263456449
75833,0.4320349594520778
32964,0.539203327870919
57988,0.15786377578889868
5966,0.6060758855414093
8255,0.2627841505945628
66556,0.10775662842976597
4097,0.41468128912979535
7712,0.11399638640279003
32578,0.35377536871297116
52704,0.029097861254674565
26925,0.2502205975040968
9985,0.19498718433547627
7112,0.42155132568595316
29723,0.1382831211395437
15780,0.646686835581327
2396,0.40874616580528594
43924,0.5463044665742257
59301,0.20881129459220973
42193,0.6698390688684398
69306,0.3030799613429136
1781,0.10847094415731755
50279,0.49286734736753646
26015,0.06853229127274255
37191,0.3116097315013236
54419,0.36743140468086893
35448,0.6624227908735661
19057,0.03113576200680701
17906,0.5798773057691499
2632,0.7565023740493299
16739,0.37797806630530695
54183,0.5841632001344594
73155,0.2348628093617379
3592,0.40874616580528594
73281,0.5089289465943947
8585,0.14824152275305685
66423,0.04092608933148452
71382,0.3327870918946174
9417,0.15538468002857264
67593,0.197130131518131
28177,0.01537879742846338
18689,0.6498382284969957
21310,0.43300138661288284
37322,0.7219420984074961
36819,0.1704693474515736
42854,0.11622337072986261
55747,0.09584436320853817
20012,0.14414471196268752
75513,0.046157401571494595
21731,0.2725114500609269
66178,0.1384301861422749
25476,0.5805075843522837
40135,0.556578007479306
4479,0.49286734736753646
4607,0.3406445648976848
4430,0.6182402621958906
28854,0.8878944493466112
37696,0.2274675406529686
21802,0.8878944493466112
27893,0.6868355813269466
16601,0.600739526870877
38623,0.2235598134375394
73339,0.5505693516534308
28232,0.17828480188243204
20606,0.13483759821841254
5507,0.9242090003781671
43263,0.6752804739694946
61769,0.2491911424849784
62949,0.1687045674187991
26899,0.890268498676415
36742,0.9802932896340183
24510,0.9731501323585025
74813,0.1942728686079247
58943,0.028698684818689858
74371,0.9764485902769025
50956,0.5543930417244423
73463,0.15256943569057524
75013,0.056157821757216696
50152,0.5958653724946427
59077,0.9721837051976974
78363,0.6999453758561284
57288,0.9456069582755577
17157,0.9755872095466196
63472,0.9761859742005967
26674,0.2167738140257994
62189,0.49216353628303705
36366,0.982709357536031
47404,0.9780452960208413
65931,0.22332871129039036
14663,0.39591999663851424
43556,0.8938400773141728
37171,0.20702550527333083
21510,0.9731501323585025
45925,0.19049119710912224
5005,0.9387159124332954
51898,0.9721837051976974
8832,0.4297869658389008
16102,0.0052523215261145425
69976,0.5673557712508929
38486,0.9764485902769025
18414,0.9226543132064373
37437,0.9721837051976974
33432,0.9145762426992731
67594,0.980597924282533
48366,0.9387999495777133
71203,0.9721837051976974
64332,0.9780452960208413
70988,0.980597924282533
7254,0.9242090003781671
31741,0.8878524307744023
23947,0.2914618261271482
79051,0.7091684524559856
38279,0.9731501323585025
6561,0.9731501323585025
16879,0.11076095634270348
58216,0.9780452960208413
25323,0.888209588638178
18227,0.9764485902769025
11940,0.9731501323585025
7620,0.8889239043657297
65064,0.2198831883692592
78510,0.9764485902769025
58799,0.9785810328165049
50573,0.9731501323585025
1219,0.4137988991134081
42904,0.3761502584142191
1409,0.34493045926299426
61315,0.1546913735871255
20655,0.6710155888902894
33742,0.23830833228286905
48352,0.6093743434598092
11218,0.9749779402495903
61402,0.48088154964494306
37891,0.07304928778520105
58236,0.9731501323585025
57620,0.9293142569015505
50062,0.9764485902769025
28153,0.890268498676415
77580,0.6759317618387328
46871,0.4543888398672213
5682,0.23870750871885374
37959,0.9783079120971471
3202,0.5439094079583175
50552,0.45913693852682885
31972,0.07622168998697425
4890,0.3397201563090886
54605,0.9721837051976974
33363,0.9797155342661457
65517,0.05823774108155805
37318,0.9785810328165049
32211,0.643430396235136
28716,0.980597924282533
8109,0.5776713307281818
2474,0.23774108155804866
22734,0.8933568637337704
77250,0.994264464893483
11992,0.9731501323585025
31977,0.9731501323585025
1923,0.9805033824950629
32251,0.9721837051976974
17444,0.931257615866213
56314,0.8132484558174714
26919,0.2105340560527753
60156,0.9683390058405816
4842,0.9721837051976974
24282,0.9764485902769025
24856,0.9797155342661457
39029,0.9764485902769025
40911,0.9764485902769025
11786,0.9731501323585025
30384,0.9709861758897432
28001,0.9622253035841842
31511,0.9780452960208413
69209,0.17368376822555567
67613,0.9734757762931215
20515,0.9290201268960881
17602,0.6192487079289046
61190,0.9245976721710996
30615,0.34600193285432157
30922,0.4955040127736459
42001,0.4632967771755116
51544,0.9622147989411319
49432,0.9767427202823648
34723,0.49407538131854284
11219,0.0027522164796840204
30122,0.9731501323585025
1741,0.5609269297029287
63398,0.20154208160006723
52483,0.9731501323585025
76138,0.9802932896340183
57802,0.9764485902769025
77378,0.9721837051976974
20546,0.65801084079163
50127,0.1947770914744317
48229,0.9731501323585025
16448,0.9731501323585025
30483,0.9731501323585025
12461,0.555254422454725
27003,0.4182108491953443
52182,0.9240304214462793
36528,0.27648220513466953
10403,0.8832934156897349
55269,0.9435795621664775
3193,0.49840329425606117
38576,0.6496281356359511
17523,0.9731501323585025
1455,0.003865708643220304
35422,0.08048657506617925
44412,0.9783079120971471
50970,0.890268498676415
69011,0.46228833144249765
8254,0.4483591747552418
76501,0.9683390058405816
3099,0.9242090003781671
5739,0.12758939451237447
63221,0.9749779402495903
62509,0.6556578007479306
25969,0.9780452960208413
70159,0.7321946300264717
66170,0.9764485902769025
31284,0.44690953401403427
40499,0.9783919492415648
37711,0.30822723643850586
44421,0.32167317954535907
56233,0.10538257909996218
52285,0.9764485902769025
68477,0.07481406781797555
71081,0.9764485902769025
27431,0.3281440396655322
68960,0.9731501323585025
33801,0.6362032018152023
77569,0.9731501323585025
14989,0.1419807554939283
12907,0.9731501323585025
62346,0.9435795621664775
69263,0.9802932896340183
55957,0.9731501323585025
63866,0.9764485902769025
44398,0.9797155342661457
78899,0.980597924282533
65773,0.6137442749695365
29542,0.9764485902769025
29521,0.9731501323585025
38256,0.9731501323585025
75597,0.05785957393167781
54381,0.6463716962897602
70838,0.9764485902769025
54262,0.9731501323585025
15862,0.6306147317114165
9746,0.554750199588218
24525,0.2225513677045254
49323,0.360781965628808
62249,0.13418631034917436
2883,0.3781671498802471
19590,0.5866422958947856
72844,0.8085003571578637
72692,0.7999705869994537
2787,0.4780242867347367
50186,0.23427454935081307
46366,0.15368292785411153
47250,0.5734274549350814
17770,0.1040169755031724
16351,0.7666078406655742
55042,0.6587881843774949
75180,0.28270095382158916
9089,0.12021513508970966
19727,0.39495356947770915
71304,0.8456027564183369
17882,0.06571704693474516
69170,0.5226270011345014
73415,0.360781965628808
76408,0.2962309340728602
17132,0.4756922559771419
22107,0.1131139963864028
44990,0.7209336526744822
38750,0.38108744064876676
75840,0.892285390142443
27916,0.017605781755535944
26120,0.13798899113408128
56532,0.10286146476742719
66127,0.8913609815538468
37178,0.10233623261481577
32178,0.8176393966133032
36997,0.3610655909912181
11882,0.22561872347577627
50644,0.07836463716962898
63329,0.8577671330728182
27741,0.7106811210555065
60482,0.3621580738686499
56242,0.8251397117525947
25539,0.25452750115551076
58415,0.2390646665826295
57875,0.08376402369847473
44840,0.3668641539560486
15978,0.05624185890163452
72979,0.20797092314803145
44407,0.0372704735493088
23941,0.8913609815538468
72131,0.19843270725660744
22188,0.8258120089079374
60636,0.715702340434472
31095,0.08702046304466575
48583,0.7730576914996429
9696,0.493949325601916
14640,0.3790705491827388
26599,0.8163893440900879
9983,0.2907895289718055
56355,0.8955208202025294
16877,0.1465397705785957
21684,0.8163893440900879
11518,0.09594940963906047
72783,0.543741333669482
13881,0.8507920500861381
825,0.44867431404680874
62821,0.8244253960250431
45212,0.12983738812555148
17997,0.1256565401907643
1754,0.43358964662380767
74236,0.343039623513593
14326,0.49249968486070844
76831,0.40995419975629227
50604,0.5259254590529014
50666,0.8176393966133032
71392,0.07645279213412327
42486,0.11496281356359511
23581,0.0408840707592756
57866,0.5609899575612421
34513,0.39816799025169125
16255,0.8741753855204001
20562,0.8929471826547335
21247,0.7961048783562336
26399,0.1407412076137653
869,0.25433841758057063
16998,0.18124711122316062
48705,0.09601243749737383
8079,0.10790369343249717
73896,0.897243581663095
78136,0.1112021513508971
28526,0.4979410899617631
70011,0.20702550527333083
63227,0.030484474137568805
7141,0.3767595277112484
48808,0.8913609815538468
57749,0.1040169755031724
13430,0.10174797260389092
51819,0.6926131350056726
36293,0.08374301441237027
42750,0.1040169755031724
25595,0.8176393966133032
47110,0.8425564099331906
25839,0.7150930711374427
5080,0.14899785705281732
55060,0.9016345224589268
35327,0.4318458758771377
75167,0.0740787428043195
62964,0.8169460901718559
29895,0.8929471826547335
67310,0.23830833228286905
54639,0.09113828312113954
19799,0.8926425480062187
78673,0.15443926215387202
8521,0.4182948863397622
41436,0.20530274381276525
23491,0.24553552670280263
34130,0.9401340392453464
73018,0.8127022143787554
20176,0.9370666834740956
15749,0.4669313836715829
7275,0.9641791671918988
46310,0.5880709273498886
2017,0.3449724778352032
67144,0.3500777343585865
36374,0.7341064750619773
49168,0.2803689230639943
17943,0.9641791671918988
42221,0.9385478381444599
31347,0.1472750955922518
63473,0.702445480902559
46212,0.93864237993193
74409,0.668242363124501
32900,0.551262658094878
61162,0.9411529896214127
66034,0.9401340392453464
28191,0.9682024454809026
10529,0.7343795957813354
3665,0.6022942140426069
37595,0.93864237993193
30105,0.8102231186184293
28925,0.081116853649313
62584,0.31423589226438087
72922,0.7305769149964284
46230,0.6661834530862641
59769,0.9382747174251018
9396,0.3407706206143115
28174,0.962036220009244
55477,0.19530232362704317
75900,0.5438673893861087
45216,0.20673137526786842
61743,0.6772133282911046
65364,0.5754443464011093
53951,0.563279969746628
39942,0.20021849657548638
50030,0.9385478381444599
70150,0.05729232320685743
66300,0.9384427917139376
55077,0.4568889449136518
2390,0.5800663893440902
35184,0.4084835497289802
31441,0.31950922307659985
65078,0.4790747510399597
6841,0.2886255725030463
45500,0.27522164796840204
51922,0.4790747510399596
57733,0.6492709777721752
13588,0.6988108744064877
7836,0.3360435312408085
4821,0.4614059414261103
21051,0.6345644774990545
8508,0.6003823690071012
20505,0.1630950880289088
57758,0.962036220009244
6413,0.09204168242363124
48433,0.595655279633598
9760,0.962036220009244
14818,0.5111559309214673
47047,0.6437455355267029
60728,0.36070843312744233
31877,0.24406487667549057
74099,0.965282154712383
25958,0.5564309424765747
49758,0.9664901886633892
16,0.93864237993193
31747,0.3886297743602672
22797,0.15647716290600444
78304,0.818185638052019
52202,0.9672780368923064
56881,0.2919450397075507
3953,0.8555821673179546
65465,0.20834909029791168
42444,0.9211521492499685
58598,0.602115635110719
51031,0.7218790705491828
27957,0.9608807092734989
46948,0.5576284717845287
46997,0.9413945964116138
71255,0.4970586999453759
17534,0.9682024454809026
35286,0.7201142905164083
67665,0.5161561410143283
49855,0.3308122190007983
31146,0.9608807092734989
66259,0.30324803563174924
36356,0.9608807092734989
17334,0.5850245808647422
24475,0.3917601579898315
42198,0.965282154712383
70810,0.7166057397369637
8889,0.09181058027648221
67765,0.9056052775326694
40149,0.14439682339594098
46023,0.6976133450985337
54922,0.31102147149039877
21997,0.14185469977730158
57411,0.9700722719441993
54608,0.9385478381444599
40648,0.9690533215681331
48116,0.69231900500021
49223,0.6730955082146309
47607,0.03529560065548972
36979,0.013172822387495273
49,0.97285600235304
26468,0.6169376864574142
7378,0.6303626202781629
67547,0.44663641329467624
74427,0.6717929324761545
27691,0.6392705575864531
40844,0.14878776419177275
63770,0.752846758267154
30541,0.6097945291818984
67439,0.16513298878104124
78199,0.03754359426866675
24103,0.5638892390436573
16348,0.328732299676457
28768,0.15578385646455736
6048,0.48903315265347286
18997,0.21376948611286192
35726,0.965282154712383
50242,0.9002479095760325
25010,0.5923568217151981
28115,0.7897810832387915
6908,0.9413945964116138
32597,0.1741249632337493
39847,0.012836673809823942
9115,0.602115635110719
945,0.5415143493424094
31482,0.7203033740913484
27400,0.7297575528383545
54934,0.682780789108786
27580,0.5239085675868734
6985,0.23919072229925628
73559,0.26612462708517165
42549,0.6970040758015044
38746,0.9370666834740956
28215,0.7158283961510987
73906,0.93864237993193
78271,0.9672780368923064
58549,0.17733938400773142
65593,0.9641791671918988
50305,0.21252993823269883
34987,0.6663935459473088
37082,0.9215513256859532
22659,0.3088154964494307
42121,0.9886339762174882
57945,0.38869280221858055
10205,0.33114836757846966
10808,0.931404680868944
51627,0.2235177948653305
6766,0.8035841842094206
3189,0.7448632295474599
30437,0.7150720618513383
70048,0.9345350644985083
64797,0.03926635572923232
36395,0.9364994327492752
28784,0.9368881045422076
26927,0.1970881129459221
53224,0.43722425311987895
13734,0.9316357830160932
13966,0.14036304046388506
9798,0.2740136140173957
56272,0.9348186898609185
41553,0.7695911592924073
69943,0.316441867305349
57154,0.5709903777469642
8464,0.2324887600319341
3926,0.9393566956594815
27739,0.9094709861758897
22162,0.7634564477499054
47021,0.3658977267952435
21947,0.014937602420269758
66897,0.012038320937854534
72081,0.1972982058069667
55809,0.23540905080045382
76462,0.7700113450144964
78072,0.03960250430690365
35110,0.9060044539686541
19749,0.6433673683768225
79197,0.9298920122694231
30315,0.5681751334089667
529,0.6029244926257405
2370,0.039507962519433594
12570,0.9407328038993236
44416,0.32406823816126723
57440,0.8101811000462203
35400,0.04172444220345393
31771,0.7790873566116224
78184,0.9359111727383503
61924,0.9364994327492752
33072,0.15082566494390523
49478,0.1570654229169293
65021,0.4290306315391403
30789,0.8402663977478045
4598,0.6737257867977645
21327,0.270221437875541
72701,0.16708685238875584
44309,0.1476112441699231
61345,0.07999285684272449
9471,0.9369826463296776
58542,0.47762511029875204
55693,0.7344006050674398
19172,0.5257363754779613
47672,0.5644144711962688
47148,0.5750871885373335
64974,0.20400016807428886
10653,0.933053909828144
75157,0.6228202865666624
51433,0.2757048615488046
19466,0.9810706332198832
64560,0.47090213874532544
65264,0.8311693768645741
16741,0.5855918315895626
47654,0.9345770830707173
59876,0.3142569015504853
79044,0.9359111727383503
78575,0.270589100382369
18705,0.8226185974200596
2020,0.933053909828144
75905,0.5174797260389092
69622,0.07750325643934619
568,0.40682381612672797
49998,0.5217025925459052
35199,0.5589310475230053
14405,0.7769234001428632
30280,0.780999201647128
51098,0.19420984074961134
62514,0.4790747510399597
33093,0.7428253287953276
56965,0.5431530736585571
74526,0.20874826673389638
25299,0.4072860204210261
54400,0.08040253792176141
54161,0.7428253287953276
55416,0.669292827429724
70286,0.2740136140173957
64266,0.44033362746333876
51459,0.6605949829824782
11279,0.049182738770536576
50909,0.4254590529013824
78101,0.5400857178873062
28134,0.11901760578175553
15910,0.9368881045422076
36052,0.9367305348964242
76719,0.5709273498886508
72558,0.915395604857347
6575,0.9369826463296776
24687,0.933053909828144
2527,0.7428253287953276
63292,0.3639438631875289
28392,0.039507962519433594
31705,0.2712508928946595
40725,0.17219210891213918
69713,0.17391487037270473
37998,0.7415857809151646
32927,0.34570780284885916
48622,0.803878314214883
39471,0.03294256061179041
47446,0.270589100382369
33650,0.07999285684272449
66203,0.9368881045422076
15740,0.6171267700323543
23435,0.933053909828144
74636,0.9371192066893567
6616,0.22914828354132524
37571,0.7616916677171309
41369,0.19381066431362662
1833,0.9364994327492752
69180,0.7448632295474599
31116,0.6222320265557376
11520,0.6516870456741879
56902,0.9334425816210765
67595,0.0563048867599479
56235,0.9420773982100088
36534,0.9368881045422076
56228,0.6879490734904827
74859,0.022458926845665788
73342,0.499264674986344
39108,0.933053909828144
14691,0.00195386360771461
54974,0.7079499138619271
57772,0.3203285852346737
64326,0.9367305348964242
29987,0.7990671876969621
12824,0.5879868902054709
27622,0.08626412874490524
42608,0.9368881045422076
60288,0.7495483003487542
55201,0.0023740493298037733
23017,0.7446111181142064
54597,0.2114584646413715
69548,0.761376528425564
46540,0.7448632295474599
47843,0.0304844741375688
25363,0.7725534686331358
7550,0.7462498424303542
52803,0.40827345686793565
44654,0.9043657296525064
18933,0.15740157149460063
78779,0.5403798478927686
66179,0.9348186898609185
17102,0.05657800747930585
69358,0.3678305811168537
73501,0.2791083658977268
51551,0.14931299634438422
20449,0.10504643052229085
4782,0.768435648556662
36492,0.30646245640573133
61688,0.33142148829782764
19740,0.07733518215051054
33290,0.2818185638052019
4031,0.933053909828144
49924,0.7973444262363966
79006,0.46180511786209505
10061,0.335980503382495
36777,0.9680238665490147
30014,0.4712803058952057
45705,0.10579226017899912
42018,0.3499096600697508
78310,0.6881801756376319
49818,0.5946678431866884
17257,0.11351317282238749
6337,0.9749989495356948
39427,0.7502521114332534
75490,0.3452666078406656
307,0.11397537711668558
50063,0.0594142611034077
57347,0.9680238665490147
76364,0.13956468759191565
54334,0.7458086474221606
1925,0.16677171309718897
20103,0.12286230513887136
54069,0.36709525610319765
60523,0.7502521114332534
24017,0.027438127652422373
27921,0.5355477120887433
7208,0.6251102987520484
20755,0.32081179881507627
48582,0.3495945207781839
63689,0.1765620404218665
42146,0.6718979789066767
22321,0.13361905962435397
261,0.10134879616790621
53807,0.2465649817219211
59005,0.9757132652632463
28491,0.09380646245640574
16364,0.08582293373671163
25773,0.6887894449346611
66628,0.9751670238245306
52577,0.20189923946384303
55153,0.8021975713265265
78466,0.7650321442077398
72049,0.7079499138619271
40936,0.2663767385184252
25475,0.9686961637043573
13464,0.7426992730787009
49685,0.11945880078994915
4677,0.12063532081179883
2922,0.108491953443422
35578,0.8522837093995546
15420,0.12229505441405102
38248,0.2698642800117652
60818,0.21452582041262236
78248,0.35778814235892265
50871,0.10134879616790621
63147,0.10151687045674189
28769,0.6855330055884701
2460,0.7941720240346234
10548,0.5244758183116938
11159,0.7384764065717047
9916,0.7708096978864658
72530,0.21822345476700702
36283,0.7221942098407497
5488,0.6875498970544981
62602,0.5517458716752804
3339,0.10781965628807932
4301,0.5513256859531913
27585,0.6990419765536368
17777,0.3697634354384638
55774,0.7371738308332283
78238,0.49386528845749816
3842,0.24383377452834154
7471,0.21528215471238288
3692,0.9684965754863649
65079,0.646644817009118
15291,0.9735598134375394
4396,0.10239926047312913
52056,0.5905080045380058
34608,0.6693978738602463
78663,0.1901760578175554
19395,0.10134879616790621
56239,0.9684965754863649
3340,0.42894659439472244
5213,0.6579898315055255
70539,0.628072608092777
247,0.8595109038194882
77432,0.8050968528089415
18041,0.1562040421866465
5446,0.8580087398630195
52801,0.11496281356359511
76662,0.4946426320433632
2000,0.8580087398630195
53062,0.6861842934577084
59031,0.9601243749737384
36650,0.6716458674734233
71324,0.41327366696079665
14435,0.974179587377621
48479,0.10536156981385773
47004,0.62097146938947
62614,0.3828312113954368
50071,0.7033908987772596
70102,0.7548636497331821
27899,0.013845119542837936
38516,0.5329425606117905
22489,0.9606496071263498
54741,0.27194419933610653
25199,0.020463044665742256
51560,0.4024118660447918
78176,0.0473129123072398
3466,0.7377620908441531
43666,0.8853733350140761
69495,0.10372284549770999
28181,0.7029707130551704
444,0.8199714273708979
53366,0.9680238665490147
72021,0.5964746417916719
33594,0.10579226017899912
64815,0.29114668683558137
7395,0.13212740031093742
55666,0.6881801756376319
12205,0.08931047523005169
62822,0.20694146812891298
63117,0.9684965754863649
25977,0.3421152149249968
46799,0.05418294886339762
73216,0.5135930081095844
17676,0.840749611328207
32176,0.3564225387621329
10530,0.631875288877684
16192,0.9694104794319088
54699,0.6624438001596706
2461,0.9735598134375394
74423,0.13580402537921762
21257,0.45852766922979954
68603,0.8909302911887055
40751,0.003046346485146435
33388,0.39228539014244296
45762,0.1521282406823816
20294,0.5933442581621077
29159,0.1931173578721795
48488,0.29627295264506914
18908,0.80768099499979
49087,0.4131476112441699
49856,0.9758183116937685
71831,0.22704735493087944
21557,0.9351863523677465
67471,0.46472540863061473
58151,0.3761712677003235
4695,0.2417328459178957
69357,0.23118618429345772
38295,0.26879280642043785
57184,0.257657884785075
8273,0.26066221269801254
27279,0.33637967981847977
36008,0.4892432455145174
25038,0.2821337030967687
53814,0.9758183116937685
73228,0.16355729232320687
36535,0.9773519895793941
66352,0.6066011176940207
66698,0.2715030043279129
43272,0.01611412244211942
53282,0.7622168998697424
1050,0.7147989411319804
57820,0.9759023488381865
1886,0.9737488970124796
30165,0.4273919072229926
46106,0.7199882347997816
45321,0.36022521954703984
49324,0.7266481784948947
35080,0.053867809571830745
909,0.9758183116937685
18678,0.016282196730955083
3536,0.5461363922853901
64237,0.4556073784612799
7274,0.17290642463969075
44349,0.9225807807050717
33526,0.3035001470650027
6554,0.6572755157779738
20506,0.49092398840287405
66484,0.1836211605529644
50439,0.6622126980125215
56382,0.9757342745493508
1702,0.41514349342409346
55032,0.21070213034161098
2244,0.813416530106307
31458,0.9758183116937685
57,0.460292449262574
66267,0.34240934493045927
33747,0.8585234673725787
16980,0.020841211815622502
56388,0.010840791629900417
29783,0.4196184713643431
74415,0.016240178158746166
22579,0.020988276818353715
31127,0.5224589268456659
18782,0.31587461658052857
4961,0.3355813269465104
64187,0.3354132526576747
17862,0.6058447833942603
37133,0.12761040379847893
69668,0.24343459809235682
3217,0.17511239968065884
62158,0.9758183116937685
70336,0.07283919492415647
38502,0.5905080045380058
32471,0.9352703895121645
29765,0.2556830118912559
31689,0.06491869406277574
56852,0.980461363922854
49649,0.6869616370435733
52806,0.015336778856254465
23247,0.36106559099121815
56441,0.5223748897012479
79004,0.8650993739232741
20940,0.49434850203790076
1615,0.9737488970124796
16293,0.18868439850413884
75017,0.9311945880078994
61837,0.7515862011008867
6765,0.9246607000294129
59317,0.17504937182234548
27468,0.00962225303584184
2367,0.17368376822555567
62224,0.12746333879574773
14236,0.5126475902348838
74469,0.33213580402537923
58500,0.3866338921803438
74685,0.7570696247741502
53939,0.24973738392369427
65409,0.442728686079247
39843,0.6760578175553595
40309,0.1645447287701164
3680,0.10057145258204125
57004,0.1791041640405059
17998,0.302365645615362
53215,0.7143157275515778
19324,0.317177192319005
64524,0.16452371948401193
28416,0.03285852346737258
57561,0.4005000210092861
9863,0.3075969578553721
22486,0.20885331316441866
55548,0.3911929072650111
45668,0.8733140047901172
5609,0.4047228875162822
29204,0.6800705912013111
76252,0.36602378251187023
54031,0.4589478549518888
36573,0.3506239757973024
57924,0.3931467708727257
35691,0.6442077398210008
56816,0.30255472919030213
55031,0.5783016093113156
64649,0.20771881171477793
67697,0.464095130047481
62041,0.4487163326190176
78221,0.5292029076851968
78462,0.8116517500735325
4831,0.5841632001344594
41724,0.11023572419009202
70378,0.3694272868607924
7146,0.22360183200974829
15026,0.16658262952224884
57989,0.35299802512710615
598,0.42174040926089335
38058,0.21589142400941216
2341,0.44258162107651583
25766,0.2330980293289634
68450,0.2985629648304551
60696,0.14769528131434095
27454,0.5540779024328754
36304,0.4059624353964452
70737,0.3120089079373083
9395,0.5489936551955964
58807,0.02695491407201983
62637,0.21248791966048994
69945,0.43978738602462286
77874,0.29036934324971636
55097,0.06416235976301525
64034,0.1363292575318291
7905,0.3451195428379344
72133,0.46056556998193204
75983,0.2452834152695491
44733,0.47359132736669607
50356,0.3808143199294088
39808,0.05649397033488802
6022,0.38260010924828775
76164,0.16748602882474053
40077,0.3458548678515904
51084,0.7285600235304003
55787,0.26173368628933985
77837,0.6667507038110845
1670,0.2078868860036136
12942,0.32698852892978697
56407,0.49779402495903186
33530,0.6697760410101264
8177,0.4507752426572545
42256,0.6310559267196101
72280,0.49203748056641033
47397,0.8052229085255682
55897,0.7265641413504769
7920,0.42285390142442963
42924,0.3573889659229379
34365,0.1732425732173621
51929,0.12418589016345223
63583,0.7588554140930291
4862,0.3940501701752175
75312,0.1831379469725619
10986,0.19011302995924198
46054,0.3296356989789487
43148,0.36127568385226266
11806,0.6469809655867893
41038,0.6553216521702593
59259,0.5449178536913316
9650,0.6695029202907685
22100,0.6260767259128536
16260,0.1754485482583302
18171,0.4449976889785285
64386,0.4270557586453212
8121,0.4169292827429724
64076,0.5317450313038363
75569,0.04256481364763225
15009,0.16320013445943105
74508,0.4677297365435522
9416,0.36793562754737597
71767,0.22816084709441575
32748,0.1782007647380142
49696,0.1266649859237783
25144,0.4228959199966385
8799,0.49367620488255803
11742,0.5382999285684272
76788,0.4099541997562923
15620,0.36444808605403595
25817,0.7862305138871383
41336,0.6320853817387285
18362,0.003466532207235598
43564,0.47789823101810996
78015,0.5990587839825203
16207,0.3345938904996008
47038,0.04937182234547669
10337,0.8076599857136855
30553,0.14668683558132695
53610,0.24767847388545738
34929,0.10311357620068069
24205,0.2527837304088407
33759,0.7420479852094625
2655,0.20988276818353713
55599,0.6674019916803227
43247,0.18996596495651077
21819,0.5712214798941132
66674,0.21458884827093574
12975,0.5376276314130846
65356,0.6581789150804656
11597,0.08832303878314214
66047,0.10426908693642589
63395,0.4263624522038741
10130,0.09466784318668851
57501,0.3334383797638556
77067,0.18189839909239883
78003,0.5476280515988067
47701,0.2804529602084121
37390,0.19893693012311442
30667,0.3696373797218371
558,0.7999915962855582
62510,0.4129165090970209
21447,0.979778562124459
18014,0.3487121307617967
59100,0.3668431446699441
30227,0.5244968275977983
33911,0.25322492541703434
63576,0.01123996806588512
7433,0.8786713727467541
11921,0.4031892096306568
71271,0.9781503424513636
9229,0.33814445985125424
24241,0.44127904533803947
37925,0.07244001848817178
14457,0.04712382873229968
6930,0.39787386024622884
33299,0.2431404680868944
9618,0.2809151645027102
42596,0.6020841211815623
1920,0.24654397243581663
45593,0.19786545653178703
74706,0.4994327492751796
74318,0.036262027816294805
73512,0.2797176351947561
72278,0.3346359090718098
31913,0.24637589814698094
49397,0.3394470355897306
1950,0.2062691709735703
76879,0.5638472204714483
44135,0.1857851170217236
43373,0.9568889449136518
2366,0.44630026471700496
11699,0.5068280179839489
50392,0.2235177948653305
22726,0.3013782091684525
27453,0.18049077692340013
62752,0.9838333543426193
33616,0.31543342157233495
67914,0.08552880373124921
15142,0.3383335434261944
24279,0.3621580738686499
14552,0.9458170511366024
67440,0.9884659019286525
22598,0.04991806378419261
26326,0.979778562124459
49117,0.42701374007311227
47043,0.3326400268918862
72024,0.19977730156729276
72987,0.979778562124459
3061,0.025904449766796924
70686,0.5247699483171562
58446,0.30289087776797347
48283,0.32371108029749146
66119,0.3517794865330475
21072,0.5429849993697214
70431,0.9884659019286525
72483,0.434934240934493
53032,0.08313374511534098
34949,0.5642043783352242
59406,0.3383335434261943
40392,0.5794571200470607
21102,0.17469221395856968
26998,0.7414597251985379
49714,0.3644690953401403
52588,0.37432245052313123
20230,0.07781839573091305
19155,0.048615488045716214
48349,0.26366654061095
16066,0.34955250220597506
62072,0.08678936089751671
63088,0.09353334173704779
6164,0.5696667927223832
9472,0.8683768225555696
26784,0.3351191226522123
16570,0.468360015126686
3811,0.7956216647758309
18741,0.5937014160258834
43626,0.5075633429976049
1653,0.34222026135551914
66952,0.7097146938947013
17199,0.08174713223244674
69854,0.39035253582083285
49005,0.6361821925290979
48693,0.3573049287785201
10356,0.4688852472792974
41012,0.004622042942980797
71205,0.4635488886087651
64362,0.34642211857641075
48044,0.06819614269507122
73674,0.5808857515021639
15022,0.5648556662044624
42245,0.2907475103995966
40439,0.6263708559183159
21184,0.6558048657506618
74515,0.3500777343585865
69536,0.3358334383797638
6631,0.08181016009076013
52105,0.5074582965670826
74690,0.26221689986974245
62029,0.03981259716794824
6806,0.14254800621874866
13471,0.8991344174124963
51358,0.1779696625908652
50709,0.7427833102231186
37086,0.9226017899911761
71399,0.668557502416068
62143,0.4903567376780537
74073,0.16931383671582842
63043,0.8338585654859448
13770,0.31228202865666627
45531,0.09725198537753688
10524,0.0421446279255431
55249,0.9152065212824069
15296,0.4429807975125006
78038,0.643892600529434
64687,0.3629354174545149
76345,0.4437791503844699
29251,0.6848607084331274
45381,0.3452666078406656
45988,0.21948401193327452
56628,0.9152065212824069
2553,0.163473255178789
39744,0.6679272238329341
57804,0.2745283415269549
25715,0.21885373335014077
15933,0.9152065212824069
34434,0.6607840665574184
25103,0.9125278373040885
49955,0.07630572713139207
53768,0.46770872725744783
40732,0.8825160721038698
9033,0.04346821295012395
34580,0.03836295642674062
20928,0.826988528929787
27210,0.8704987604521198
33371,0.0387201142905164
12301,0.5790579436110761
68796,0.9152065212824069
69759,0.7415017437707466
48792,0.15727551577797386
21425,0.9152065212824069
10361,0.674797260389092
33587,0.03634606496071263
31404,0.8871591243329552
19660,0.45728812134963653
26910,0.47245682591705535
50913,0.19242405143073238
17183,0.4208580192445061
73351,0.9183053909828144
17301,0.898062943821169
3440,0.8298037732677844
75807,0.2371318122610194
16428,0.6681163074078743
46625,0.7859573931677802
46024,0.826988528929787
15251,0.4860078154544308
65251,0.8276713307281818
66096,0.9152065212824069
73354,0.705617883104332
34876,0.31091642505987643
43372,0.331988739022648
3810,0.9056893146770872
32357,0.2402411866044792
38312,0.3909828144039666
33643,0.48960040337829325
63823,0.3633766124627085
1627,0.5623975797302407
32876,0.36352367746543973
61921,0.5904239673935879
46009,0.20444136308248248
63590,0.36354468675154417
48128,0.47930585318710867
15958,0.3686079247027186
76450,0.9152065212824069
58716,0.7058910038236901
29411,0.3276188075129207
50132,0.27099878146140594
44611,0.8897642758099079
48218,0.039917643598470526
69073,0.8276713307281818
15702,0.1654061095003992
17564,0.8895962015210723
66555,0.08699945375856129
52108,0.2753897222572377
22186,0.20042858943653094
74599,0.8334803983360645
67937,0.6690197067103659
39714,0.3785032984579184
4647,0.9125278373040885
63351,0.9177066263288375
44292,0.03296356989789487
26652,0.0387201142905164
33718,0.917601579898315
29073,0.826988528929787
66447,0.2320475650237405
5675,0.08567586873398042
55895,0.1421278204966595
21989,0.896004033782932
30867,0.7237068784402707
15004,0.03914030001260557
11420,0.5825454851044162
32275,0.37362914408168413
46666,0.03905626286818774
46623,0.0387201142905164
12240,0.932917349468465
62599,0.9183053909828144
16706,0.45485104416151945
73225,0.9235892264380857
32010,0.9736963737972184
40986,0.2594226648178495
44499,0.8355813269465103
75661,0.9713958569687802
38429,0.4635698978948695
75566,0.7621118534392202
12810,0.42050086138073023
4360,0.6321904281692508
76729,0.7629312155972939
63366,0.7976385562418589
33827,0.625047270893735
69386,0.9622568175133409
59255,0.9129165090970209
1817,0.22450523131224
14498,0.9204588428085213
31970,0.5307575948569268
77114,0.7650531534938443
18106,0.14721206773393838
78571,0.33217782259758816
27196,0.9779402495903189
50887,0.5841842094205639
5240,0.9332009748308753
40160,0.9650720618513383
62797,0.9605970839110887
46360,0.9818269675196437
41723,0.9794529181898399
49263,0.47957897390646664
25231,0.3086894407328039
43715,0.761187444850624
44160,0.3258750367662507
36846,0.7635194756082188
71483,0.9084625404428758
27302,0.09193663599310896
39329,0.973444262363965
24029,0.61729484432119
12522,0.9653241732845919
54216,0.9751460145384261
59623,0.25154418252867766
75702,0.9374553552670281
22076,0.3996176309928989
68148,0.9751460145384261
65170,0.9650720618513383
60163,0.11603428715492248
62905,0.949787806210345
29803,0.9388629774360268
36924,0.5185091810580276
45441,0.973444262363965
60078,0.9754821631160974
61711,0.6587671750913904
27677,0.8690071011387034
76176,0.9710912223202656
5704,0.9442833732509769
61902,0.973444262363965
60563,0.9802092524896003
78994,0.7530463464851463
50946,0.9401865624606076
21301,0.9751460145384261
78942,0.93360015126686
61033,0.9808710450018907
70598,0.797050296230934
4792,0.9736963737972184
320,0.3512752636665406
38380,0.9802092524896003
10568,0.9736963737972184
5914,0.9265305264927098
72863,0.25269969326442293
54767,0.1658473045085928
7233,0.5056514979620993
54646,0.4155636791461826
64913,0.9713958569687802
25793,0.9736963737972184
51365,0.2635404848943233
9005,0.9388629774360268
32600,0.8374511534098071
56732,0.9808710450018907
73108,0.21274003109374343
5807,0.8555191394596412
67397,0.9388629774360268
52329,0.7548636497331821
27426,0.9751460145384261
41367,0.5209252489600403
65425,0.9320139501659733
70821,0.9754821631160974
69903,0.5082146308668433
23881,0.5520610109668472
73967,0.27877221732005547
65050,0.6030505483423673
62108,0.9672675322492542
69001,0.5684272448422203
76994,0.9751460145384261
79158,0.18530190344132105
30869,0.272973654355225
40643,0.9751460145384261
38894,0.7910626496911636
50431,0.15250640783226185
7044,0.3717172990461784
34294,0.9754821631160974
53584,0.9622568175133409
23260,0.6288919702508508
43979,0.5073112315643514
27269,0.4532543384175806
30917,0.8557712508928946
6058,0.38369259212571954
45703,0.9765956552796337
22073,0.687318794907349
65588,0.33644270767679313
13783,0.8575570402117737
69135,0.17996554477078872
10538,0.9736963737972184
44046,0.14838858775578803
10511,0.46913735871255097
28209,0.9754821631160974
67966,0.46712046724652295
10221,0.9751460145384261
3933,0.9327492751796295
13455,0.9736963737972184
3824,0.20608008739863018
38109,0.9754821631160974
23447,0.9288205386780958
56975,0.9618681457204085
71241,0.09811336610781966
7972,0.43770746670028154
60423,0.9376654481280727
62696,0.41665616202361444
27371,0.1580528593638388
3870,0.053825790999621835
55782,0.9827408714651876
78548,0.33577041052145046
26520,0.16757006596915835
47969,0.48737341905122067
10316,0.973444262363965
35362,0.9818269675196437
31324,0.27034749359216775
53679,0.3286902811042481
59946,0.8578406655741837
62649,0.9567418799109206
8485,0.9751460145384261
43953,0.3028488591957645
6051,0.19002899281482413
40935,0.9378125131308037
46105,0.9211731585360731
55829,0.3561494180427749
62980,0.9751460145384261
62472,0.3281440396655322
55280,0.4550401277364595
9706,0.07399470565990167
10266,0.38163368208748266
76622,0.984957351149208
62086,0.9494516576326738
59941,0.26652380352115634
49726,0.8582923652254296
10565,0.45443085843943026
3599,0.713958569687802
45972,0.9618786503634608
22064,0.9808710450018907
49221,0.9582125299382328
50346,0.806315391403
65351,0.13277868818017566
68536,0.9376654481280727
4747,0.18067986049834026
76236,0.9393566956594815
49715,0.5352745913693853
41301,0.9736963737972184
71620,0.6863943863187529
31128,0.9736963737972184
79020,0.39394512374469515
58269,0.9736963737972184
50950,0.671351737467961
60125,0.933232488760032
3018,0.9052271103827891
49411,0.9736963737972184
16361,0.9751460145384261
31111,0.8916551115593091
62113,0.9765011134921635
78884,0.91498592377831
6488,0.9736963737972184
57601,0.973444262363965
45211,0.8565485944787596
63870,0.9736963737972184
79052,0.7837093995546032
70345,0.29736543552250094
56893,0.9376654481280727
2420,0.14216983906886846
20044,0.9751460145384261
67022,0.32402621958905836
79134,0.9444199336106559
23053,0.10206311189545779
17060,0.2987100298331863
21519,0.9808710450018907
32845,0.9736963737972184
60205,0.741837892348418
16925,0.9754821631160974
59695,0.19402075717467118
35815,0.8580822723643852
2037,0.35864952308920545
3066,0.5407580150426489
30049,0.9754821631160974
55262,0.9736963737972184
75650,0.15467036430102105
23483,0.2961679062145468
40640,0.9622568175133409
75929,0.8578406655741837
66578,0.72780368923064
25569,0.5528803731249212
25990,0.3835875456951972
16499,0.16261187444850625
39760,0.775998991554267
37019,0.08389007941510147
40319,0.6560149586117063
41191,0.28725996890625655
61749,0.7499054582125299
34270,0.9146497752006386
51445,0.9736963737972184
59895,0.3894071179461322
5814,0.9265935543510232
78223,0.46079667212908104
40413,0.9736963737972184
43664,0.9736963737972184
40762,0.32371108029749146
47801,0.2013109794529182
42040,0.3556241858901634
31160,0.9388629774360268
34249,0.8412748434808185
48269,0.3661288289423925
7411,0.9391360981553847
59022,0.8045926299424346
22704,0.9511534098071347
13454,0.9736963737972184
37806,0.6593764443884197
27361,0.27328879364679187
56364,0.9765011134921635
9917,0.9736963737972184
3689,0.9191982856422539
27181,0.7530463464851463
70707,0.8758981469809656
36158,0.9382011849237363
28879,0.9754821631160974
69359,0.6957435186352368
28372,0.9382011849237363
72129,0.5834488844069078
39552,0.9394302281608472
58596,0.9693054330013866
11245,0.4892432455145174
54990,0.9736963737972184
55256,0.018404134627505356
43040,0.9622568175133409
76675,0.948779360477331
44441,0.9736963737972184
70035,0.8582503466532208
69375,0.9653241732845919
62669,0.9808710450018907
59649,0.9754821631160974
36000,0.9522248833984621
18299,0.8608975167023823
12772,0.7275095592251776
635,0.9790117231816463
71654,0.6903651413924955
16992,0.9278120929450817
76668,0.2790663473255179
76422,0.9388629774360268
52137,0.9808710450018907
9067,0.3745955712424891
19200,0.2940249590318921
48136,0.9802092524896003
62772,0.20702550527333083
51802,0.4695575444346401
4924,0.9612378671372747
62171,0.8010630698768857
17111,0.9319299130215555
47651,0.6606370015546871
2348,0.15153998067145677
32443,0.9629291146686835
69158,0.445796041850498
74890,0.9493256019160469
46629,0.051451741669818064
78079,0.22097567124669104
41629,0.7193789655027522
64231,0.15427118786503632
55310,0.5506954073700576
18813,0.20143703516954495
51575,0.7597167948233118
63926,0.017458716752804738
54709,0.2195890583637968
23448,0.9493256019160469
26845,0.9493256019160469
31590,0.7382873229967646
12027,0.3922223622841296
55049,0.9525190134039244
8563,0.9632127400310937
34387,0.7352409765116182
29715,0.7579310055044329
57624,0.8358544476658682
7046,0.6486406991890415
52077,0.5103365687633934
35054,0.5704231270221438
69811,0.779486533047607
78235,0.7485398546157401
62745,0.9629291146686835
46157,0.8553090465985965
10412,0.1300264717004916
1951,0.3389428127232237
21214,0.7692129921425271
74102,0.6725492667759149
72208,0.6515714946006135
21976,0.6052985419555443
20045,0.9576032606412035
18962,0.9643997646959956
31816,0.9643997646959956
2275,0.1465607798647002
12939,0.6098995756124207
61994,0.7460817681415186
45214,0.5678389848312955
34034,0.3439220135299803
60111,0.4413840917685617
57017,0.7425311987898651
35614,0.5516618345308627
19423,0.04418252867767553
77555,0.27992772805580063
74146,0.653661918568007
41543,0.2761460565569982
37212,0.3953737551997983
24742,0.15351485356527586
65884,0.7653367788562545
2261,0.40636161183242997
61861,0.7624164880877348
6278,0.7653367788562545
592,0.3533551829908819
62864,0.5831127358292365
79193,0.9632127400310937
46104,0.6905542249674356
42688,0.7749695365351487
55033,0.6095634270347493
25147,0.3785873356023362
61597,0.3464851464347241
24757,0.6944829614689693
8745,0.940753813185428
35051,0.9493256019160469
19347,0.4377704945585949
15488,0.9497037690659272
256,0.7579310055044329
7284,0.9672045043909407
66958,0.9328333123240472
63084,0.12884995167864197
20898,0.17962939619311735
27208,0.7579310055044329
23087,0.9632127400310937
61808,0.33535022479936133
73536,0.9471406361611833
65783,0.9642211857641078
71625,0.9487583511912265
48813,0.10139081474011513
65452,0.9506071683684189
60011,0.09359636959536115
43226,0.7634774570360099
30777,0.3115467036430102
14194,0.960754653556872
47633,0.027711248371780326
57803,0.7720702550527333
29656,0.9509958401613513
48818,0.663011050884491
51370,0.7298415899827724
51053,0.21767721332829107
16117,0.06330097903273248
23950,0.9690953401403419
64069,0.23419051220639522
59966,0.9585696878020085
10223,0.1248581873187949
58727,0.24508382705155682
14180,0.867935627547376
21144,0.605739736963738
28085,0.2889197025085088
52133,0.7632883734610698
28014,0.6956594814908189
46567,0.37896550275221647
34284,0.5544140510105466
37339,0.935480482373209
28547,0.9500714315727552
61763,0.6658893230808017
11930,0.26822555569561746
61010,0.9493256019160469
35498,0.12267322156393128
73375,0.4182948863397622
7888,0.9374763645531324
42771,0.42167738140258
40742,0.9493256019160469
17046,0.1687255767049036
11269,0.6289549981091641
46639,0.4476028404554813
6334,0.7677633514013195
75501,0.6515714946006135
65130,0.9509958401613513
26471,0.9484852304718686
36649,0.8919072229925628
29874,0.7579310055044329
60072,0.3733560233623261
39052,0.22229925627127192
37,0.7697277196520863
24152,0.5999411739989075
11826,0.799613429135678
17940,0.769948317156183
28556,0.7495272910626497
30506,0.8914870372704735
58106,0.5158410017227614
48701,0.7624164880877348
20093,0.7662716920879028
74992,0.5969998739442833
15859,0.6017269633177865
79203,0.9648724736333459
72330,0.9493256019160469
29961,0.5677969662590865
23458,0.7732887936467918
12013,0.23152233287112903
68233,0.39449136518341105
1747,0.09210471028194463
73465,0.23061893356863736
73016,0.5575654439262154
33482,0.7624164880877348
9245,0.9643262321946301
20423,0.6443337955376276
75255,0.18105802764822052
75243,0.14622463128702887
36724,0.9585696878020085
60720,0.7697277196520863
52116,0.2907475103995966
18892,0.9632127400310937
61607,0.9694945165763268
37450,0.8549728980209252
10687,0.16914576242699272
76357,0.24508382705155682
47007,0.7624164880877348
59568,0.7579310055044329
48698,0.955565359889071
32315,0.24532543384175806
31358,0.9558069666792722
5493,0.7523215261145427
49064,0.37058279759653767
60840,0.9632127400310937
64304,0.5722719441993361
77518,0.339278961300895
64378,0.694798100760536
42876,0.7634984663221144
50868,0.18813815706542292
25379,0.39423925375015756
32643,0.7383713601411824
44325,0.3591747552418169
38597,0.05993949325601916
10639,0.353586285138031
14902,0.7073196352787932
62782,0.015042648850792048
19341,0.42199252069414683
25922,0.1985377536871297
55064,0.613723265683432
18034,0.5104416151939157
24562,0.5358418420942056
17635,0.5633429976049414
39698,0.6085129627295265
76241,0.022732047565023738
40005,0.3798899113408127
73807,0.3157905794361107
73260,0.14597251985377538
51456,0.11042480776503215
10845,0.3427454935081306
6909,0.42087902853061054
49273,0.10162191688726417
56152,0.3214210681121055
28758,0.023803521156351107
63311,0.7510189503760664
38139,0.8156855330055884
66794,0.7465019538636076
49089,0.6246691037438548
33039,0.4055422496743561
67510,0.20973570318080592
59901,0.6801756376318332
570,0.027984369091138283
14634,0.3656246060758856
49045,0.5412622379091558
16652,0.015189713853523258
56698,0.6519811756796504
68307,0.8298247825538888
67866,0.3144459851254254
72340,0.5309466784318669
27660,0.7167317954535907
42236,0.10479431908903736
15440,0.28866759107525525
28288,0.7466490188663389
30986,0.3545317030127317
1895,0.46155300642884156
16703,0.22374889701247955
17921,0.15462834572881212
50522,0.7375099794108996
49893,0.2692970292869448
17275,0.21494600613471157
21382,0.49499978990713894
20235,0.5812849279381487
19872,0.21332829110466825
6045,0.7279087356611623
15053,0.004643052229085256
60104,0.5199168032270264
72949,0.7375519979831084
30654,0.31873187949073495
50386,0.7133913189629816
25906,0.1726753224925417
5393,0.4043027017941931
38204,0.756922559771419
76659,0.1657422580780705
47114,0.7574688012101349
73084,0.9167612084541368
42941,0.34236732635825035
73106,0.42852640867263325
53880,0.9221185764107735
76351,0.5065548972645909
59253,0.6660153787974284
9309,0.699651245850666
49387,0.6499852934997269
28352,0.9191772763561494
57015,0.613492163536283
46767,0.3579352073616539
75081,0.04926677591495441
20952,0.28396151098785666
49493,0.3028278499096601
66099,0.636413294676247
10209,0.5060506743980839
66568,0.023845539728560027
22150,0.5786587671750913
2940,0.0716206563300979
10600,0.3710870204630447
37146,0.0717257027606202
40722,0.5951930753392999
443,0.30621034497247784
10589,0.1414765326274213
64830,0.9167612084541368
43871,0.4990545821252994
8246,0.4803983360645405
17630,0.9152485398546157
64809,0.646644817009118
27743,0.30238665490146643
56793,0.38890289507962517
34018,0.8765704441363082
69813,0.12328249086096055
11323,0.5205260725240556
78024,0.9191772763561494
51371,0.6252153451825707
21062,0.12782049665952352
42916,0.6979284843901002
10058,0.9191772763561494
27747,0.28927686037228456
27316,0.09244085885961595
29363,0.9077692340014286
32544,0.025400226900289924
51332,0.5705071641665617
78423,0.718769696205723
43827,0.37400731123156433
58735,0.6093533341737047
54079,0.9196814992226564
29883,0.9221185764107735
55163,0.33161057187276777
55487,0.040842052187066685
7045,0.5104206059078112
58481,0.9156056977183916
29318,0.3725366612042523
57610,0.028635656960376486
70993,0.31564351443337957
28394,0.4797050296230934
5098,0.69212992142527
21712,0.27690239085675866
30858,0.34434219925206944
17819,0.44491365183411075
42646,0.4320349594520778
12381,0.3594688852472793
76672,0.275998991554267
14589,0.44806504474977943
30532,0.1754485482583302
13312,0.1757426782637926
62644,0.5930711374427498
74168,0.03176604058994075
70078,0.033824950628177655
46434,0.8908147401151308
22116,0.30862641287449055
62525,0.2946552376150258
27259,0.5021639564687592
57773,0.42732887936467917
17822,0.31730324803563176
22463,0.458086474221606
7961,0.04926677591495441
14441,0.4569939913441741
40210,0.3113576200680701
39024,0.10191604689272658
57142,0.9173704777511661
32834,0.3329131476112442
73150,0.586810370183621
16662,0.8462960628597841
75267,0.1429051640825245
8657,0.6757426782637926
62390,0.34306063279969745
35344,0.3021765620404218
62458,0.7876381360561369
65038,0.27969662590865163
75380,0.1274633387957477
77420,0.30131518131013907
45511,0.9247657464599354
48890,0.4390310517248624
13274,0.008529770158410017
20203,0.6127778478087315
25396,0.30440354636749445
40769,0.9191772763561494
16060,0.11248371780326905
50813,0.05937224253119879
65610,0.4375604016975503
1844,0.5094751880331106
17670,0.5340770620614311
9437,0.1676120845413673
70609,0.5538047817135174
18326,0.0979873103911929
57418,0.10937434345980923
19782,0.5909702088323039
13407,0.3732719862179083
12151,0.6938106643136267
61537,0.36354468675154417
28452,0.2051136602378251
61732,0.512059330223959
5746,0.4671834951048363
4028,0.028677675532585406
65019,0.25910752552628263
78128,0.5197067103659818
17501,0.6797554519097441
38666,0.06445648976847766
36732,0.23206857430984495
3938,0.27267952434976256
62138,0.5117441909323921
4415,0.5844573301399218
54177,0.5091810580276482
68683,0.33285011975293083
50530,0.772469431488718
12119,0.9280326904491786
7508,0.11233665280053784
69051,0.32043363166519606
73334,0.7863985881759737
19477,0.011239968065885121
72611,0.23221563931257616
33972,0.9280326904491786
36164,0.9142611034077062
42460,0.18412538341947138
53334,0.395037606622127
53381,0.5136140173956889
5256,0.9191772763561494
38726,0.4489894533383756
44877,0.0383209378545317
1056,0.3695743518635237
46649,0.09510903819488215
74049,0.3976427580990798
16979,0.6632631623177444
67062,0.9247657464599354
47995,0.365372494642632
14127,0.3368839026849868
28901,0.9103218622631202
61502,0.11050884490944997
67343,0.9109416362032019
49178,0.9078532711458465
2971,0.645405269128955
13834,0.7121097525106097
29551,0.7982268162527837
39768,0.5384469935711584
56195,0.8973066095214085
494,0.4797470481953024
50111,0.42886255725030464
48889,0.34801882432034964
10483,0.3869490314719106
28524,0.6367179293247616
6027,0.4192613135005672
23366,0.7004285894365309
30845,0.7344846422118576
8253,0.8973486280936175
64357,0.9044182528677674
22690,0.04544308584394302
65454,0.6392495483003487
53556,0.26402369847472584
66921,0.06090592041682424
55325,0.5489096180511787
62410,0.035211563511071894
20896,0.031198789865120383
75076,0.273204756502374
27415,0.9049434850203791
23242,0.1555527543174083
53740,0.6352577839405017
43910,0.24330854237573007
32706,0.8753729148283541
54472,0.7493382074877095
46070,0.6230303794277071
76166,0.702718601621917
68259,0.43894701458044455
20109,0.3432076978024286
14926,0.8453506449850834
33691,0.6357620068070088
46061,0.6367179293247616
12564,0.11414345140552125
33584,0.38709609647464177
36788,0.6344594310685322
53527,0.6848186898609185
30347,0.9113618219252909
63986,0.6408672633303919
9047,0.8909828144039665
74252,0.5535946888524728
68944,0.0030673557712508925
69507,0.3996176309928989
57257,0.3981469809655868
44722,0.05928820538678096
6923,0.6281776545232993
661,0.5251060968948275
7638,0.28343627883524514
31646,0.25049371822345473
17672,0.07342745493508131
74855,0.3582713559393252
75345,0.6107819656288079
63139,0.7627211227362495
53085,0.39150804655657795
51469,0.29503340476490614
51668,0.36888104542207656
27168,0.6475061977394008
39323,0.9078532711458465
35037,0.25643934619101644
53445,0.9044182528677674
34230,0.35177948653304764
56783,0.3891760157989832
59981,0.45674187991092063
67946,0.9044182528677674
297,0.9130005462414387
51017,0.543741333669482
18297,0.2746123786713727
7549,0.3281230303794277
7943,0.1225051472750956
53547,0.2802218580612631
17530,0.31889995377957053
72735,0.9044182528677674
29406,0.9078532711458465
75386,0.5595823353922433
29182,0.11332408924744737
20535,0.3044455649397034
26412,0.3632295474599774
38493,0.20357998235219968
42624,0.6354888860876508
9639,0.08414219084835499
49908,0.8044455649397033
63000,0.29570570192024875
13796,0.020147905374175386
23239,0.1683053909828144
8382,0.9103218622631202
64171,0.9049434850203791
49630,0.4623933778730199
68423,0.7496953653514854
1884,0.35472078658767175
69727,0.05577965460733644
27074,0.13853523257279718
32976,0.07332240850455903
30566,0.9078532711458465
25219,0.318920963065675
16376,0.05496029244926257
4762,0.6037648640699189
75449,0.35820832808101183
68260,0.9078532711458465
9885,0.175301483255599
45228,0.7788142358922644
20638,0.4046388503718643
23213,0.7959368040673978
497,0.3567376780536997
44465,0.2884574982142107
4009,0.152926593554351
60521,0.06168326400268919
73421,0.09538215891424011
64792,0.3691121475692256
31251,0.9083364847262491
8631,0.6653220723559814
33441,0.5585738896592294
57208,0.5459052901382411
25596,0.8386486827177612
54893,0.19374763645531323
34263,0.9044182528677674
71751,0.9044182528677674
57812,0.028467582671540825
44513,0.7230345812849279
36520,0.3847850750031514
2671,0.3741543762342956
17141,0.4996218328501198
60033,0.4359636959536115
46147,0.8905101054666162
67620,0.05527543174082944
67446,0.523110214714904
61856,0.7371948401193328
22924,0.21678431866885162
42465,0.28364637169628976
63334,0.2923862347157444
46836,0.29726038909197866
45469,0.21526114542627842
33415,0.046220429429807974
59137,0.09052901382411026
35878,0.07989831505525442
20715,0.9874469515525863
48592,0.21678431866885162
24400,0.1785159040295811
47704,0.21610151687045676
60097,0.8075549392831632
30847,0.47539812597167946
8525,0.1979915122484138
67639,0.10036135972099668
42323,0.07836463716962898
15523,0.3693642590024791
36660,0.9888230597924282
13845,0.863397621748813
22415,0.36476322534560274
1996,0.8699735282995084
27529,0.28879364679188196
60262,0.2868397831841674
77334,0.18937770494558595
54556,0.7969872683726207
43555,0.02332030757594857
55798,0.42365225429639897
24436,0.3681037018362116
28835,0.23612336652800536
78076,0.867935627547376
57200,0.6240388251607211
37744,0.22078658767175088
56175,0.6135131728223876
43627,0.9793268624732132
9423,0.5100844573301399
2979,0.24599773099710073
69110,0.3863187528887768
68127,0.9793268624732132
70115,0.9874469515525863
1116,0.39262153872011424
45784,0.36180091600487413
3089,0.9775410731543343
46554,0.17492331610571873
69003,0.7163326190176059
4262,0.01056767091054246
19334,0.8803100970629019
23556,0.5388251607210387
18800,0.1902600949619732
23773,0.2995504012773646
64515,0.38747426362452203
70561,0.1771082818605824
76083,0.07811252573637548
51691,0.3083532921551326
21768,0.04571620656330098
14962,0.28194461952182864
25412,0.2848649102903484
14482,0.6601958065464935
7026,0.36724232110592886
55660,0.5254632547586032
800,0.8702046304466574
66268,0.22038741123576622
428,0.5764107735619143
42680,0.08338585654859448
74548,0.9793268624732132
71551,0.3343627883524518
17274,0.5575864532123198
11883,0.06737678053699735
27115,0.12796756166225473
75442,0.46125887642337915
75282,0.43176183873271984
1392,0.8876003193411487
33002,0.17143577461237866
71674,0.07918399932770284
7635,0.16582629522248835
29992,0.04285894365309467
19516,0.820391613092987
30991,0.3497625950670196
31018,0.5549813017353671
64681,0.055548552460187396
28461,0.15731753435018278
71360,0.06391024832976176
39219,0.9350497920080675
77088,0.2854321610151687
4024,0.1498172192108912
44707,0.053741753855204
54797,0.9384322870708853
71305,0.08460439514265305
61822,0.823826631371066
54673,0.5595508214630867
46979,0.17580570612210597
12289,0.4550191184503551
56495,0.7001344594310686
17574,0.06899449556704063
58482,0.9354909870162612
23124,0.9350497920080675
73892,0.2627631413084583
3884,0.16259086516240176
37181,0.558783982520274
67851,0.22423211059288206
12835,0.07594856926761628
42846,0.9350497920080675
18403,0.8321147947392747
40181,0.21389554182948864
566,0.7490650867683516
41834,0.5595508214630867
4834,0.31009706290180256
70977,0.07955166183453087
13419,0.8021135341821085
68961,0.642148829782764
58242,0.239316778015883
63356,0.1814572040842052
29755,0.9344300180679861
67429,0.28139837808311274
5948,0.9354909870162612
79076,0.010021429471826547
78538,0.823826631371066
21347,0.29366780116811636
49307,0.9354909870162612
66334,0.823826631371066
34652,0.9368040673977899
18757,0.5569246607000294
24396,0.11916467078448674
73332,0.9376444388419681
35562,0.18425143913609818
48069,0.40793730829026426
22552,0.10218916761208453
20479,0.48226816252783733
38032,0.9350602966511198
49633,0.10172696331778647
65278,0.5734694735072902
75368,0.24898104962393375
21943,0.9414261103407706
56092,0.05714525820412622
64227,0.9389890331526535
57321,0.9354909870162612
50691,0.5442035379637801
19690,0.9344300180679861
70618,0.22942140426068322
17153,0.34152695491407203
29205,0.06926761628639859
31997,0.20026051514769527
57646,0.21862263120299175
66771,0.9344300180679861
77382,0.5569246607000294
49583,0.10286146476742719
41788,0.1554897264590949
78468,0.823826631371066
685,0.2465019538636077
21605,0.2166267490230682
59859,0.6681163074078743
20170,0.22349678557922603
70780,0.12763141308458337
38563,0.9354909870162612
74606,0.0821673179545359
25136,0.935480482373209
49985,0.41110971049203743
29718,0.4936972141686626
33206,0.08149502079919324
56126,0.8449094499768899
74921,0.07487709567628893
44473,0.9344300180679861
31219,0.9340308416320013
15927,0.8682297575528383
39200,0.07955166183453087
8626,0.5688264212782049
25105,0.22725744779192403
19143,0.9344300180679861
16572,0.7776377158704147
75960,0.08025547291903021
66063,0.8826421278204967
33360,0.0726291020631119
21574,0.3959830244968276
37906,0.2887726375057776
14781,0.5681541241228624
47574,0.9354909870162612
26798,0.08771376948611287
58785,0.7479305853187109
10716,0.6620866422958948
25855,0.2393377873019875
61161,0.07017101558889029
31369,0.9350497920080675
36428,0.6792302197571326
9002,0.9384322870708853
1213,0.07796546073364426
70516,0.10473129123072399
37657,0.06573805622084962
18345,0.5850876087230557
31154,0.6026303626202781
52000,0.28607294424135465
45279,0.3014622463128703
66616,0.7816925080885752
14124,0.532921551325686
40984,0.29104164040505903
1096,0.17084751460145386
13883,0.4628450775242657
19925,0.5068700365561578
70901,0.14036304046388504
1161,0.4628450775242657
55108,0.9590423967393589
33980,0.597441068952477
78512,0.5148745745619564
68305,0.9579394092188748
51787,0.6467498634396404
64183,0.3713391318962982
34342,0.029497037690659273
47656,0.3972015630908862
21469,0.9610487835623346
69488,0.8426404470776082
71741,0.5700869784444724
36136,0.41318962981637886
46337,0.6986638094037564
69651,0.16099415941846296
13436,0.7590024790957605
50482,0.8084583385856549
20157,0.010861800916004874
72314,0.646004033782932
29766,0.4512794655237615
31542,0.9595151056767092
42300,0.9730240766418756
33271,0.2768393629984453
42037,0.9610487835623346
19465,0.335518299088197
64095,0.6494180427749064
37764,0.19089037354510693
53935,0.6788940711794614
78811,0.16805327954956092
44519,0.07473003067355771
14440,0.3466742300096643
17166,0.5813689650825665
20055,0.3027017941930333
24155,0.49138619269717215
30286,0.21038699105004413
41477,0.7743392579520147
41633,0.45067019622673227
26708,0.6804067397789823
4577,0.08525568301189125
68772,0.3517164586747343
41680,0.4891171897978907
77574,0.7500315139291566
4723,0.587629732341695
47851,0.15307365855708222
55265,0.5059666372536661
38035,0.9579394092188748
48095,0.4330644144711962
7033,0.654439262153872
38620,0.18177234337577208
330,0.3989453338375562
9629,0.6986217908315475
50625,0.3657926803647212
7499,0.21078616748602882
33618,0.5783856464557334
25118,0.28607294424135465
7400,0.646004033782932
76713,0.7917979747048195
18595,0.7316483885877559
51940,0.7445901088281021
5608,0.20490356737678053
68685,0.24547249884448927
19978,0.9627925543090047
79099,0.6403420311777807
210,0.33020294970376907
45483,0.7561031976133451
3272,0.7802848859195765
66541,0.16181352157653683
10533,0.43863187528887765
44240,0.6106349006260767
55187,0.9627925543090047
75444,0.030610529854195555
6213,0.6529476028404555
65093,0.9627925543090047
73111,0.9610487835623346
4103,0.802911887054078
74467,0.06739778982310181
9341,0.45579646203622
18527,0.7967981847976806
55245,0.6420647926383461
15733,0.8944913651834111
12044,0.17483927896130091
67265,0.42268582713559394
1869,0.7200092440858858
72661,0.02550527333081222
14678,0.9589163410227322
11442,0.1785999411739989
75392,0.7970713055170385
47362,0.5390982814403967
67508,0.4805243917811673
40137,0.3662548846590193
6705,0.1767511239968066
64374,0.5421236186394386
61143,0.9589163410227322
64086,0.1583049707970923
79273,0.7577419219294929
15589,0.9366570023950587
695,0.28003277448632297
22114,0.6176730114710702
63309,0.45743518635236774
51673,0.618492373629144
22258,0.9579394092188748
56517,0.17853691331568555
67651,0.7166057397369636
69166,0.5602126139753771
27704,0.5226690197067104
77908,0.7463758981469809
40795,0.29707130551703853
11293,0.5309466784318668
53970,0.08748266733896382
71891,0.5349594520778185
36332,0.6413294676246902
54712,0.5164292617336863
71698,0.7748854993907308
29049,0.08010840791629899
42723,0.01218538594058574
39081,0.5202319425185932
61708,0.961164334635909
26373,0.7436236816672969
44872,0.7454094709861758
27917,0.6679902516912475
63833,0.5485524601874029
44773,0.7666708685238875
17041,0.35518299088196986
43152,0.34955250220597506
76355,0.22358082272364385
77162,0.877704945585949
40955,0.0013866128828942392
40598,0.6311819824362367
76712,0.28923484180007564
34623,0.20406319593260222
68021,0.9528761712677003
45803,0.32623219463002645
76705,0.9425185932182023
38736,0.7934997268792806
29456,0.9546094373713182
62695,0.3905206101096685
55919,0.06951972771965208
54817,0.029139879826883486
56415,0.5665153998067146
68946,0.7726059918483971
61395,0.07101138703306861
42679,0.7720912643388377
30021,0.8266313710660111
387,0.4071074414891382
33928,0.9546094373713182
50614,0.5328375141812681
41793,0.028971805538047814
15186,0.06645237194840119
56912,0.004769107945712004
8119,0.1755956132610614
69836,0.23944283373250977
54305,0.4071074414891382
50299,0.9507122147989412
46717,0.006659943695113239
24784,0.961164334635909
12077,0.7575003151392915
11180,0.0257153661918568
37137,0.9512794655237614
5915,0.1345014496407412
49609,0.7951909744106894
11529,0.9512794655237614
38166,0.07178873061893357
53011,0.7635194756082188
68667,0.8042354720786588
27051,0.10376486406991892
6781,0.5697718391529055
44892,0.8020294970376907
20048,0.3628303710239926
27658,0.1551115593092147
9400,0.9512794655237614
11220,0.4311945880078995
46708,0.9536955334257743
54291,0.03664019496617505
19938,0.7549686961637043
35158,0.7575003151392915
48672,0.5700449598722636
43352,0.3918231858481449
52235,0.9512794655237614
41341,0.961164334635909
33823,0.961164334635909
20257,0.5558636917517542
27207,0.3302239589898735
61408,0.5852766922979957
16227,0.2797806630530694
27758,0.7605151476952813
76272,0.8015252741711837
53252,0.14889281062229506
14747,0.7309760914324132
13281,0.9578868860036137
66169,0.01033656876339342
59885,0.8749317198201605
59813,0.15883020294970376
73981,0.5922517752846759
47368,0.7726059918483971
56036,0.18933568637337705
4536,0.487667549056683
43095,0.30305895205680916
64596,0.347808731459305
58052,0.31402579940333625
68113,0.9536955334257743
1757,0.4363208538173873
74355,0.2726795243497626
79127,0.3343207697802429
22025,0.0006302785831337451
27008,0.9536955334257743
37031,0.18511281986638095
36949,0.021408462540442874
75014,0.06227152401361402
63691,0.21192066893566955
54166,0.749443253918232
15151,0.5321021891676121
38547,0.9512794655237614
23573,0.9507122147989412
66434,0.6191436614983822
78817,0.6494810706332198
37272,0.8217572166897767
25826,0.5670196226732216
57731,0.7951909744106894
50045,0.9512794655237614
34264,0.9536955334257743
25104,0.7464809445775034
66227,0.9507122147989412
55402,0.5005252321526115
46729,0.2998025127106181
75222,0.9536955334257743
37697,0.3107693600571453
61452,0.28824740535316606
56362,0.006533887978486491
49951,0.002205975040968108
5207,0.21505105256523382
17791,0.23536703222824487
69111,0.6226101937056179
78195,0.9507122147989412
917,0.5340350434892223
16912,0.9507122147989412
59156,0.5738896592293794
66721,0.48607084331274425
23040,0.38484810286146476
31286,0.27362494222446326
62503,0.8023236270431532
11137,0.4955670406319593
7974,0.4190512206395227
33698,0.9512794655237614
12420,0.6133030799613429
4020,0.35711584520358003
58831,0.32459347031387875
24189,0.7402411866044792
62577,0.29835287196941046
27589,0.1072629102063112
17159,0.8881675700659691
72179,0.22446321274003112
40892,0.8958989873524098
6807,0.8970439934451028
57814,0.48586075045169963
35519,0.5829236522542964
49048,0.0940165553174503
44359,0.19706710365981764
57276,0.32459347031387875
75302,0.8941026933904785
16451,0.8941026933904785
23672,0.3297932686247321
39160,0.8832303878314215
43745,0.8278709189461743
66135,0.6751123996806588
20947,0.7368586915416614
52636,0.41066851548384387
60849,0.44256061179041134
4002,0.8029539056262868
53812,0.8958989873524098
42866,0.8961721080717676
3771,0.8508970965166602
53837,0.1649018866338922
1503,0.18303290054203958
38986,0.8950586159082313
63028,0.7239589898735241
23245,0.25015756964578345
50017,0.11731585360729442
36944,0.8954577923442161
14022,0.49546199420143705
73195,0.28433967813773686
11037,0.16219168872641707
11937,0.9218664649775201
26017,0.8958989873524098
11110,0.6443758141098365
75126,0.8958989873524098
48625,0.8700995840161352
29670,0.8942917769654187
73958,0.9050800453800579
40078,0.8090886171687887
2838,0.8950586159082313
68755,0.8010000420185722
52673,0.7809571830749191
22332,0.46831799655447703
50935,0.8376612462708518
14319,0.9037564603554772
4696,0.8958989873524098
73253,0.18477667128870964
5242,0.10036135972099668
61481,0.368397831841674
11546,0.21855960334467836
12501,0.8950586159082313
42719,0.5241816883062314
7339,0.781314340938695
43285,0.3379238623471575
39575,0.8958989873524098
4483,0.8970439934451028
51617,0.8378083112735829
73905,0.8290894575402327
38898,0.5272700533635867
37252,0.8949115509055002
10074,0.7153661918568007
47994,0.08573889659229379
49753,0.2887516282196731
6611,0.8950586159082313
75170,0.8942917769654187
40003,0.4894113198033531
27116,0.9037564603554772
61919,0.5849405437203243
74580,0.8958989873524098
78634,0.1838102441279045
76045,0.07384764065717048
72870,0.9037564603554772
72993,0.5600445396865414
15121,0.8832303878314215
9476,0.9037564603554772
42677,0.8949115509055002
1075,0.8950586159082313
65140,0.8954577923442161
14261,0.8950586159082313
73110,0.23780410941636201
72529,0.706941468128913
26856,0.8958989873524098
54080,0.731753435018278
33546,0.8958989873524098
77253,0.8949115509055002
14636,0.8889239043657297
65533,0.2686247321316022
19523,0.6239337787301987
53172,0.9030736585570822
9387,0.8949115509055002
42322,0.20017647800327745
57396,0.6214126643976638
2581,0.6444808605403588
12599,0.8966343123660657
6084,0.8039623513593007
52135,0.8954577923442161
41617,0.8958989873524098
56889,0.42690869364259004
4312,0.8954577923442161
38774,0.8958989873524098
66102,0.8961721080717676
5900,0.8958989873524098
10847,0.8949115509055002
31569,0.8958989873524098
841,0.10292449262574059
9835,0.15338879784864912
40410,0.8298247825538888
61563,0.5759275599815119
38737,0.3456027564183369
26549,0.8954577923442161
12976,0.37329299550401274
36861,0.09922685827135592
48927,0.8892180343711921
45440,0.7994453548468422
766,0.8942917769654187
17825,0.8428295306525485
72401,0.8961721080717676
44112,0.579099962183285
72161,0.11176940207571746
53025,0.5801714357746124
40139,0.8958989873524098
77633,0.7253876213286272
2621,0.8958989873524098
73877,0.7856212445901088
53864,0.5658851212235808
39478,0.8954577923442161
59373,0.32459347031387875
35795,0.10323963191730745
17683,0.7983318626833059
45709,0.6800285726291021
62452,0.2864826253203916
20126,0.10956342703474936
15832,0.1020631118954578
38315,0.10779864700197488
47483,0.8386276734316568
13909,0.7883734610697929
33958,0.9037564603554772
8081,0.677318374721627
44459,0.41900920206731374
69036,0.8958989873524098
49820,0.7121307617967142
72172,0.8831883692592126
77784,0.8832303878314215
19117,0.8009160048741544
20602,0.546451531576957
69779,0.27551577797386445
20345,0.8840182360603386
60314,0.18261271481995042
1360,0.08147401151308879
31534,0.1072629102063112
26149,0.8958989873524098
46875,0.837766292701374
34347,0.3515483843858986
1510,0.37797806630530695
56222,0.8949115509055002
48459,0.9008571788730618
12781,0.12584562376570443
73893,0.8389007941510148
46711,0.5076893987142318
67382,0.8950586159082313
61366,0.8961300894995587
27940,0.8958989873524098
45168,0.7712929114668684
65227,0.7430354216563723
27611,0.7551367704525399
29319,0.15179209210471029
62544,0.10647506197739402
15701,0.8995020799193244
59950,0.698411697970503
12003,0.09968906256565402
69869,0.155447707886886
14368,0.8958989873524098
23342,0.9030736585570822
36383,0.8270725660742048
2109,0.8954577923442161
12502,0.42970292869448296
10779,0.6664775830917266
69181,0.5229211311399639
55185,0.08359594940963906
11352,0.3123660658010841
64592,0.584877515862011
78126,0.39327282658935253
73855,0.2894029160889113
637,0.6406571704693474
16631,0.21622757258708347
22667,0.21900079835287198
4513,0.8245094331694608
72813,0.22454724988444894
66730,0.38005798562964827
32814,0.8243203495945207
62404,0.5180679860498341
32306,0.6457414177066263
13867,0.18750787848228914
2964,0.28364637169628976
22077,0.7115004832135804
70052,0.6212655993949325
68753,0.7191058447833942
34744,0.4626664985923778
61257,0.327723853943443
54274,0.8251817303248036
37298,0.15040547922181605
67997,0.6321274003109375
45372,0.8006638934409009
51249,0.25839320979873104
44675,0.48760452119836967
33258,0.3558973066095214
33440,0.3902054708181016
71281,0.02970713055170385
60185,0.5952561031976134
56769,0.7424471616454472
54150,0.8364427076767932
50904,0.1471070213034161
69688,0.18744485062397578
433,0.8509391150888693
5168,0.3699315097272995
74519,0.1994411529896214
78232,0.502752216479684
34601,0.4823311903861507
41421,0.5128786923820329
43033,0.4543468212950124
38,0.4305433001386613
32545,0.8462750535736796
57921,0.0994999789907139
55356,0.06212445901088281
20373,0.47102819446195215
15262,0.39299970586999455
37362,0.39257952014790537
66250,0.3535232572797176
560,0.6686415395604858
52138,0.612525736375478
37090,0.09162149670154209
12613,0.2749275179629396
61306,0.2918399932770284
73775,0.8026597756208244
25458,0.07015000630278584
39771,0.18601621916887265
13093,0.3258540274801462
57912,0.2288751628219673
20685,0.647380142022774
43206,0.13843018614227487
71285,0.6844405227110383
61825,0.3402663977478045
61510,0.8475251060968949
18891,0.7509769318038574
24715,0.7231396277154502
24816,0.8501827807891088
3748,0.8439010042438757
11601,0.44350602966511193
1598,0.3836505735535107
62538,0.4815958653724946
20875,0.3634396403210219
14081,0.5387831421488297
24313,0.19164670784486745
9373,0.3178915080465566
78920,0.09403756460355477
22392,0.000609269297029287
4303,0.3755830076893987
35775,0.1822135383839657
22695,0.16666666666666666
10974,0.35612840875667046
13286,0.7279087356611621
28440,0.8459809235682171
49778,0.3329551661834531
7524,0.1851758477246943
38599,0.4267826379259633
15168,0.3518215051052565
50894,0.1299844531282827
1560,0.14202277406613723
13314,0.19771839152905582
25018,0.8743854783814445
48003,0.4841589982772385
7929,0.6065801084079162
67644,0.11151729064246398
19643,0.4810076053615697
46941,0.8108323879154588
10448,0.06094793898903315
15864,0.24106054876255303
42030,0.6241228623051388
7940,0.15729652506407832
16106,0.31112651792092105
47177,0.940753813185428
46301,0.19929408798689022
32536,0.1424849783604353
19798,0.6738938610866003
56922,0.6347745703600992
71190,0.9129795369553341
71036,0.3715492247573427
17291,0.1550905500231102
24143,0.08500357157863776
761,0.3158536072944242
45383,0.4840749611328207
76102,0.21637463758981468
53451,0.3560653808983571
43014,0.43308542375730075
30178,0.06958275557796546
45799,0.940753813185428
67322,0.5713265263246354
63156,0.13508970965166603
69919,0.9465208622211017
55007,0.9424660700029412
9477,0.9402390856758688
70430,0.7657044413630825
58707,0.39278961300894993
59057,0.9402390856758688
22118,0.24778352031597964
61359,0.2642337913357704
46194,0.22635404848943233
57894,0.9389995377957057
42504,0.37217950334047645
57139,0.03552670280263877
47781,0.43600571452582043
29481,0.39606706164124544
22212,0.1531366864153956
52727,0.3315055254422455
45313,0.940753813185428
40082,0.6449010462624479
68185,0.786083448884407
68123,0.9402390856758688
64611,0.7100298331862683
25288,0.2063321988318837
29382,0.33064414471196263
55729,0.32482457246102775
19545,0.7852430774402285
47097,0.09546619605865793
11010,0.2894869532333291
35951,0.08529770158410017
76217,0.2888986932224043
11673,0.17826379259632755
51530,0.15456531787049876
64861,0.1863313584604395
69755,0.36175889743266526
52205,0.2169418883146351
64556,0.23301399218454555
9796,0.08842808521366445
54545,0.6766040589940755
30698,0.8185427959157948
31076,0.9434955250220597
61522,0.7455145174166983
60654,0.23513593008109587
20141,0.8112105550653389
55834,0.6770872725744779
77745,0.141644606916257
1755,0.015000630278583135
149,0.9402390856758688
58419,0.5182780789108786
43307,0.7458926845665784
53261,0.5942266481784949
75149,0.6941888314635069
34382,0.6277784780873147
5830,0.9380436152779529
69307,0.3934409008781882
28344,0.5912643388377664
77845,0.16998613387117104
2016,0.040358838606664144
5193,0.10628597840245387
78439,0.07886886003613597
78643,0.5490146644817009
33372,0.7208706248161687
38098,0.0938694903147191
58906,0.9492520694146812
11174,0.26047312912307236
866,0.6360141182402622
12756,0.37806210344972474
23397,0.3045716206563301
49396,0.6941258036051935
74286,0.08265053153493844
62223,0.763393419891592
4478,0.8106012857683096
57451,0.850056725072482
55955,0.5662632883734612
77461,0.85032984579184
16866,0.7598428505399387
43989,0.13597209966805326
4508,0.9389995377957057
70881,0.3267574267826379
64948,0.3693012311441657
56096,0.9389995377957057
65889,0.6668347409555023
69997,0.6679272238329341
45566,0.3712340854657759
17158,0.4026429681919408
69410,0.852619857977226
65716,0.17166687675952771
12639,0.19250808857515023
63296,0.2928064204378335
60181,0.4653766964998529
24545,0.9389995377957057
60195,0.702865666624648
26755,0.7831421488297828
7437,0.9434955250220597
34569,0.08149502079919324
365,0.9494516576326736
14649,0.8934198915920838
15083,0.9424660700029412
58602,0.27356191436614985
55382,0.5594142611034078
55655,0.9492520694146812
78605,0.9402390856758688
2802,0.9182738770536577
58183,0.36428001176520025
72333,0.5636791461826127
70642,0.9402390856758688
56894,0.3952897180553805
12857,0.6123786713727467
78375,0.28587335602336233
24854,0.41674019916803234
1246,0.9465208622211017
22746,0.25564099331904705
13747,0.19628976007395268
30616,0.574236312450103
36822,0.8237530988697004
38700,0.40138241102567335
68776,0.6410983654775411
61757,0.7151140804235473
72631,0.41104668263372407
14729,0.40802134543468216
6476,0.33056010756754484
11320,0.07430984495146854
22229,0.6608681037018362
69931,0.2459136938526829
47735,0.5845623765704441
77733,0.9806189335686373
69104,0.25110298752048404
7690,0.5845623765704441
32873,0.8281440396655322
21535,0.6604269086936426
76644,0.8415899827723855
38263,0.17067944031261817
39852,0.091159292407244
17358,0.979778562124459
58421,0.4997899071389554
37068,0.47928484390100423
71484,0.9738119248707928
38641,0.2570065969158368
37607,0.16931383671582836
19421,0.7741711836631792
1790,0.613534182108492
48357,0.8528719694104794
63295,0.174293037522585
13740,0.4058783982520274
55873,0.4614479599983192
39964,0.5820412622379092
25652,0.5391823185848145
40233,0.9564477499054581
51978,0.4738014202277407
9231,0.39638220093281235
47830,0.5479221816042691
65547,0.35385940585738895
10840,0.16853649312996344
38637,0.1545443085843943
1404,0.7781944619521829
44226,0.7159544518677255
49933,0.14452287911256775
1696,0.18458758771376949
31959,0.02527417118366318
61265,0.570339089877726
71873,0.053279549560905914
62176,0.8607084331274423
2432,0.6355729232320686
34113,0.7630782806000251
22621,0.5616622547165847
65909,0.32081179881507627
910,0.12101348796167906
14916,0.3920963065675028
28183,0.34314466994411524
72507,0.2712088743224505
52552,0.9624984243035422
63191,0.9778772217320055
2403,0.3756460355477121
72515,0.2090423967393588
32162,0.7781944619521829
28744,0.18233959410059244
21687,0.40781125257363754
39535,0.5200638682297576
11416,0.8162527837304089
34013,0.08895331736627589
53518,0.9838963822009328
1196,0.7231816462876591
29903,0.0914114038404975
50576,0.8688600361359722
15705,0.7206815412412286
64858,0.3768435648556661
65793,0.7852430774402285
16366,0.5590360939535275
66946,0.7070465145594352
57633,0.7832892138325139
4726,0.33482499264674986
7447,0.17101558889028948
24723,0.3593428295306526
25193,0.4028530610529854
78055,0.30129417202403463
70321,0.3199924366570024
13664,0.570339089877726
9305,0.27303668221353833
1726,0.7510819782343795
73840,0.1664565738056221
28798,0.7682675742678263
57033,0.570339089877726
21515,0.1393335854447666
5913,0.560800873986302
24844,0.3556241858901634
12517,0.5757174671204672
51806,0.6297113324089247
57746,0.28444472456825914
76863,0.15324173284591788
1380,0.22000924408588596
69225,0.7075717467120467
28068,0.4742636245220388
53912,0.4114458590697088
10436,0.979778562124459
34414,0.42690869364259004
15660,0.5845623765704441
36559,0.7070885331316442
54952,0.7532879532753477
66189,0.35564519517626786
44434,0.02666078406655742
3622,0.6167275935963696
70865,0.9798941131980335
7220,0.5823774108155805
11163,0.7510819782343795
62364,0.48354972898020926
65549,0.3367998655405689
59861,0.35654859447875964
2811,0.6474851884532964
11162,0.5830286986848187
46247,0.574236312450103
69673,0.17261229463422834
30629,0.7969032312282028
44564,0.7257027606201941
12364,0.3984831295432581
51311,0.3431026513719064
67043,0.38669692003865713
37135,0.46058657926803653
43357,0.1210975251060969
29048,0.38266313710660116
60999,0.21072313962771547
34417,0.002100928610445817
21275,0.7439808395310727
15929,0.9017395688894491
49883,0.8801630320601705
62785,0.10118072187907055
38375,0.09853355182990882
36913,0.8795537627631412
40970,0.3570318080591622
60777,0.015693936720030256
47599,0.014643472414807346
46372,0.8801630320601705
78112,0.298562964830455
21606,0.5186142274885498
27329,0.5077734358586495
14964,0.47705785957393165
20461,0.5188033110634901
5296,0.16414555233413167
12121,0.8944493466112021
19511,0.8787974284633808
68951,0.428925585108618
47929,0.8788604563216942
22370,0.3069456699861339
32584,0.8233329131476111
27714,0.8806987688558342
46931,0.8816336820874827
12214,0.2889197025085088
58329,0.432413126601958
74267,0.5576704903567377
64223,0.5454430858439431
50763,0.5798983150552545
17324,0.3980209252489601
62710,0.3457078028488592
53176,0.23895962015210723
60646,0.4205638892390436
30784,0.33141098365477545
8750,0.8829467624690114
33514,0.3762132862725325
69620,0.7350308836505736
35646,0.4765956552796336
68188,0.8807933106433042
21330,0.8801630320601705
11596,0.49720576494810703
18206,0.14786335560317662
1313,0.4301231144165721
56566,0.7346106979284844
561,0.8157065422916929
33726,0.7846968360015126
39995,0.8795537627631412
5388,0.8795537627631412
9853,0.1740829446615404
70659,0.7197361233665279
41003,0.20565990167654102
47554,0.09113828312113954
41616,0.8795537627631412
45680,0.2143157275515778
36143,0.5014076221689986
10893,0.8822639606706164
50622,0.3727047354930879
10392,0.4378965502752217
35168,0.24879196604899367
7311,0.5617673011471069
54640,0.8795537627631412
17277,0.8818332703054749
64205,0.41064750619773943
25558,0.6675700659691582
35394,0.8795537627631412
33013,0.8818332703054749
11341,0.7401781587461658
52301,0.751187024664902
56177,0.8807933106433042
3347,0.3951216437665448
61261,0.09069708811294593
28262,0.11137022563973276
49229,0.8814551031555947
77032,0.40405059036093954
19972,0.6079667212908105
28877,0.8807933106433042
56132,0.8820328585234675
39420,0.8795537627631412
4948,0.07342745493508131
43221,0.53741753855204
9968,0.3507080129417202
65630,0.8806987688558342
51884,0.27255346863313584
28315,0.37917559561326114
6792,0.14153956048573468
72059,0.22175301483255597
13451,0.44119500819362156
40613,0.8365687633934199
67422,0.8811084499348713
77706,0.33141098365477545
51721,0.6912895499810916
71310,0.8806987688558342
71449,0.7506197739400816
20708,0.13876633471994623
40959,0.836799865540569
50412,0.17912517332661038
3,0.8811294592209759
16092,0.8806987688558342
68296,0.20055464515315768
44991,0.5201479053741754
9426,0.8795537627631412
68712,0.24910710534056055
26426,0.7760200008403714
11295,0.609773519895794
16305,0.5084037144417832
35234,0.8814551031555947
54546,0.8829467624690114
14275,0.2982898441110971
7849,0.6683684188411277
48381,0.746333879574772
25026,0.3964452287911257
77353,0.22824488423883357
68048,0.8806987688558342
15249,0.7075507374259423
75051,0.172780368923064
70028,0.14822051346695242
67854,0.6239337787301987
7087,0.05466616244380016
10083,0.8795537627631412
66692,0.5105886801966469
2487,0.40961805117862093
72446,0.6126517920921047
59073,0.042144627925543084
22949,0.038173872851800496
55674,0.34707340644564894
19382,0.5447287701163914
19552,0.6125257363754779
13542,0.14509012983738812
73917,0.6626328837346107
69929,0.8213790495398966
73920,0.09800831967729735
55990,0.3850792050086138
18848,0.21837051976973823
72001,0.32812303037942775
8860,0.47993613177024247
32329,0.3687339804193453
34960,0.5847934787175931
9922,0.599689062565654
45785,0.7488549939073071
40932,0.6078826841463928
49833,0.6708895331736627
23978,0.7749275179629396
63002,0.3723685869154166
12819,0.828186058237741
38678,0.14509012983738814
71590,0.5830286986848187
31386,0.03872011429051641
38016,0.849321400058826
72373,0.6040589940753813
40089,0.038005798562964835
56734,0.03872011429051641
20432,0.6020000840371444
46911,0.678641959746208
34630,0.23066095214084625
75609,0.6012017311651751
18707,0.25601916046892725
10096,0.7195470397915879
13935,0.8358334383797638
55898,0.7331610571872768
27332,0.5603596789781083
32070,0.38802050506323793
51645,0.7331295432581201
7613,0.8150132358502459
76410,0.4094919954619942
2890,0.7686667507038111
54098,0.8300768939871425
66325,0.7080234463632925
10132,0.12929114668683558
19732,0.7150930711374427
74080,0.04266986007815454
25739,0.3435438463801
71892,0.6355939325181731
54438,0.6073154334215723
19570,0.7394428337325097
46405,0.7080234463632925
36170,0.11347115425017858
14856,0.39995377957057016
56236,0.32413126601958064
36146,0.1876549434850204
33352,0.738119248707929
9973,0.6807008697844447
30721,0.718181436194798
28364,0.6368334803983361
60304,0.3457288121349637
25706,0.44176225891844195
32450,0.10878608344888441
35970,0.8490482793394681
72524,0.5485734694735073
47966,0.8385856548594478
802,0.6997773015672927
52684,0.5148955838480608
41942,0.04676667086852388
30985,0.6787049876045211
25369,0.7795075423337114
37942,0.4332114794739275
39268,0.5236984747258288
73470,0.4456489768477667
17353,0.5699819320139502
45616,0.03890919786545653
52244,0.5554855246018741
18321,0.006008655825875037
32223,0.8594898945333838
40478,0.7316063700155468
6854,0.7284969956720871
35525,0.5742047985209463
6459,0.38724316147737303
13807,0.03872011429051641
39711,0.730513887138115
78471,0.3183327030547502
75402,0.7331295432581201
36491,0.3544896844405227
8078,0.7107021303416109
2957,0.5768729778562124
38384,0.7351149207949913
10975,0.7470271860162191
45648,0.7962309340728603
13445,0.48123870750871883
61773,0.3149712172780369
46145,0.1891466027984369
28342,0.5161561410143283
42250,0.11256775494768688
62183,0.6011807218790706
35170,0.6225051472750955
57889,0.6904701878230178
12398,0.14498508340686583
39292,0.29845791839993274
77311,0.4582335392243371
26383,0.36230513887138116
61717,0.7525946468339005
23297,0.13277868818017566
18386,0.9656918357914197
34471,0.5371234085465776
38410,0.9618051178620951
75277,0.2257657884785075
33893,0.15198117567965042
37290,0.9714903987562501
66355,0.8417160384890122
45772,0.02735409050800454
63172,0.5596453632505567
42532,0.6200260515147695
34458,0.41703432917349464
46927,0.7022984158998277
60149,0.8274297239379806
18596,0.9641581579057944
73652,0.9626454893062734
4678,0.6785159040295811
53473,0.9591264338837767
51260,0.9620992478675574
75079,0.3483549728980209
25762,0.5075843522837094
28550,0.8263162317744444
44649,0.6258666330518089
52187,0.09983612756838522
4332,0.9572671120635321
70200,0.9591264338837767
5191,0.9591789570990378
27863,0.5897306609521409
35136,0.46283457288121355
71493,0.9641581579057944
16143,0.49241564771629065
34415,0.5706962477415017
37564,0.5139291566872558
12885,0.9591789570990378
15402,0.06483465691835792
31114,0.33158956258666333
47079,0.8622841295852767
56867,0.42646749863439637
18977,0.8647001974872893
6850,0.43171982016051097
57176,0.7607252405563258
60157,0.403294256061179
66962,0.9746943148871802
72727,0.6613933358544477
42488,0.9648934829194503
43210,0.6719610067649903
59897,0.9572671120635321
1106,0.4042606832219841
32276,0.4290096222530358
49391,0.7933736711626539
45854,0.37930165132988786
28226,0.9572671120635321
8573,0.6739148703727048
41917,0.8777259548720534
64840,0.31431992940879866
3197,0.5178999117609985
26614,0.6821295012395479
77068,0.5139291566872558
487,0.7794235051892938
371,0.5092020673137526
18896,0.6179251229043237
76982,0.7629942434556073
15408,0.09424765746459934
64211,0.4426656582209336
8838,0.6430102105130467
30409,0.4824992646749864
19623,0.35150636581368966
16683,0.21505105256523382
60108,0.9587902853061053
49298,0.8649943274927518
30870,0.7580360519349553
34816,0.9626454893062734
24004,0.8631455103155594
16941,0.7607987730576915
75117,0.13487961679062146
13267,0.7662506828017984
38453,0.6307828060002522
61780,0.5092020673137526
3633,0.623303500147065
16494,0.006491869406277574
15894,0.2921551325685953
11657,0.5092020673137526
18523,0.2715660321862263
33735,0.4195764527921341
25319,0.7773015672927434
66206,0.727845707802849
32874,0.5131728223874953
78586,0.9646203622000925
53633,0.7614815748560865
74820,0.9641581579057944
34208,0.1599647043993445
15776,0.9619521828648262
39466,0.9591789570990378
22959,0.9198075549392831
37580,0.7617546955754445
72680,0.576116643556452
3259,0.9572671120635321
55284,0.516366233875373
29991,0.7228244884238834
13878,0.8929997058699946
48826,0.5139291566872558
4945,0.3539224337157023
40101,0.5139291566872558
34333,0.1320013445943107
50987,0.9564582545485104
25763,0.5200848775158621
11761,0.5809697886465818
42734,0.5139291566872558
49574,0.8215051052565233
29378,0.4703348880205051
78711,0.9626454893062734
57655,0.9626980125215345
35772,0.4282532879532754
44485,0.5737425942266482
12056,0.33883776629270135
66401,0.6448590276902392
34078,0.30142022774066135
11346,0.8036682213538384
61528,0.9576452792134122
2197,0.3495735114920795
70103,0.49716374637589816
24125,0.5208412118156226
36738,0.6109920584898525
35283,0.6835161141224422
15755,0.6578637757888987
77951,0.9660489936551957
47014,0.7485818731879491
7834,0.9576452792134122
76783,0.7623639648724737
12882,0.9572671120635321
20370,0.644165721248792
21391,0.947770914744317
11250,0.4378335224169083
9778,0.6343123660658011
76132,0.7415437623429556
73433,0.9583595949409639
70794,0.576116643556452
72768,0.15355687213748478
65295,0.7981637883944703
5323,0.5715996470439934
50232,0.7688768435648557
11587,0.5204000168074289
26371,0.8694062775746879
36070,0.7607987730576915
35202,0.9591264338837767
23228,0.09529812176982226
12042,0.06330097903273248
61417,0.3922223622841296
72041,0.9641581579057944
38175,0.25030463464851466
26752,0.7599899155426698
71320,0.6490818941972352
4410,0.17345266607840668
60562,0.1582209336526745
54413,0.4015925038867179
42783,0.25125005252321525
74849,0.07607462498424304
38180,0.4302281608470944
5575,0.6518131013908147
16935,0.24185890163452242
35826,0.734001428631455
63756,0.9118450355056935
31499,0.9289676036808269
74945,0.7598743644690954
75435,0.8376822555569562
77724,0.3704987604521199
8494,0.16406151518971387
5436,0.9339468044875835
74889,0.2810412202193369
54214,0.5219757132652633
47280,0.396319173074499
32472,0.4582545485104416
18483,0.9374343459809236
45000,0.2668599520988277
75672,0.722677423421152
78863,0.11639144501869829
37910,0.759716794823312
43398,0.44922055548552464
20801,0.8291314761124418
41709,0.42033278709189464
26873,0.10901718559603346
16407,0.07857473003067356
68471,0.9329803773267784
10795,0.9379910920626918
48076,0.9268876843564856
69848,0.8116097315013237
14692,0.8134585486785159
26987,0.19494516576326734
1354,0.7710618093197193
5753,0.7721753014832556
37067,0.7598743644690954
1876,0.4123912769444094
24407,0.7593281230303793
3413,0.9290936593974536
10417,0.6476322534560276
19240,0.8253287953275348
65937,0.7598743644690954
45533,0.0897516702382453
16044,0.48455817471322327
62620,0.8297197361233666
43020,0.933967813773688
39374,0.0798562964830455
21183,0.12357662086642296
30256,0.4736543552250094
25571,0.42942980797512503
26206,0.9353334173704777
70383,0.9406277574688012
42368,0.0796672129081054
41549,0.24471616454472875
64801,0.7598743644690954
77022,0.9374343459809236
46716,0.8897012479515946
66134,0.9379910920626918
1103,0.6669187780999201
7234,0.7646119584856507
47457,0.9281797554519097
10515,0.7803689230639943
77821,0.14370351695449388
66056,0.7410605487625531
34524,0.11233665280053784
37277,0.3177444430438254
45688,0.4293037522584983
48878,0.4722467330560107
70800,0.854825833018194
33838,0.37528887768393626
47953,0.651455943527039
8420,0.6800705912013111
22996,0.8501197529307954
32695,0.7724589268456657
66202,0.16555317450313037
74068,0.19099541997562922
57858,0.6572755157779738
23705,0.9281797554519097
58877,0.7724589268456657
76911,0.11996302365645617
37685,0.8690281104248078
7066,0.9458590697088113
78695,0.9320979873103911
68516,0.8299088196983067
61294,0.8558552880373126
77907,0.7160805075843523
61915,0.30213454346821295
6862,0.7285180049581915
32451,0.9264044707760831
72621,0.7593281230303793
43877,0.060653808983570735
46413,0.7194209840749611
48138,0.058752468591117275
27251,0.7219631076936005
41153,0.06428841547964201
52961,0.06075885541409303
65481,0.6414765326274213
59847,0.6433148451615615
39710,0.32778688180175636
58972,0.060307155762847175
53413,0.7005756544392622
20081,0.39722257237699066
17734,0.45913693852682885
38675,0.018729778562124457
49511,0.32774486322954743
15211,0.08044455649397034
74456,0.5691415605697717
69587,0.390772721542922
13895,0.5737110802974915
40474,0.4372032438337745
16957,0.4224337157023405
64472,0.060653808983570735
6373,0.7067944031261817
7245,0.06075885541409303
44646,0.8100970629018026
5063,0.684566578427665
36371,0.08481448800369763
27564,0.704378335224169
15765,0.06075885541409303
23333,0.576347745703601
40525,0.6433148451615615
42407,0.1233455187192739
25597,0.059918483969914706
26443,0.14813647632253457
26146,0.5880709273498886
19769,0.12401781587461659
25959,0.3552460187402832
56863,0.08004538005798563
7870,0.3139837808311274
42439,0.19809655867893605
5410,0.08181016009076013
50256,0.12559351233245095
37208,0.06166225471658473
73390,0.7141686625488467
38890,0.06075885541409303
35257,0.4687381822765662
68828,0.2186856590613051
37311,0.06428841547964201
57379,0.5582797596537669
68937,0.5301483255598974
53016,0.6433148451615615
67809,0.3086684314466995
14430,0.536093953527459
27229,0.8348039833606454
62673,0.07676793142569016
35455,0.05950880289087776
61751,0.05950880289087776
45592,0.06075885541409303
27413,0.06075885541409303
12337,0.14280011765200218
27786,0.062271524013614014
9965,0.03993865288457498
10636,0.013046766670868523
32625,0.6437035169544938
21169,0.061452161855540144
42496,0.6838942812723223
13232,0.2034749359216774
2740,0.3644270767679314
13202,0.3123450565149796
48368,0.4680238665490147
69894,0.058752468591117275
43311,0.6397957897390647
28755,0.7027396109080214
73680,0.045695197277196516
48341,0.5914534224127065
47308,0.2863565696037649
75044,0.060307155762847175
41832,0.5295600655489726
49509,0.22372788772637506
62436,0.6422958947854952
27938,0.06075885541409303
20969,0.6648598680616833
48507,0.062271524013614014
17222,0.6819194083785033
57226,0.06075885541409303
71328,0.06075885541409303
67263,0.5372704735493089
18609,0.062271524013614014
51515,0.5694356905752342
61246,0.03210218916761209
47323,0.5900668095298122
19564,0.7555989747468382
43053,0.06075885541409303
3986,0.019948317156183032
78667,0.1414975419135258
48522,0.7286650699609227
61598,0.8429345770830707
20608,0.4282532879532754
1068,0.05950880289087776
24486,0.06191436614983823
59011,0.5737110802974915
10941,0.2367116265389302
73830,0.34268246564981725
44150,0.525820412622379
28206,0.22580780705071643
63601,0.06075885541409303
66426,0.060653808983570735
10482,0.5078784822891719
5154,0.8136266229673516
34732,0.05950880289087776
12063,0.6433148451615615
1910,0.10851296272952644
15691,0.062271524013614014
39602,0.062271524013614014
4135,0.45743518635236774
68275,0.5842472372788773
68372,0.06428841547964201
44224,0.41938736921719405
7214,0.38173872851800494
36539,0.22318164628765916
68922,0.07725114500609269
78968,0.7292323206857431
133,0.6190176057817555
47099,0.5737215849405437
33350,0.9041976553636708
9717,0.31881591663515274
55992,0.14312576158662127
33162,0.10868103701836211
58454,0.4727929744947266
63322,0.9218979789066767
29566,0.8189419723517793
30816,0.9177801588302029
53081,0.709420563889239
13704,0.9498193201395017
36496,0.8268624732131603
50494,0.1349006260767259
20662,0.9218979789066767
26854,0.14857767133072816
79064,0.9177801588302029
44195,0.7234757762931215
20596,0.6779486533047607
28075,0.4954199756292281
37382,0.7230555905710324
17359,0.3868439850413883
8594,0.22809781923610237
46937,0.16477583091726541
10151,0.03825790999621833
22607,0.9062775746880121
20983,0.5699189041556368
19788,0.9177486449010462
70249,0.5571452582041263
74346,0.6449850834068659
75621,0.5936804067397788
78642,0.14689692844237154
8072,0.6322534560275642
11768,0.30667254926677595
18808,0.7017311651750074
38033,0.1546913735871255
55824,0.3509811336610782
38932,0.5364931299634438
54848,0.9285369133156856
21361,0.13355603176604058
23933,0.6587461658052859
71018,0.22818185638052016
78572,0.661960586579268
50312,0.17305348964242195
6896,0.7799487373419051
61083,0.9177486449010462
27886,0.9205113660237826
49962,0.534896424219505
18769,0.6292701374007312
47086,0.06863733770326484
35419,0.871108029749149
17460,0.5173326610361779
32126,0.47375940165553176
8790,0.5433841758057062
48114,0.9177801588302029
3191,0.6676961216857852
52773,0.9205113660237826
45118,0.25366612042522796
3651,0.31812261019370563
57443,0.8621790831547544
38745,0.8716962897600739
68907,0.8385856548594478
42373,0.7572166897768814
60214,0.9177486449010462
20843,0.09739905038026808
74737,0.71597546115383
67301,0.10128576830959284
76457,0.1410773561914366
10861,0.8079120971469389
26709,0.5707592755998151
58009,0.13914450186982646
15630,0.31749233161057183
28528,0.5348754149334006
7904,0.9334530862641288
28616,0.2498214210681121
13335,0.07023404344720367
14693,0.6971931593764444
46220,0.7730366822135384
46762,0.6998403294256063
11540,0.17519643682507668
17128,0.9177801588302029
50831,0.2288331442497584
71821,0.8833774528341527
6274,0.9285369133156856
45713,0.89104584226228
56748,0.185070801294172
8537,0.11628639858817598
54647,0.24362368166729695
30029,0.3094037564603555
41965,0.9253224925417034
59625,0.7338753729148283
77304,0.32595907391066853
20720,0.9129165090970209
75417,0.676730114710702
70199,0.8279969746628009
21499,0.14312576158662127
56327,0.9177486449010462
46183,0.28877263750577753
13307,0.7758309172654313
32960,0.7647590234883818
3642,0.48323458968864236
26337,0.6845875877137694
34269,0.9177486449010462
65558,0.21538720114290513
36487,0.5677129291146686
62148,0.9218034371192066
35671,0.46646917937728477
5535,0.7096096474641792
19277,0.9124122862305138
56573,0.6191856800705912
22913,0.10391192907265012
17208,0.42415647716290605
76686,0.2507248203706038
10293,0.6061284087566704
36391,0.7049665952350939
69796,0.8906466658262953
37494,0.5966847346527165
67006,0.1920668935669566
30937,0.8002437077188116
25497,0.680805916214967
77079,0.12884995167864197
54155,0.9507437287280979
35011,0.6503844699357115
369,0.01273162737930165
969,0.17607882684146392
44554,0.6164334635909072
58760,0.25862431194588004
9492,0.025043069036514137
16449,0.26108239842010167
30349,0.6073364427076767
36614,0.2185806126307828
11018,0.5285726291020632
64341,0.5679335266187655
33173,0.7423631245010295
79167,0.3031219799151225
10684,0.46083869070129
51508,0.33295516618345306
3233,0.13307281818563807
76390,0.3253287953275348
18303,0.17364174965334678
28512,0.3623471574435901
50722,0.33908987772595484
1832,0.28717593176183875
1243,0.13969074330854236
74540,0.3005588470103786
52022,0.8338795747720492
72393,0.20591201310979454
50478,0.3388377662927014
70193,0.5243287533089626
28907,0.9028950796251943
8999,0.7014790537417538
59056,0.35146434724148073
58646,0.17320055464515316
41112,0.31795453590486994
35758,0.11040379847892767
73140,0.6059078112525736
7491,0.11962687507878482
18162,0.2649270977772175
46390,0.32037060380688265
73052,0.33280810118072185
50375,0.7573847640657171
67314,0.5276272112273626
24162,0.29009622253035844
32313,0.44707760830286986
15112,0.9049749989495357
67360,0.7050821463086684
57854,0.3508130593722425
23028,0.12588764233791336
63723,0.9011618135215764
22785,0.7050821463086684
47259,0.5679335266187655
19936,0.20194125803605192
12179,0.9031892096306567
21631,0.2110382789192823
56326,0.9148493634186311
51041,0.9031892096306567
14780,0.21349636539350395
16620,0.2719862179083155
66274,0.5029202907685196
16609,0.2823227866717089
57090,0.7011849237362915
3294,0.9028950796251943
44253,0.34988865078364634
73578,0.13097188957519224
23291,0.054330013866128825
3846,0.7377410815580486
28470,0.10284045548132274
47820,0.6480524391781167
54704,0.2631202991722342
74691,0.9055002311021472
13778,0.3930417244422035
75842,0.6392495483003487
22302,0.624543048027228
45808,0.0769990335728392
37793,0.0766418757090634
67195,0.3662758939451238
32981,0.6315391403000126
78277,0.5876087230555905
48115,0.7385184251439135
1215,0.01367704525400227
21578,0.45926299424345557
63080,0.608449934871213
58704,0.10996260347073405
15763,0.9031892096306567
64281,0.6022942140426069
65132,0.5813269465103575
37680,0.6547754107315433
58409,0.9011618135215764
68105,0.7163536283037102
2106,0.9011618135215764
9506,0.10750451699651246
2414,0.9132841716038489
32215,0.5581116853649313
835,0.9011618135215764
42579,0.3013992184545569
22420,0.7430774402285811
12538,0.06741879910920627
46058,0.2040001680742888
59759,0.9065506954073701
13164,0.5105256523383336
50183,0.909386949031472
22937,0.9018236060338669
44144,0.8300348754149334
50540,0.1500693306441447
51154,0.8931047523005168
5610,0.6108449934871213
11908,0.9031892096306567
4582,0.38400773141728645
15090,0.9204693474515736
9678,0.36249422244632123
60927,0.6901340392453464
2524,0.2565443926215387
46951,0.24099752090423968
55207,0.09746207823858144
56412,0.9031892096306567
68520,0.23488381864784236
75620,0.9031892096306567
19463,0.4627085171645868
54713,0.7467120467246522
4783,0.660489936551956
30783,0.39705449808815496
19559,0.905951930753393
4382,0.17095256103197612
38193,0.1313920752972814
33761,0.914387159124333
55557,0.6061284087566704
7643,0.3171141644606916
39221,0.7851590402958107
79151,0.3446993571158452
20188,0.5781545443085844
35282,0.4053321568133115
7374,0.21629060044539686
53020,0.33287112903903526
47709,0.33499306693558556
26740,0.9031892096306567
75558,0.8575360309256691
59275,0.39354594730871045
10620,0.6169586957435186
53916,0.14021597546115383
66923,0.480650447497794
76928,0.22708937350308836
21324,0.6061284087566704
556,0.43266523803521156
18706,0.3847430564309425
16705,0.8040253792176141
35864,0.38547838144459856
3286,0.7663347199462164
9931,0.16389344090087818
50223,0.30900458002437076
7848,0.9028950796251943
1314,0.6061284087566704
26470,0.13263162317744445
63768,0.7043993445102735
57573,0.3964452287911257
27910,0.33637967981847977
38232,0.37713769486112864
14707,0.18200344552292114
44014,0.7672171099626035
42400,0.2655573763603513
25758,0.2299256271271902
39340,0.9069918904155636
18654,0.9156056977183914
18257,0.7701163914450188
2973,0.9306588512122357
17807,0.0792050086138073
79318,0.07426782637925965
29284,0.3080801714357746
43075,0.01800495819152065
2766,0.39107735619143663
1542,0.1368124711122316
26850,0.5097693180385731
59947,0.7052607252405564
27473,0.9064876675490567
20992,0.992846338081432
51953,0.02130341610992059
76539,0.9916908273456868
29333,0.9448821379049539
32377,0.29711332408924745
58437,0.4086306147317114
73986,0.6871717299046178
62258,0.3051388713811505
56800,0.6794403126181773
3772,0.07336442707676794
46229,0.9919009202067314
4656,0.0028362536241018535
38099,0.39107735619143663
58383,0.07142106811210554
11435,0.4104794319089038
78656,0.0799613429135678
295,0.9460481532837514
41035,0.2520273961090802
56248,0.9952098827681836
46158,0.18185638052018993
27500,0.016807428883566535
1738,0.9352178662969033
39030,0.9353229127274254
20366,0.9306588512122357
15358,0.24778352031597964
36114,0.2454514895583848
8315,0.07142106811210554
9720,0.5127736459515105
74701,0.38886087650741624
21323,0.40081516030085296
43891,0.2773856044371612
30298,0.5369763435438464
32827,0.6428211269381067
53015,0.9923316105718728
76156,0.9306588512122357
57558,0.3364637169628976
29060,0.5050002100928611
59636,0.19923106012857683
28943,0.1806588512122358
77865,0.47966301105088444
3436,0.6303311063490062
17323,0.2075297281398378
73881,0.7211017269633176
55699,0.2813983780831127
74156,0.9908189419723518
44528,0.25543090045800243
16139,0.26959115929240723
42943,0.17841085759905875
52067,0.38596159502500105
5994,0.3959830244968276
9108,0.7994243455607379
57481,0.6179881507626371
26394,0.3793541745451489
56948,0.019475608218832725
77444,0.9306588512122357
34841,0.9919009202067314
44141,0.4216143535442665
13336,0.9287049876045211
3514,0.9919009202067314
49038,0.24448506239757975
42720,0.9477499054582127
49112,0.38733770326484307
3783,0.13143409386949031
76413,0.9306588512122357
31226,0.6311399638640279
65422,0.12953275347703685
9337,0.05472919030211353
15386,0.9306588512122357
10703,0.3793541745451489
70401,0.6698810874406488
71622,0.9487688558342787
48038,0.6492919870582797
4925,0.15460733644270766
4533,0.9406697760410102
78973,0.9353229127274254
38171,0.5409891171897979
4056,0.6089541577377201
23536,0.9010042438757931
11954,0.9348712130761797
28401,0.28087314593050133
2851,0.12912307239799992
43006,0.26999033572839193
75136,0.7557880583217783
46074,0.9659019286524644
73941,0.6845455691415605
12880,0.1620236144375814
44913,0.9306588512122357
42749,0.7024664901886634
25021,0.025127106180931974
23770,0.9557334341779068
71056,0.4972898020925249
66395,0.308878524307744
15883,0.36598176393966125
5973,0.03193411487877642
20824,0.456069582755578
62666,0.8260431110550863
40644,0.9916908273456868
79012,0.2329929828984411
596,0.7877221732005547
8805,0.9306588512122357
41955,0.992846338081432
65213,0.9306588512122357
1952,0.9013824110256733
74936,0.19261313500567248
71186,0.3483549728980209
7911,0.43279129375183834
56097,0.9916908273456868
59118,0.3878734400605068
68050,0.14689692844237154
39501,0.9306903651413925
7527,0.9795579646203622
63646,0.36560359678978105
4701,0.9340728602042102
59790,0.6387243161477373
27627,0.37846127988570943
24977,0.07956216647758309
48929,0.4841379889911341
25009,0.6189335686373377
73242,0.037648640699189044
9216,0.3721374847682675
56631,0.9908189419723518
20540,0.2654313206437245
61893,0.6518551199630237
73670,0.9356590613050968
29188,0.18887348207907895
20626,0.23005168284381697
5425,0.3791545863271566
13266,0.39669734022437914
28841,0.995188873482079
47935,0.9485482583301819
34319,0.649207949913862
17394,0.25150216395646874
23520,0.9937392327408715
60092,0.9237467960838691
10930,0.9937392327408715
43823,0.6875078784822892
21360,0.6969620572292953
728,0.992846338081432
48894,0.29669313836715827
14592,0.23931677801588302
57895,0.9937392327408715
73611,0.9919009202067314
65868,0.6303311063490062
55312,0.24824572461027775
57852,0.9916908273456868
65748,0.26541031135762005
78502,0.9466469179377285
35032,0.07617967141476532
44136,0.3891129879406698
3544,0.9306588512122357
34207,0.9340728602042102
10708,0.9627295264506911
19253,0.15654019076431783
51587,0.8913189629816379
13238,0.2606622126980125
55983,0.48682717761250477
4793,0.688096138493214
7958,0.6793142569015505
2018,0.0583637967981848
33689,0.6254254380436152
70405,0.33747216269591157
10977,0.3939241144585907
454,0.9911130719778142
52128,0.22988360855498127
42617,0.6321904281692509
68994,0.9507752426572544
76790,0.9340728602042102
17044,0.9937392327408715
36902,0.992846338081432
23807,0.12842976595655278
35508,0.2284129585276692
25989,0.6310769360057145
56322,0.9448821379049539
68323,0.36850287827219635
36840,0.4598092356821715
29826,0.8279969746628009
24075,0.9945585948989454
8223,0.12953275347703685
8124,0.5156729274339258
39132,0.9356590613050968
47219,0.5804445564939703
5797,0.6995882179923526
36446,0.8277868818017563
76901,0.8370939955460314
60120,0.6950081936215807
29681,0.2759359636959536
5189,0.3920752972813984
19614,0.7962309340728603
35031,0.5892894659439473
19158,0.3837976385562419
18734,0.6383251397117525
60664,0.28114626664985926
5058,0.4961763099289886
74666,0.13122400100844575
13187,0.7600109248287743
1780,0.7958317576368755
35322,0.7680994999789906
62120,0.7413336694819109
79242,0.39007941510147487
68223,0.6498592377831002
66577,0.5610950039917645
44461,0.08374301441237027
50716,0.4784864910290348
16940,0.17341064750619772
68608,0.3916341022732048
40298,0.7806000252111435
37147,0.3805201899239464
29505,0.7551577797386445
50569,0.2930165132988781
28562,0.23421152149249969
58702,0.5538678095718308
74269,0.5167654103113576
7962,0.5727551577797386
40168,0.25141812681205095
1907,0.17095256103197612
65055,0.7302407664187571
59558,0.21668977688138155
50391,0.62233707298626
25346,0.34598092356821714
54944,0.35282995083827057
13504,0.20145804445564938
67561,0.5548132274465314
47658,0.5829656708265053
45407,0.7701584100172276
17398,0.7052187066683473
47600,0.040652968612126555
62371,0.23198453716542713
29,0.2800747930585319
62638,0.1811210555065339
9719,0.11580318500777344
33124,0.7154502290012186
58774,0.4443043825370814
68707,0.7848649102903483
31664,0.23433757720912643
32464,0.7195890583637968
50469,0.7498844489264255
54402,0.3867599478969705
11561,0.6709735703180807
57677,0.5568931467708728
56018,0.6994621622757259
69212,0.6574856086390185
20609,0.17626791041640408
46532,0.747573427454935
6750,0.7440648766754906
32889,0.06294382116895668
6795,0.7055968738182278
45891,0.7687507878482288
46452,0.6006764990125636
65865,0.2278667170889533
70247,0.5027732257657885
19666,0.7919660489936552
67907,0.07517122568175134
58048,0.7946132190428169
15792,0.4408378503298458
75617,0.32904743896802385
64511,0.13158115887222152
18563,0.38793646791882014
70435,0.3988087734778772
37922,0.8000966427160804
66746,0.7736249422244632
13363,0.3788814656077986
45837,0.6872767763351401
39833,0.5497499894953569
35892,0.6172318164628766
65615,0.04659859657968823
49403,0.5533005588470102
78161,0.289297869658389
22761,0.23490482793394682
78459,0.7218580612630783
71319,0.6213916551115592
71219,0.19895793940921888
9494,0.6693138367158283
3982,0.7369847472582882
58467,0.752195470397916
20391,0.6633471994621623
50714,0.7328879364679187
15606,0.17257027606201944
71750,0.32650531534938443
19642,0.8542375730072692
53694,0.6756586411193748
34551,0.7760200008403714
63249,0.2675217446111181
13276,0.3402033698894911
5545,0.2776797344426236
78581,0.3507920500861381
77777,0.28503298457918397
14386,0.7305348964242194
27182,0.1179251229043237
6790,0.26595655279633595
34161,0.7765872515651918
61314,0.7866086810370184
65473,0.2675217446111181
26288,0.4230850035715787
19361,0.2856842724484222
39463,0.6518971385352326
35984,0.18635236774654396
65306,0.5625656540190764
8990,0.1380310097062902
12405,0.3988087734778772
9970,0.8418420942056389
12306,0.7539182318584814
67307,0.8328081011807219
75595,0.4101012647590235
30989,0.5747090213874533
35791,0.3844069078532712
28805,0.20811798815076266
38170,0.9106895247699484
7857,0.8100970629018026
60357,0.12378671372746754
10101,0.7582251355098953
39644,0.17401991680322704
21576,0.9079898315055255
37388,0.7954745997730998
75353,0.6211185343922013
47059,0.4802092524896004
24531,0.7704105214504811
40737,0.5251060968948275
72362,0.16351527375099795
57266,0.37516282196730955
42880,0.5211773603932939
31827,0.919345350644985
49854,0.8124711122316063
40928,0.9354174545148956
61992,0.7244211941678221
56023,0.9170343291734947
10451,0.8107273414849363
69960,0.3969074330854238
6863,0.7209546619605867
21253,0.03760662212698013
9491,0.7373208958359595
35695,0.5347073406445649
21305,0.8361065590991218
9480,0.9117189797890667
8734,0.24282532879532756
37756,0.12216899869742426
53503,0.9170343291734947
2014,0.7220261355519139
61109,0.7466910374385479
53804,0.8216521702592545
38446,0.9143976637673852
2148,0.14773729988654985
59239,0.9225387621328628
43724,0.9079898315055255
72378,0.15990167654103113
26812,0.31986638094037567
17195,0.14439682339594098
54470,0.4653556872137485
64920,0.7723013571998824
71806,0.033887978486491034
49465,0.33211479473927474
67610,0.8195932602210177
42499,0.11122316063700155
37261,0.2703054750199588
76314,0.9143976637673852
40503,0.7093575360309257
18175,0.8716962897600741
14622,0.6223160637001555
15333,0.9207109542417747
40098,0.2281398378083113
42969,0.11658052859363839
58027,0.3643430396235136
3896,0.7351569393672003
768,0.8020715156098995
50282,0.9255220807596958
46661,0.5962225303584184
78877,0.42127820496659524
28719,0.7078868860036135
74345,0.8070717257027606
66345,0.4863859826043111
24310,0.4139669734022438
1469,0.24408588596159506
30338,0.8469263414429178
58761,0.7475103995966217
35491,0.2071305517038531
5420,0.7457666288499517
76981,0.24452708096978867
17549,0.707676793142569
44723,0.4884659019286524
21060,0.7461027774276229
61870,0.9123072397999916
61955,0.7483717803269044
6042,0.5543300138661288
47357,0.5144543888398673
31363,0.29272238329341566
34930,0.36325055674608175
21059,0.7838354552712299
75169,0.6733686289339889
23841,0.4933400563048867
9248,0.8675364511113912
37421,0.375183831253414
15734,0.31728223874952727
22764,0.9170343291734947
7266,0.4823521996722551
29484,0.08781881591663515
76547,0.5254842640447077
78378,0.9143976637673852
50228,0.5651918147821338
77881,0.8473675364511114
15044,0.9098911718979789
77113,0.13067775956972982
23526,0.08494054372032438
64825,0.14759023488381864
23098,0.24778352031597964
58900,0.3902474893903105
30975,0.5916214967015421
31674,0.8721164754821631
29546,0.41863103491743353
26029,0.748119668893651
45930,0.03489642421950503
20542,0.2641287449052481
65523,0.18815916635152738
26499,0.5684902727005336
75,0.1826337241060549
66256,0.2931215597294004
60647,0.9143976637673852
23724,0.7760200008403714
36785,0.7819866380940376
38329,0.22440018488171773
45810,0.9109206269170974
59474,0.8423673263582504
69469,0.9329173494684652
63645,0.7767763351401319
49834,0.4852304718685659
72070,0.28352031597966304
48271,0.03569477709147443
21401,0.10136980545401068
68046,0.6874868691961847
42013,0.7928694482961468
31417,0.7744863229547461
32318,0.7576788940711795
59026,0.8621370645825456
69604,0.30915164502710196
20105,0.6600277322576579
57706,0.8363166519601664
74018,0.8461069792848438
30545,0.1367704525400227
27819,0.4959872263540485
68682,0.11372326568343209
60753,0.5973150132358502
72855,0.7698852892978696
30563,0.7778898273036682
24846,0.7946342283289214
49693,0.4693054330013866
54660,0.12536241018530192
40165,0.5286356569603765
46203,0.5839110887012059
44329,0.8344888440690785
17139,0.11187444850623975
1538,0.7320895835959494
10196,0.10499390730702969
6074,0.808920542879953
11111,0.82144207739821
21603,0.589919744527081
57185,0.07966721290810537
23611,0.11122316063700155
31630,0.8453926635572923
33006,0.5503172402201774
20656,0.8335644354804824
22260,0.8490482793394681
55810,0.789991176099836
49253,0.7726164964914494
55857,0.48615488045716204
71630,0.6265809487793605
39391,0.7768393629984454
37535,0.18536493129963447
56656,0.7409134837598219
62225,0.15406109500399176
1621,0.5252111433253498
21302,0.8165259044497667
66845,0.49533593848481033
1583,0.07983528719694105
46695,0.6720660531955124
24364,0.5382369007101139
46692,0.19771839152905582
1045,0.10499390730702969
58902,0.519538636077146
50640,0.15332576999033573
10932,0.10499390730702969
38564,0.09731501323585025
63669,0.12660195806546495
38260,0.10487835623345519
1133,0.8018194041766461
20184,0.13765284255640994
44566,0.5515672927433926
60741,0.4490734904827934
67137,0.3979999159628556
68179,0.5546031345854868
1850,0.3111475272070255
58960,0.7839405017017521
67289,0.6430522290852557
34809,0.21729904617841087
40734,0.09670574393882096
38968,0.10499390730702969
19644,0.3966133030799613
78783,0.4099331904701879
50509,0.8732299676456994
5148,0.10019328543216101
77877,0.7783940501701752
25252,0.8244464053111477
65141,0.10704231270221437
10738,0.7406193537543594
61716,0.45827555779654605
18052,0.10273540905080046
12192,0.39354594730871045
22399,0.8227446531366863
13289,0.6224001008445733
32335,0.5378797428463381
16560,0.4446615404008572
51361,0.2969872683726207
11802,0.11328207067523845
28931,0.6413084583385856
46119,0.10468927265851508
14651,0.8470103785873356
41257,0.7252615656120005
58850,0.5515672927433926
54226,0.8360645405269129
77879,0.017227614605655698
63885,0.8350350855077945
64995,0.7381612672801379
22341,0.8461069792848438
17707,0.7861464767427203
50756,0.23708979368881045
61555,0.8417055338459599
24399,0.15838900794151015
36834,0.13120299172234126
66831,0.15662422790873567
34832,0.48249926467498633
28648,0.8269255010714737
49104,0.0790579436110761
39452,0.7712719021807639
50712,0.33997226774234207
20003,0.7653893020715157
5578,0.2665027942350519
59903,0.3224295138451196
59841,0.08533972015630908
40858,0.28728097819236104
59181,0.7850539938652886
71148,0.5237615025841422
73235,0.6215177108281861
5078,0.47565023740493295
70872,0.18435648556662046
23351,0.12950123954788015
4142,0.6888944913651834
79102,0.3657506617925123
56059,0.3963401823606034
60625,0.8458548678515904
12225,0.22566074204798522
23105,0.5755283835455272
50388,0.5350434892222363
9584,0.14057313332492963
27028,0.279528551619816
45718,0.42424051430732385
2252,0.6014328333123241
69207,0.612294634228329
72908,0.5288037312492121
65603,0.3934619101642926
37529,0.2562082440438674
20270,0.45165763267364173
78965,0.8539224337157023
49435,0.42289591999663845
64361,0.09622253035841842
12964,0.6660784066557418
44679,0.42728686079247025
72234,0.8254968696163704
76544,0.6560779864700197
60232,0.5413672843396781
27868,0.052082020252951805
38827,0.14004790117231816
17949,0.4080213454346821
26573,0.8175973780410942
53464,0.8537753687129711
10751,0.09470986175889744
3321,0.6607210386991049
21577,0.8278709189461742
48633,0.7844657338543636
30734,0.8483759821841254
12447,0.7595487205344762
70310,0.33579141980755495
50000,0.7669019706710366
73248,0.7243791755956132
62889,0.5965166603638808
49991,0.8363586705323752
60278,0.7381402579940334
24144,0.7648640699189041
20982,0.6772133282911047
30493,0.7176351947560823
25994,0.36406991890415563
48734,0.4455649397033488
75651,0.43569057523425353
61193,0.3240472288751628
49757,0.7699273078700785
58866,0.12710618093197193
44334,0.4781608470944157
39994,0.21076515819992436
67848,0.4932980377326779
51135,0.2721122736249422
29686,0.2080339510063448
47637,0.8001806798604983
41446,0.4936131770242447
12917,0.21076515819992436
54881,0.4781608470944157
68360,0.8417055338459599
4552,0.7458086474221606
76806,0.06269170973570319
38105,0.7768183537123409
11438,0.670490356737678
24571,0.4243245514517417
28478,0.39514265305264934
11354,0.2389176015798983
3750,0.058279759653766965
43163,0.8374301441237026
16533,0.7181394176225893
60727,0.20429429807975122
8400,0.6552586243119459
9080,0.5931341653010631
66061,0.13994285474179588
30767,0.3384175805706122
25524,0.4494096390604647
57603,0.5711374427496954
69264,0.30604227068364215
9473,0.6039119290726501
20751,0.47875961174839277
30462,0.13286272532459345
15621,0.24059834446825498
67820,0.6775284675826715
67839,0.6598596579688222
44378,0.7295264506912055
3053,0.8498466322114374
14293,0.5397915878818438
71357,0.5530694566998614
28037,0.7112693810664313
58033,0.2477835203159797
15174,0.3452035799823521
19951,0.794066977604101
65585,0.8031850077734358
47780,0.11796714147653263
31820,0.6302995924198496
14346,0.5817471322324468
48543,0.41951342493382077
230,0.5181100046220429
1212,0.36249422244632123
63746,0.264443884196815
60925,0.18292785411151727
20690,0.39402916088911294
78900,0.5311567712929115
1987,0.4209840749611328
56806,0.5428379343669901
61721,0.4830875246859112
43679,0.2264590949199546
27939,0.18084793478717595
25023,0.755178789024749
14017,0.23080801714357746
37202,0.7792974494726669
62575,0.7034119080633641
74439,0.41919828564225387
74361,0.20565990167654102
36930,0.5621244590108828
68654,0.6725492667759149
17510,0.5627547375940165
56031,0.34011933274507333
59413,0.26391865204420356
64923,0.24475818311693767
38091,0.28465481742930376
13754,0.4389470145804446
74381,0.5684482541283247
71777,0.39023698474725826
65035,0.4288415479642002
35188,0.472393798058742
71744,0.6403840497499895
13304,0.19248707928904574
7171,0.3332492961889155
47998,0.5712424891802176
33786,0.39023698474725826
37501,0.42877852010588685
57693,0.6580318500777343
24128,0.10256733476196478
65887,0.5837640236984748
47664,0.6587671750913904
32992,0.5795411571914787
55183,0.7496533467792764
36405,0.20448338165469138
25564,0.7895079625194336
35269,0.13893440900878187
33333,0.2970292869448296
46506,0.5773982100088239
65031,0.8254128324719526
10368,0.14849363418631034
57242,0.24856086390184462
3386,0.7604941384091769
36702,0.02193369469305433
31933,0.6626538930207152
79002,0.7988570948359174
27305,0.7855792260179001
18317,0.5976091432413128
32931,0.4155636791461827
56678,0.5530064288415479
17206,0.16259086516240176
26640,0.14336736837682254
15995,0.6465187612924913
30287,0.7830160931131561
44787,0.7168998697424261
14117,0.18284381696709948
9590,0.6562670700449599
75656,0.5344762384974158
68370,0.4160048741543762
60391,0.6439976469599563
26757,0.41144585906970876
46706,0.23603932938358754
62516,0.8048867599478969
24625,0.1927602000084037
73076,0.543972435816631
74870,0.7971133240892474
56921,0.6739989075171225
14550,0.5003361485776714
19074,0.8000546241438716
50342,0.8575360309256691
53998,0.24786755746039754
54363,0.4477919240304214
69527,0.09272448422202613
40829,0.9735282995083828
43334,0.1733371150048321
48785,0.5881969830665154
50727,0.08466742300096643
60103,0.4328753308962561
14800,0.6877599899155427
68322,0.09272448422202613
43540,0.08547628051598806
55712,0.09063406025463254
43455,0.05094751880331106
3881,0.8118198243623681
40523,0.09642211857641077
51743,0.2865246438926005
74535,0.607714609857557
54388,0.5730282784990967
36714,0.08647422160594982
26506,0.7984369091138283
25093,0.6503844699357115
37123,0.13006849027270054
5667,0.08953107273414851
32941,0.023362326148157486
3408,0.8000546241438716
70602,0.6543972435816631
67085,0.4252699693264423
7436,0.47399050380268076
57837,0.49111307197781423
63289,0.2249044077482247
10025,0.08647422160594982
11815,0.029843690911382836
61031,0.9735282995083828
63045,0.11758897432665238
29114,0.17343165679230219
8419,0.18017563763183328
51639,0.1352577839405017
75437,0.09272448422202613
43482,0.49126013698054544
13108,0.045296020841211815
41026,0.02476994831715618
12468,0.7605151476952813
32333,0.08953107273414851
75868,0.6821925290978612
51025,0.09063406025463254
54513,0.029843690911382836
13732,0.08891129879406699
38673,0.1733371150048321
63750,0.47993613177024247
66382,0.28204966595235087
68932,0.1797554519097441
45529,0.08647422160594982
23148,0.08547628051598806
3128,0.6059498298247826
42463,0.09355435102315224
41270,0.05571662674902308
58536,0.27032648430606326
46563,0.08647422160594982
66491,0.09180007563342997
16536,0.08547628051598806
69124,0.08953107273414851
69094,0.02552628261691668
28949,0.005462414387159124
43731,0.08647422160594982
45773,0.26763729568469263
65243,0.9545359048699525
28553,0.4487163326190176
49477,0.05687213748476827
57043,0.08647422160594982
48774,0.09272448422202613
54801,0.9735282995083828
6744,0.08647422160594982
11268,0.027942350518929366
28482,0.722719441993361
5496,0.09642211857641077
58032,0.8325769990335729
13891,0.9732026555737635
11827,0.08145300222698432
77209,0.026366654061095007
8178,0.32293373671162656
11621,0.04864700197487289
7858,0.0887012059330224
20806,0.9732026555737635
35372,0.12826169166771714
8610,0.08647422160594982
8062,0.09100172276146057
36019,0.3606243959830245
28717,0.9751250052523215
52710,0.22135383839657133
33478,0.09100172276146057
65186,0.07855372074456911
42983,0.5372284549770999
70135,0.08547628051598806
2043,0.27454935081305937
6131,0.8000546241438716
50655,0.04864700197487289
33086,0.11422748854993908
67601,0.5297071305517038
14458,0.1822765662422791
13420,0.026366654061095007
29662,0.12055128366738099
22991,0.775536787259969
45642,0.6804277490650869
31170,0.23297197361233665
47762,0.24320349594520776
57191,0.44877936047733097
6524,0.4946426320433632
38508,0.027396109080213452
14954,0.5158410017227615
5471,0.09063406025463254
74259,0.2254086306147317
24015,0.19187780999201645
36932,0.08647422160594982
13181,0.08941552166057398
27927,0.8715282154712383
6379,0.7357031808059163
56524,0.08953107273414851
19868,0.13945964116139334
36308,0.7052397159544519
71847,0.8215891424009412
38286,0.02741711836631791
51589,0.8146140594142611
35363,0.28677675532585406
7368,0.8672003025337198
31214,0.09029791167696122
35209,0.11263078280600025
39423,0.9532123198453717
14267,0.8263162317744444
62502,0.02453884617000714
15868,0.17572166897768815
50578,0.026618765494348506
21412,0.9710597083911089
16199,0.17591075255262825
67039,0.08647422160594982
27446,0.09180007563342997
26184,0.8340056304886762
29778,0.08647422160594982
66215,0.268204546409513
71388,0.974001008445733
7195,0.4119290726501113
65440,0.14691793772847597
42864,0.08647422160594982
64342,0.08647422160594982
68476,0.25759485692676165
54206,0.026366654061095007
74549,0.3483549728980209
66607,0.6181982436236817
17930,0.2559561326106139
72321,0.6922139585696878
19157,0.01594604815328375
36161,0.8529770158410018
65172,0.7092104710281945
50252,0.42291692928274305
60187,0.15485944787596118
50902,0.1757846968360015
49571,0.057544434640110935
74908,0.05853187108702046
50072,0.4943695113240052
42908,0.608723055590571
47375,0.6428001176520022
59644,0.7177192319005
58656,0.34606496071263493
19791,0.7240850455901509
21121,0.8615698138577251
37662,0.6420858019244506
8721,0.5679440312618177
58124,0.42856842724484223
17107,0.8666540610950041
59306,0.5330476070423127
51013,0.6886843985041389
19160,0.5397285600235304
76939,0.7820706752384554
49356,0.7331820664733812
7838,0.6728854153535863
65221,0.8433127442329509
53145,0.6233665280053784
38886,0.8266523803521156
52612,0.6433673683768225
12717,0.6886843985041389
24100,0.8211689566788521
71207,0.01298373881255515
51963,0.06767091054245976
8950,0.8574730030673557
21877,0.39552082020252954
31557,0.7114479599983192
26129,0.7946132190428169
46099,0.658704147233077
31332,0.3237110802974915
62014,0.7809151645027103
11183,0.0515777973864448
25617,0.6126097735198958
15124,0.8141098365477543
41663,0.2911676961216858
22739,0.8668011260977352
62786,0.197130131518131
10749,0.8403924534644313
77524,0.734547670070171
78299,0.7710618093197193
22487,0.38459599142821127
24503,0.6467288541535359
27308,0.2828690281104248
14391,0.5885121223580824
44355,0.45430480272280344
49704,0.11504685070801295
19882,0.595697298205807
17795,0.6033656876339343
47341,0.5831757636875499
73184,0.6119164670784487
1408,0.3167359973108114
28691,0.7819026009496198
77667,0.06317492331610572
41116,0.19189881927812094
33462,0.22297155342661457
10726,0.623576620866423
21396,0.05542249674356065
3444,0.7664397663767385
69712,0.7867137274675406
43227,0.045232992982898436
4026,0.3250766838942813
13383,0.20303374091348378
54145,0.8070927349888651
16646,0.7563132904743898
55391,0.055989747468381014
3627,0.13357704105214505
39133,0.7114479599983192
49598,0.5270809697886466
37880,0.6822555569561746
65185,0.5557376360351275
64818,0.7799067187696962
10387,0.819194083785033
30271,0.6126097735198958
76512,0.753855204000168
19752,0.7449262574057735
3517,0.5902558931047523
43828,0.6886843985041389
35295,0.027858313374511532
52798,0.6126097735198958
15033,0.261418546997773
73704,0.5319971427370898
45125,0.7657044413630825
1169,0.464830455061137
24661,0.657968822219421
68686,0.2604731291230724
58561,0.7462708517164587
63880,0.23393840077314174
23957,0.48773057691499644
19123,0.36328207067523843
34236,0.3858145300222698
66918,0.6342913567796966
44922,0.39083574940123533
29993,0.19200386570864322
4138,0.6472750955922518
19424,0.5641413504769107
4151,0.3117357872179503
39237,0.8370309676877179
57890,0.3323248876003193
62581,0.4347451573595529
72108,0.7974914912391277
15367,0.5000630278583134
33133,0.6247111223160636
33636,0.5918736081347956
27044,0.68360015126686
53310,0.16467078448674313
55502,0.36268330602126136
57389,0.6573385436362873
76280,0.6494600613471154
65939,0.16229673515693938
37197,0.8769486112861884
77914,0.6116013277868818
68594,0.48086054035883863
15505,0.6622967351569393
59343,0.7604521198369679
49317,0.45310727341484935
47632,0.37715870414723307
55964,0.47808731459305015
43159,0.14269507122147987
61647,0.36606580108407916
44116,0.7858733560233624
44981,0.5448548258330181
3318,0.09540316820034456
40634,0.8569477709147444
64927,0.42728686079247025
12127,0.877106180931972
39620,0.666498592377831
17719,0.8574730030673559
25164,0.24095550233203078
38524,0.5607798647001975
58098,0.806588512122358
60409,0.7413126601958065
6998,0.7842346317072146
15729,0.36328207067523843
707,0.6653010630698769
3492,0.8200974830875247
15340,0.7969452498004118
46016,0.30902558931047525
15824,0.11811420647926384
75678,0.6016219168872642
72591,0.6507836463716963
71117,0.31121055506533885
60783,0.8352031597966301
35920,0.7394848523047187
39386,0.14674986343964033
31100,0.5243917811672759
68144,0.36913315685533005
60655,0.36328207067523843
41951,0.31826967519643684
2430,0.512195890583638
69352,0.06456153619899996
37336,0.27734358586495234
18647,0.5500651287869238
836,0.558279759653767
25495,0.876969620572293
22822,0.346064960712635
71102,0.49516786419597464
40871,0.7892768603722846
21674,0.23236270431530737
28334,0.6439556283877473
4952,0.11254674566158245
57105,0.0033194672045043904
68448,0.36249422244632123
19178,0.47594436741039536
11333,0.5025421236186395
40564,0.7448212109752511
78825,0.6918357914198076
27676,0.765683432076978
56575,0.45300222698432707
34766,0.6320853817387285
8418,0.3601201731165175
5630,0.36328207067523843
42293,0.36268330602126136
3682,0.8105802764822051
19404,0.4753981259716795
29476,0.826946510357578
69522,0.22946342283289214
15199,0.7331400479011724
74578,0.28274297239379803
71052,0.36268330602126136
37046,0.31713517374679606
69203,0.7127400310937434
55045,0.7778267994453548
18831,0.31845875877137697
46763,0.32200932812303035
11832,0.17114164460691628
28743,0.22580780705071643
42026,0.04552712298836086
72779,0.7597378041094163
2638,0.6650699609227279
57914,0.3535442665658221
73618,0.07874280431950922
48354,0.1465607798647002
878,0.3396151098785663
27106,0.5523761502584142
27960,0.741102567334762
4380,0.7084751460145385
11958,0.38839867221311825
19188,0.4778352031597966
69445,0.8654985503592588
10764,0.16943989243245516
26332,0.3177444430438254
55649,0.5313248455817471
66544,0.3660868103701837
20837,0.5235514097230977
32153,0.6764359847052397
13162,0.512195890583638
56117,0.48558762973234165
31391,0.6537879742846339
72016,0.14929198705827976
70248,0.6157401571494601
33758,0.7379721837051977
56464,0.5091180301693349
35451,0.5055674608176814
53911,0.5645405269128955
51661,0.20318080591621493
42471,0.18496575486364975
20699,0.5150636581368965
39149,0.8385646455733434
61466,0.36328207067523843
27201,0.36328207067523843
60102,0.37421740409260895
51029,0.4451447539812597
48868,0.37056178831043324
8447,0.3302659775620824
74308,0.6726122946342284
29088,0.7869028110424807
67335,0.5268708769276019
55935,0.25015756964578345
17144,0.7757258708349091
54634,0.6936215807386864
655,0.15460733644270766
5813,0.7188117147779319
21673,0.5466406151518971
2893,0.4724148073448464
5637,0.6431992940879869
68581,0.4885499390730703
43791,0.19893693012311442
59936,0.6527585192655153
24905,0.31791251733266107
71696,0.43489222236228414
13516,0.670448338165469
52312,0.44098491533257694
45338,0.8264002689188622
71559,0.8326505315349384
37861,0.16964998529349973
13570,0.7663347199462162
11212,0.8149712172780369
11222,0.5206311189545779
47589,0.5446657422580782
10829,0.3971175259464683
4764,0.23706878440270598
27595,0.8319782343795957
60290,0.8469053321568133
3660,0.4361317702424472
3327,0.8579352073616539
9466,0.43453506449850837
47802,0.43957729316357835
60283,0.6030505483423673
68200,0.8326505315349384
54531,0.33268204546409513
59165,0.5857178873061893
25939,0.6769402075717467
27830,0.6663725366612042
49157,0.4612798857094836
30226,0.7413336694819109
34696,0.6546493550149166
46901,0.7949493676204883
33314,0.44838018404134633
68417,0.7670910542459767
46331,0.7008382705155679
21342,0.8111685364931299
11155,0.8498046136392285
27690,0.8319782343795957
77609,0.44690953401403427
52410,0.16395646875919156
41137,0.5883440480692466
24919,0.39871423169040715
31626,0.07792344216143536
16693,0.5786167486028825
32428,0.462078238581453
50718,0.4272238329341569
6728,0.4086936425900248
51288,0.3839447035589731
40702,0.36350266817933524
78098,0.52365645615362
63222,0.4010042438757931
23549,0.8069246607000294
29554,0.3223874952729106
53027,0.6896718349510484
57940,0.5526072524055633
23778,0.3579562166477583
51429,0.8071977814193874
31407,0.4255430900458002
76508,0.13622421110130678
13544,0.7008382705155679
8647,0.5269549140720199
68160,0.741837892348418
41303,0.5808647422160594
41140,0.7583722005126265
19223,0.6014538425984285
37707,0.40182360603386696
24601,0.4616580528593639
46826,0.32186226312029914
14250,0.7841085759905878
40116,0.344825412832472
17401,0.40325223748897016
54858,0.8456237657044414
51483,0.15658220933652675
42282,0.5680700869784445
55088,0.6084709441573176
39264,0.7010588680196648
756,0.4424555653598891
2780,0.7168578511702172
24504,0.5841632001344594
46098,0.38241102567334767
48571,0.5220807596957856
58145,0.6955229211311399
34776,0.5029623093407286
30078,0.7803479137778898
38969,0.1713727467540653
16454,0.42634144291776965
21752,0.5101684944745578
63754,0.6089541577377201
78522,0.6955229211311399
8434,0.6784948947434767
62515,0.7282028656666246
40326,0.7105760746249844
41338,0.7111223160637001
42430,0.6826127148199505
15735,0.41186604479179795
38730,0.40539518467162483
30252,0.5707802848859196
7869,0.8286272532459348
1270,0.6796293961931174
46502,0.09634858607504516
13441,0.290033194672045
31625,0.28522206815412415
72535,0.7000084037144418
30936,0.6160868103701836
11284,0.5196857010798772
27303,0.6160868103701836
18668,0.5666834740955502
20117,0.3297197361233666
9046,0.7332030757594857
63218,0.5344552292113115
13750,0.38860876507416275
58096,0.7690869364259002
54798,0.07494012353460229
79038,0.3075339299970587
23005,0.7075087188537333
23332,0.7743812765242236
70664,0.7304508592798017
9328,0.8032270263456448
29141,0.5898146980965587
67082,0.7401781587461658
66276,0.7981217698222615
1675,0.46060758855414097
16122,0.6424849783604353
2568,0.5395604857346948
39753,0.7073616538510022
39564,0.030589520568091097
64953,0.8428715492247574
70269,0.40222278246985166
75325,0.13466952392957687
33542,0.6948611286188496
50018,0.6705954031682003
8522,0.7870288667591075
21585,0.7990461784108577
77404,0.405353166099416
2245,0.13227446531366863
60242,0.3715492247573427
3204,0.14864069918904155
40057,0.631875288877684
28886,0.7035379637799908
70741,0.41054245976721715
30826,0.7700323543006009
20225,0.49037774696415815
883,0.588091936635993
43966,0.12277826799445356
1937,0.10309256691457623
45690,0.44205638892390436
72202,0.4144922055548553
3241,0.44178326820454644
10359,0.2667128870960965
364,0.8441110971049204
74152,0.6327366696079667
24055,0.20166813731669397
8739,0.3770746670028153
19325,0.785537207445691
34410,0.10498340266397747
58233,0.3292575318290685
66709,0.6912265221227782
46234,0.7378251187024665
64017,0.5953611496281356
22470,0.8556451951762679
63581,0.39045758225135513
58755,0.34906928862557257
36111,0.5164082524475818
36133,0.6252153451825707
535,0.5373124921215178
12666,0.7276146056556998
34179,0.44256061179041134
49295,0.32749275179629395
57787,0.4670679440312618
60039,0.512059330223959
17200,0.744085885961595
22885,0.24362368166729698
34566,0.5340560527753268
70112,0.7665658220933653
70727,0.18374721626959115
45179,0.6795768729778562
20660,0.17654103113576203
3090,0.6736417496533468
44388,0.5528803731249212
1997,0.5665994369511324
68368,0.4670679440312618
32356,0.28001176520021853
7490,0.3489012143367369
75448,0.8313794697256188
1300,0.7745283415269549
31316,0.7357031808059161
39042,0.2715450229001219
5500,0.19792848439010044
6448,0.509265095172066
47895,0.4381276524223707
76069,0.5111979494936761
58447,0.8553930837430145
42920,0.5609479389890332
72604,0.220744569099542
64149,0.08294466154040087
26906,0.4238413378713391
60140,0.8009580234463632
43618,0.19324341358880626
35710,0.7358922643808564
26328,0.5500651287869238
20046,0.8606874238413379
15117,0.6068742384133787
21210,0.6733686289339887
25740,0.7096306567502836
71217,0.5357157863775789
11550,0.5114920794991386
49550,0.5967477625110299
51659,0.24629186100256314
28413,0.1714147653262742
65604,0.3704357325938064
71092,0.6380100004201857
68547,0.38323038783142144
52345,0.4300810958443632
53786,0.7815244337997395
40097,0.67332661036178
45255,0.6795768729778562
47915,0.12338753729148283
42318,0.417139375604017
44265,0.3952897180553805
37012,0.3436488928106223
38800,0.028509601243749738
11398,0.6356149418042775
4583,0.49815118282280774
3229,0.25513677045254
72904,0.6222740451279466
10682,0.5464095130047482
65680,0.35037186436404893
29814,0.2562082440438674
78123,0.6520442035379638
9345,0.37602420269759235
14142,0.43205596873818225
56118,0.8507080129417203
33981,0.8685659061305097
56208,0.13782091684524558
76123,0.7924072440018488
46855,0.46109080213454345
20086,0.8055380478171351
57205,0.4245766628849952
76277,0.3649943274927518
23601,0.33310223118618426
38763,0.6058657926803647
57987,0.8644585906970881
37041,0.2390226480104206
47692,0.41720240346233034
30700,0.7882053867809571
69905,0.743581663095088
787,0.029686121265599396
11050,0.46575486364973323
63457,0.034980461363922855
18101,0.8426194377915038
74370,0.6771713097188957
15793,0.2830371023992605
12380,0.7811252573637549
7854,0.9520252951804699
154,0.2310811378629354
75675,0.23227866717088955
13017,0.3004538005798563
52058,0.5833858565485944
37395,0.05237615025841422
26871,0.56649439052061
76752,0.33999327702844656
56399,0.23759401655531745
63753,0.0674608176814152
32364,0.13006849027270054
22635,0.9530862641287449
70191,0.4548720534476239
73592,0.36598176393966136
54676,0.047796125887642336
23890,0.03993865288457498
32925,0.11840833648472626
35854,0.9500714315727552
51273,0.04951888734820791
1553,0.396319173074499
33325,0.5552334131686206
67685,0.48405395184671623
44756,0.8845749821421068
496,0.44848523047186856
57197,0.955565359889071
32920,0.8085633850161772
65426,0.08952056809109626
78356,0.44090087818815915
66901,0.8283541325265767
19386,0.7535610739947057
61608,0.14922895919996637
51568,0.05500231102147149
23346,0.9507332240850456
53365,0.9566158241942938
29969,0.3285432161015169
15697,0.37946972561872344
19268,0.11281986638094038
3721,0.8644585906970881
39896,0.7794024959031892
26620,0.9566158241942938
17273,0.04718685659061306
19586,0.7631938316735999
70457,0.9514475398125972
4824,0.28081011807218786
31377,0.35654859447875964
15480,0.9530862641287449
32168,0.5920626917097357
61869,0.02758519265515358
4137,0.3006849027270054
19573,0.833501407622169
51376,0.13332492961889156
45157,0.9526555737636034
27161,0.243854783814446
67658,0.5919576452792135
72395,0.7051346695239297
993,0.10609689482751376
46042,0.3246775074582966
59839,0.6503634606496073
48640,0.5008823900163872
55740,0.5849195344342198
7383,0.6165805285936384
78960,0.9500714315727552
15631,0.9530862641287449
72903,0.4487373419051221
57474,0.747657464599353
50618,0.22824488423883357
20978,0.19330644144711961
69102,0.18912559351233246
61248,0.783058111685365
71377,0.10031934114878777
12862,0.7702634564477499
60943,0.5976721710996261
18985,0.9530862641287449
16076,0.5849405437203244
14272,0.30314298920122695
14131,0.09567628891970252
79016,0.3189839909239884
10314,0.18551199630236567
11361,0.935942686667507
23761,0.086390184461532
72636,0.34003529560065543
55422,0.3982310181100046
4322,0.6484726249002059
35930,0.28530610529854195
35399,0.08054960292449263
3175,0.5858439430228161
35334,0.31856380520189925
55566,0.7631938316735999
20029,0.5134669523929577
48129,0.5479852094625824
49769,0.15908231438295728
26503,0.9530862641287449
3115,0.41110971049203754
43602,0.9703453926635572
26656,0.45046010336568765
56634,0.6303416109920584
74145,0.4796840203369889
51881,0.41400899197445273
63657,0.09594940963906047
59471,0.4006260767259129
3226,0.9530862641287449
40861,0.48239421824446405
8998,0.9520252951804699
40545,0.1272742552208076
38107,0.07981427791083659
76985,0.9566158241942938
49700,0.3671372746754065
39887,0.9514475398125972
6938,0.2259128534812387
49179,0.265452329929829
5530,0.11689566788520526
55831,0.6759947896970461
70935,0.39384007731417287
14381,0.6587671750913904
57234,0.6938736921719398
76781,0.5162611874448506
58566,0.20981974032522377
35898,0.9526555737636034
49590,0.14880877347787722
8321,0.25393924114458594
43881,0.7201142905164083
5270,0.38087734778772214
24701,0.3000546241438716
32770,0.5214924996848608
43460,0.5481112651792092
9197,0.9526555737636034
39726,0.2321526114542628
67692,0.3411277784780873
19783,0.34081263918652044
4012,0.6107189377704946
33303,0.8168620530274381
11963,0.035106517080549605
61305,0.5138871381150468
32017,0.7591495440984914
49738,0.4213832513971176
12353,0.33217782259758816
2896,0.41102567334761964
23066,0.6472330770200428
63144,0.4307954115719148
9270,0.3878104122021934
78155,0.5131518131013908
32635,0.728812134963654
55515,0.34390100424387576
16563,0.5023530400436993
6465,0.32263960670616415
26533,0.11853439220135299
76996,0.1762889197025085
60893,0.66498592377831
64385,0.036766250682801795
18301,0.12069834867011218
78151,0.44785495188873486
26082,0.5681751334089667
40876,0.1321484095970419
78850,0.16897768813815706
34679,0.6856800705912013
28611,0.06586411193747636
1302,0.3924954830034875
23992,0.5021429471826547
66767,0.6689146602798437
46041,0.5553804781713517
27095,0.3049918063784193
4369,0.7302197571326526
41082,0.3586915416614143
52983,0.07517122568175133
27026,0.7845077524265726
77084,0.7081179881507627
13855,0.6309718895751922
6081,0.36556157821757224
72105,0.5911382831211395
58867,0.341022732047565
28061,0.12004706080087398
18558,0.2888356653640909
22814,0.23979999159628554
25187,0.6020421026093533
73532,0.2812513130803815
41911,0.5211353418210849
32575,0.3330602126139754
61383,0.511324005210303
44463,0.6388293625782596
70168,0.2953275347703685
65777,0.6492289591999664
48822,0.18414639270557587
29512,0.829005420395815
62875,0.40306315391402997
38872,0.2004075801504265
56755,0.16088911298794065
7466,0.40213874532543387
34636,0.19891592083700993
62895,0.6990209672675323
52117,0.7569435690575235
67357,0.4949367620488256
67947,0.2977436026723812
31602,0.7260809277700743
73780,0.5161981595865373
39406,0.7631833270305476
16577,0.12334551871927392
37334,0.2907054918273877
77478,0.5175217446111181
71928,0.2744443043825371
42819,0.3927686037228455
36548,0.31921509307113743
41786,0.869175175427539
2810,0.3735030883650574
63262,0.0976931803857305
33687,0.5621244590108828
46033,0.6220009244085886
57770,0.207676793142569
37053,0.35234673725786797
229,0.7804529602084121
71793,0.3369259212571956
13330,0.15719147863355604
74948,0.19391571074414893
71538,0.47018782301777384
4898,0.7661456363712761
5584,0.5816000672297155
28230,0.6781587461658053
28900,0.7075087188537333
33897,0.029581074835077104
75124,0.6232194630026472
10401,0.18084793478717595
43067,0.7128450775242657
34475,0.6819824362368166
23835,0.7989411319803352
68690,0.2792134123282491
11524,0.34207319635278793
216,0.04065296861212656
23489,0.6957225093491323
26951,0.7341274843480817
9825,0.8680826925501072
35694,0.2679104164040506
43259,0.4926047312912307
9638,0.7324677507458297
45213,0.37102399260473135
56598,0.2371108029749149
79300,0.8364427076767932
40278,0.2646959956300685
74238,0.1548594478759612
66986,0.030694566998613382
26313,0.850876087230556
63081,0.6481154670364301
47923,0.1441026933904786
75626,0.5718727677633514
28308,0.8263792596327577
49113,0.1970881129459221
29671,0.6423379133577041
48518,0.6117483927896129
6055,0.6252363544686751
31876,0.7793394680448759
36994,0.4604815328375142
51703,0.5822303458128492
62288,0.9762174881297533
9131,0.33577041052145046
78813,0.6415395604857347
6450,0.5218181436194799
7952,0.36138073028278495
28133,0.8401823606033867
14627,0.2172360183200975
15805,0.32692550107147356
51797,0.36230513887138116
64605,0.44495567040631956
11358,0.2009748308752469
74449,0.2572166897768814
13669,0.20578595739316777
31106,0.5199168032270264
14646,0.1698180595823354
53640,0.3753098869700408
21030,0.3237110802974915
27389,0.10450018908357495
3776,0.32736669607966723
16375,0.3573469473507291
5597,0.40642463969074333
34759,0.6406991890415563
42066,0.2482247153241733
23650,0.4602084121181562
74897,0.8275347703685029
26958,0.0291818983990924
62700,0.8863817807470902
41506,0.19007101138703308
41985,0.23814025799403338
29425,0.4006680952981218
67444,0.8444262363964873
15582,0.26950712214798944
10144,0.3027648220513467
47663,0.10319761334509853
53635,0.2545485104416152
43255,0.19528131434093868
37426,0.27757468801210133
15387,0.23148031429892013
70991,0.5477120887432245
9266,0.3006428841547964
38738,0.40108828102021093
47767,0.6431572755157781
52092,0.6335350224799361
30481,0.5671666876759528
29087,0.8268834824992647
50493,0.638850371864364
11517,0.0358628513803101
34160,0.7781839573091306
40206,0.33056010756754484
73844,0.2411866044791798
8803,0.19047018782301775
33140,0.13794697256187236
14560,0.2027186016219169
42544,0.661183242993403
17797,0.23278289003739652
11696,0.18710870204630448
16767,0.6248581873187949
54971,0.7638976427580991
22505,0.5700869784444725
34981,0.5218181436194799
71140,0.8672423211059287
38186,0.03248035631749233
70475,0.67196100676499
20009,0.7618387327198622
68695,0.1412454304802723
20652,0.8584184209420563
31974,0.8226606159922687
464,0.5290768519685701
50907,0.6826337241060548
66152,0.9785075003151392
71917,0.5652758519265516
20214,0.674524139669734
61827,0.40094121601747973
44067,0.671036598176394
73718,0.973444262363965
16575,0.3342787512080339
2717,0.14246396907433087
15241,0.3022395898987353
70715,0.9830455061137022
52950,0.22442119416782216
52336,0.9743371570234043
42772,0.9743161477372998
22707,0.9743371570234043
74660,0.07166267490230682
21046,0.4724148073448464
23475,0.07393167780158831
6222,0.36003613597209966
74592,0.6485146434724148
13387,0.501512668599521
72574,0.20988276818353713
44415,0.35253582083280816
48666,0.3355603176604059
15512,0.188600361359721
64174,0.47611244169923106
74040,0.6770662632883734
55193,0.6918988192781209
75738,0.32411025673347615
63773,0.15569981932013952
71895,0.09952098827681836
76466,0.4961553006428842
65432,0.588911298794067
61958,0.6434093869490315
72228,0.4562796756166225
10786,0.9743161477372998
33799,0.317177192319005
28351,0.3029539056262868
1578,0.8590697088112945
36562,0.8680196646917938
20040,0.17149880247069205
54963,0.617799067187697
20712,0.4501449640741208
76923,0.3865708643220304
31187,0.7071305517038531
5587,0.23650153367788565
56241,0.9329908819698307
14606,0.1935900668095298
1516,0.07865876717509139
60431,0.9341253834194715
68969,0.655216605739737
51416,0.6619185680070592
20864,0.06937266271692089
4240,0.8771376948611286
19774,0.22961048783562335
894,0.09727299466364132
39868,0.061473171141644606
70611,0.9329908819698307
25792,0.3037102399260473
15188,0.18460859699987395
68470,0.9329908819698307
32331,0.5306945669986134
29266,0.9323185848144879
44131,0.9380121013487962
78535,0.8195932602210177
28023,0.7886045632169418
1130,0.3764023698474726
732,0.9341253834194715
3085,0.8400142863145511
72834,0.7156393125761586
45265,0.7566704483381654
2796,0.08599100802554728
25364,0.5769780242867347
7602,0.9323185848144879
799,0.03216521702592546
22617,0.9378335224169083
17119,0.9363943863187529
179,0.790348333963612
65498,0.4692003865708643
44238,0.7686877599899155
61085,0.8202550527333082
17559,0.19731921509307115
65365,0.8071767721332829
13799,0.09378545317030128
59200,0.2562922811882852
42599,0.3476406571704693
17175,0.8350350855077945
32568,0.8023026177570486
27778,0.6233875372914829
32967,0.12516282196730955
24649,0.1935900668095298
61432,0.3441951342493382
56828,0.14309424765746462
16933,0.6904701878230176
12941,0.09206269170973569
58532,0.3361695869574352
49037,0.08907937308290265
11773,0.9329908819698307
38499,0.8166099415941847
59659,0.06292281188285222
70153,0.3286902811042481
7534,0.08191520652128241
45247,0.0342031177780579
67,0.8273246775074584
15690,0.6406781797554518
73325,0.7613555191394598
5034,0.8091516450271019
35341,0.09404806924660701
77846,0.3815076263708559
9874,0.08355393083743014
38991,0.08128492793814866
66324,0.8255388881885793
3333,0.08546577587293584
62533,0.6755746039749569
7988,0.5691835791419807
6009,0.09404806924660701
24163,0.47676372956846924
73871,0.5617883104332114
78225,0.13910248329761754
58756,0.3333123240472289
71834,0.027165006933064412
46217,0.6010546661624437
66728,0.8314004790117232
516,0.007983528719694105
30735,0.0841526954914072
49631,0.37741081558048656
30025,0.08935249380226058
59124,0.7380142022774067
23284,0.3793436699020967
47646,0.9345560737846128
66538,0.08107483507710407
6192,0.9366464977520064
14176,0.12516282196730955
71290,0.5392243371570234
40582,0.0496239337787302
1463,0.5072061851338292
47976,0.40249590318920964
24300,0.22440018488171773
37345,0.6892096306567503
42625,0.7492331610571873
27465,0.1401634522458927
71155,0.16836841884112777
7350,0.9341253834194715
53776,0.18462960628597838
56345,0.8913819908399513
70355,0.9341253834194715
63383,0.4780242867347367
46995,0.02229085255683012
65757,0.0841526954914072
30608,0.14985923778310015
12633,0.671540821042901
4604,0.594457750325644
61361,0.9380121013487962
51629,0.9131476112441699
22500,0.42012269423085
50211,0.11540400857178873
63213,0.8632085381738728
39256,0.6933274507332241
72573,0.9341253834194715
59252,0.9341253834194715
45202,0.8202550527333082
71187,0.08212529938232699
1379,0.9323185848144879
5623,0.9323185848144879
29864,0.5418084793478718
2882,0.1401634522458927
902,0.96258246144796
51449,0.5156519181478213
74025,0.2637715870414723
61498,0.5192655153577882
30233,0.5084667423000967
51138,0.8289423925375016
23465,0.052439178116727596
73756,0.8235219967225514
67164,0.041409302911887054
6773,0.7135593932518174
12022,0.03825790999621833
47205,0.04169292827429724
61076,0.10674818269675197
14679,0.044728770116391446
48941,0.03924534644312786
2160,0.6915416614143451
40026,0.6830329005420396
68117,0.5097272994663641
40735,0.25656540190764315
34925,0.2966301105088449
69877,0.43167780158830205
76158,0.21576536829278536
46512,0.48640699189041553
1074,0.040033194672045046
21639,0.4958401613513173
17066,0.33383755619984035
62767,0.509947896970461
3160,0.8435858649523089
21293,0.0408840707592756
34651,0.8594268666750704
21399,0.038394470355897305
5975,0.041545863271566036
3730,0.14378755409891172
491,0.03825790999621833
22093,0.1702172360183201
1376,0.37686457414177066
49003,0.5741627799487373
31659,0.008067565864111937
60759,0.03825790999621833
17011,0.21774024118660448
4759,0.038394470355897305
30342,0.7754737594016555
10305,0.3434177906634733
71577,0.041545863271566036
28757,0.024643892600529432
2842,0.6747342325307786
51414,0.6314551031555947
42423,0.03681877389806294
63724,0.03634606496071263
2888,0.18364216983906886
60974,0.042386234715744354
8877,0.24339257952014792
20924,0.04333165259044497
45040,0.03263792596327577
14998,0.23830833228286905
22838,0.28641959746207823
41980,0.8136056136812471
45350,0.3602672381192487
19024,0.3661288289423925
71139,0.7980167233917391
13922,0.4316567923021976
5731,0.03404554813227447
14746,0.2974704819530232
56357,0.03993865288457498
70833,0.03825790999621833
52350,0.03825790999621833
45748,0.03825790999621833
13852,0.8525148115467037
2963,0.7241690827345687
28380,0.016744401025253163
20919,0.5262616076305727
55372,0.7753477036850288
44307,0.5381318542795916
56760,0.03825790999621833
61079,0.06964578343627884
6870,0.3729988654985504
43895,0.8225345602756419
21043,0.03825790999621833
45761,0.49457960418504987
43241,0.03263792596327577
9944,0.02987520484053952
29710,0.12000504222866508
39662,0.2587503676625068
39450,0.8232908945754023
38197,0.5647086012017312
9191,0.509947896970461
21651,0.01229043237110803
69323,0.696857010798773
39885,0.03825790999621833
49647,0.7068784402705995
70220,0.497888566746502
42815,0.5130257573847641
69807,0.47947392747594436
78005,0.5236564561536199
75225,0.7125089289465943
45204,0.5872305559057104
48665,0.03404554813227447
40645,0.7662506828017984
68877,0.44270767679314255
32231,0.03681877389806294
67568,0.042386234715744354
21474,0.14914492205554855
62713,0.23629144081684106
7236,0.33673683768225554
59873,0.042386234715744354
30952,0.28994915752762723
55433,0.03825790999621833
46752,0.03404554813227447
1080,0.040033194672045046
18611,0.03664019496617505
50495,0.03256439346191017
28092,0.815391403000126
27282,0.036997352829950834
50972,0.25322492541703434
59214,0.8082167317954537
65067,0.045106937266271685
52414,0.8082167317954537
38418,0.009391150888692803
27673,0.02672381192487079
26027,0.7949283583343837
14507,0.03825790999621833
68473,0.03825790999621833
69454,0.03404554813227447
30064,0.03633556031766041
58862,0.8535022479936133
26300,0.48016723391739147
33074,0.03911929072650111
36825,0.4642421950502122
52152,0.018067986049834027
9838,0.03825790999621833
50384,0.8295306525484265
35082,0.06273372830791209
14309,0.12439598302449684
44440,0.021786629690323123
19881,0.042386234715744354
53474,0.19145762426992732
41799,0.12389176015798985
67599,0.47602840455481327
6471,0.23631245010294552
65525,0.12513130803815287
56653,0.042386234715744354
72014,0.6551325685953192
53052,0.4692003865708643
52720,0.042386234715744354
60611,0.6867515441825286
38221,0.04169292827429724
11280,0.3666750703811085
57175,0.26150258414219085
29832,0.497888566746502
42675,0.6618135215765368
37039,0.043888398672213114
8532,0.28566326316231777
43130,0.5987646539770578
20471,0.3459389049960082
9096,0.15925038867179295
36134,0.5655699819320139
5516,0.15326274213202237
11782,0.36102357241900923
73763,0.6525904449766796
62218,0.28570528173452664
74591,0.1851338291524854
71043,0.40568931467708724
26479,0.3717593176183873
51323,0.7224043027017942
925,0.12733728307912098
35893,0.3299508382705156
72096,0.13206437245262406
57609,0.6354048489432329
12721,0.7813563595109038
42615,0.03697634354384638
71335,0.7523215261145425
28558,0.8515483843858985
44117,0.7841295852766922
74878,0.47300306735577125
52249,0.8669271818143619
61823,0.45029202907685195
19628,0.7011849237362915
17858,0.7778478087314594
39517,0.748119668893651
29794,0.24795159460481533
76327,0.7113324089247447
27844,0.5800033614857768
41851,0.7806000252111432
70212,0.24305643094247656
63852,0.2555569561746292
49057,0.8214840959704189
26348,0.12395478801630322
48850,0.788016303206017
58503,0.6869406277574689
18691,0.15368292785411153
16556,0.8116097315013237
3957,0.7126349846632211
5607,0.3600781545443086
22196,0.7838354552712299
24847,0.2808941552166057
44149,0.477394008151603
34494,0.7973024076641876
1185,0.12683306021261398
26141,0.8256019160468927
49557,0.10435312408084374
74539,0.14511113912349258
33673,0.265179209210471
8347,0.8595319131055926
50014,0.6494600613471154
7798,0.2751796293961931
26124,0.32812303037942775
56549,0.36652800537837726
6090,0.8450565149796209
67617,0.37711668557502415
65450,0.34236732635825035
40697,0.5237825118702466
7934,0.303605193495525
24595,0.21771923190050002
9928,0.25482163116097317
7212,0.7761670658431026
6534,0.4964494306483466
5210,0.2051136602378251
49594,0.22269843270725662
43391,0.2718391529055843
73985,0.3685238875583008
28927,0.8669271818143619
693,0.3790495398966343
39134,0.4444724568259171
76842,0.8061052985419556
7371,0.5732593806462457
34070,0.638388167570066
73374,0.6154460271439977
36484,0.6479789066767512
64551,0.5477541073154334
24496,0.20771881171477793
28634,0.31058027648220515
5038,0.13191730744989286
52775,0.4206689356695659
30980,0.32528677675532586
7355,0.09124332955166185
16123,0.6122736249422244
74287,0.5124585066599437
11619,0.11548804571620656
27152,0.8261061389133997
66973,0.1016639354594731
508,0.8236480524391782
48786,0.2779528551619816
61817,0.24507332240850452
71467,0.7409029791167696
8948,0.6510777763771587
12243,0.5096432623219463
69923,0.67507038110845
63966,0.15458632715660323
10311,0.14517416698180594
50436,0.3091096264548931
8922,0.5929240724400184
74230,0.14130845833858566
17028,0.7583301819404177
1540,0.15427118786503632
9122,0.8499096600697508
5868,0.2810202109332325
45876,0.5150216395646875
22491,0.7216269591159293
13030,0.7891718139417622
11570,0.8374511534098071
45437,0.7313752678683979
391,0.7335392243371569
29002,0.2594226648178495
17577,0.8698264632967772
31729,0.3881255514937602
28370,0.8110004622042943
42833,0.25591411403840497
56810,0.805023320307576
55513,0.7423631245010295
11351,0.4493886297743603
61862,0.3343627883524518
25082,0.510819782343796
41204,0.8233749317198202
64758,0.8061052985419556
72256,0.8354972898020926
15541,0.0839320979873104
27242,0.2854111517290642
14694,0.15189713853523257
947,0.40012185385940585
14328,0.4449976889785285
14415,0.5436572965250641
21165,0.46646917937728477
35933,0.5958653724946427
35316,0.3782932055968738
18158,0.19958821799235263
60355,0.8098239421824447
33041,0.2421320223538804
20828,0.13864027900331946
36387,0.11036177990671876
27406,0.614815748560864
48292,0.11534098071347536
7009,0.3841968149922266
46547,0.43854783814445986
17305,0.29824782553888823
4634,0.29807975125005254
57657,0.05783856464557335
40476,0.34211521492499686
27053,0.20723559813437542
30134,0.7553258540274802
38368,0.7434766166645658
9291,0.14828354132526578
28932,0.45289718055380473
15990,0.5545821252993822
36406,0.5907811252573637
57725,0.7978066305306944
74329,0.30089499558804994
21200,0.8061052985419556
33368,0.7409029791167696
40875,0.6068952476994832
76872,0.24557754527501155
1894,0.8234589688642381
73370,0.3283541325265767
60740,0.26893987142316905
20747,0.8093827471742511
65912,0.10534056052775327
30772,0.3435648556662045
1467,0.11214756922559771
12616,0.12529938232698853
48995,0.407328038993235
71233,0.5406949871843355
4838,0.383251397117526
42432,0.6479789066767512
60198,0.711710576074625
46122,0.19017605781755534
28622,0.6700071431572755
55735,0.3681037018362116
78131,0.302869868481869
54479,0.30022269843270727
70412,0.1457204084205219
39347,0.2341695029202908
63015,0.814929198705828
63928,0.11548804571620656
13332,0.530400436993151
56397,0.373944283373251
44951,0.3953737551997983
25626,0.19565948149081894
23155,0.8038993235009876
52976,0.6550485314509013
17242,0.10992058489852514
40746,0.22774066137232654
2036,0.826799445354847
61270,0.4993277028446574
42933,0.459052901382411
43060,0.5611370225639732
17884,0.7396949451657632
52665,0.48155384680028573
57515,0.14712803058952056
6829,0.6667507038110845
7131,0.4668263372410606
16627,0.4346401109290306
47316,0.11548804571620656
7372,0.1889155006512879
5595,0.8285011975293081
47292,0.6141854699777302
47235,0.11206353208117988
69281,0.240325223748897
75670,0.5568721374847683
54384,0.11184293457708307
69640,0.8277658725156519
7494,0.06304886759947897
24705,0.4322030337409135
26682,0.8435018278078911
79195,0.8047186856590614
79138,0.2678894071179461
50734,0.827912937518383
68112,0.10712634984663222
14390,0.7939829404596832
49053,0.1108449934871213
4043,0.251880331106349
50520,0.23017773856044368
4079,0.7825328795327535
47015,0.13300979032732468
73291,0.5425438043615278
62048,0.383755619984033
64428,0.15784276650279425
32468,0.1987058279759654
25217,0.11025673347619647
30792,0.5317450313038363
15961,0.8144669944115299
21317,0.16021681583259803
34754,0.3266523803521156
20246,0.8488802050506324
40543,0.528425564099332
60825,0.2944661540400857
9727,0.06477162906004454
16710,0.6497962099247868
48925,0.6656582209336527
63109,0.7848228917181395
43299,0.29473927475944367
66472,0.6355309046598597
69591,0.4948737341905122
20956,0.3114416572124879
13667,0.16416656162023613
40223,0.5244337997394849
865,0.445480902558931
67790,0.7981217698222615
22395,0.7952224883398462
56064,0.16691877809992017
23383,0.874952729106265
36635,0.11321904281692508
43117,0.655678810034035
33378,0.37007857473003064
37420,0.8249506281776545
77626,0.11498382284969956
30006,0.8046766670868525
25257,0.05531745031303836
56919,0.6339762174881297
72685,0.570381108449935
58256,0.5237825118702466
34783,0.2883104332114794
61159,0.3432917349468465
71118,0.6822555569561747
60520,0.8432497163746375
5061,0.1916677171309719
9616,0.40041598386486826
53371,0.1811000462204294
73581,0.4058363796798185
57824,0.20038657086432202
17047,0.2517542753897223
73923,0.5876717509139039
7698,0.44787596117483924
61588,0.4493886297743603
28836,0.7103029539056264
27565,0.5765998571368546
68313,0.7433295516618346
53688,0.03605193495525022
43647,0.08157905794361107
7190,0.32137904953989666
5574,0.8567796966259088
6136,0.3986722131181983
20812,0.7113113996386403
10554,0.8674524139669734
5248,0.6168536493129962
21154,0.8008949955880499
69518,0.2859784024538846
59096,0.138115046850708
30565,0.2306399428547418
11086,0.1751334089667633
19054,0.679566368334804
16664,0.05643094247657465
67709,0.5875667044833817
32084,0.5635110718937771
31900,0.26969620572292957
27237,0.4564477499054582
14860,0.5318500777343586
41487,0.5438253708138997
7453,0.09752510609689484
5198,0.41289549981091644
62009,0.8586285138031009
26271,0.5921467288541535
13211,0.7968191940837851
63478,0.8000966427160804
48804,0.8118408336484726
28993,0.7365015336778856
72743,0.28589436530946677
22192,0.7121307617967142
69346,0.766691877809992
45257,0.6526324635488886
51034,0.7575318290684482
21068,0.37058279759653767
56393,0.5250220597504097
5544,0.23318206647338124
54746,0.0940165553174503
48288,0.23370729862599268
43170,0.6334299760494139
29979,0.4506071683684188
59755,0.7345896886423798
74719,0.5158830202949704
17654,0.29541157191478634
29093,0.48493634186310347
51503,0.784297659565528
58742,0.15569981932013952
34153,0.2940879868902055
33784,0.6251313080381529
33066,0.19248707928904576
8636,0.7308920542879953
70410,0.1139543678305811
64893,0.3339005840581537
62560,0.7794130005462415
56998,0.4036934324971637
67614,0.7794130005462415
15030,0.3410437413336695
48444,0.42608933148451617
14210,0.24467414597251982
29328,0.5452750115551074
3010,0.7459557124248918
15217,0.10029833186268329
2538,0.7000084037144418
49347,0.10548762553048448
40131,0.5130887852430774
73035,0.27803689230639944
46251,0.07798647001974873
41778,0.684104374133367
39322,0.816988108744065
10771,0.42323206857430984
48900,0.7922181604269086
21890,0.5018488171771923
55914,0.23080801714357743
21685,0.18425143913609818
321,0.5454220765578386
7136,0.6101306777595698
61387,0.06462456405731333
11985,0.4133156855330056
35423,0.2749275179629396
58252,0.42858943653094667
44911,0.577860414303122
52551,0.5151687045674188
26628,0.7662927013740073
33655,0.6439976469599563
2177,0.6093113156014959
31832,0.39545779234421613
3179,0.6466658262952225
65781,0.21030295390562628
14759,0.7687928064204379
38752,0.36768351611412237
1162,0.7425311987898651
20667,0.43657296525064077
22338,0.05538047817135174
288,0.12315643514433379
26207,0.7687928064204379
46419,0.38127652422370684
54461,0.5385520400016807
10069,0.5421026093533342
66707,0.578091516450271
4676,0.521051304676667
46687,0.31213496365393506
53866,0.6563090886171687
39561,0.7680574814067818
44332,0.4969326442287491
60381,0.35327114584646413
26554,0.18086894407328039
75324,0.6701962267322156
23166,0.6107819656288079
59223,0.5339930249170134
25492,0.7629102063111896
28165,0.7906844825412832
3122,0.7212277826799446
41348,0.4868061683264003
63929,0.6013908147401151
13862,0.1622757258708349
57063,0.6542921971511407
45897,0.503991764359847
66468,0.6752384553972856
692,0.1382831211395437
35350,0.7604311105508635
6365,0.5880078994915753
64141,0.685848144880037
78800,0.7032018152023194
16429,0.3555821673179545
20324,0.7178452876171267
39877,0.48453716542711883
41744,0.7893819068028067
69856,0.0594142611034077
35734,0.8250976931803858
3970,0.6698390688684399
4927,0.728265893524938
70470,0.6150678599941174
23863,0.7921341232824909
22693,0.15893524938022607
53312,0.4276020000840371
3093,0.29573721584940543
21098,0.29573721584940543
12749,0.8554351023152234
74655,0.7504937182234549
45284,0.31236606580108406
69519,0.7813563595109039
52348,0.6223160637001555
66631,0.8597104920374806
22928,0.6253203916130929
15973,0.6547964200176478
68380,0.3629354174545149
52004,0.5934703138787344
49242,0.5179839489054162
38725,0.8597104920374806
25096,0.822261439556284
60373,0.35020379007521324
20856,0.34285053993865283
61693,0.5192865246438926
46143,0.19614269507122148
65553,0.15168704567418798
28203,0.37648640699189045
16525,0.16345224589268456
18444,0.37396529265935546
23528,0.5807176772133282
12206,0.45422076557838564
31423,0.20128997016681371
32007,0.7790033194672045
32767,0.7316273793016513
4687,0.15406109500399176
4923,0.6835791419807554
39554,0.6492919870582797
5878,0.41260136980545403
64487,0.5891003823690072
42317,0.6499222656414135
32444,0.23547207865876718
16460,0.5394344300180679
22832,0.585885961595025
41199,0.030610529854195555
25007,0.754359426866675
70123,0.6043741333669482
47366,0.6086600277322577
39568,0.06311189545779235
75086,0.5459683179965545
73915,0.7874070339089879
61923,0.7660615992268583
50706,0.7121727803689231
55027,0.22276146056556997
24817,0.7224463212740031
60411,0.5866422958947854
25554,0.059267196100676496
45866,0.5879028530610529
47225,0.22045043909407958
47948,0.3946174209000379
39170,0.08092777007437287
5696,0.5928610445817051
68478,0.5623555611580319
75338,0.6484726249002059
40150,0.3544476658683138
72085,0.4746838102441279
50773,0.7543804361527795
38347,0.3590486995251902
8308,0.7036640194966175
25934,0.2262279927728056
6783,0.3670322282448843
75476,0.6976973822429514
77296,0.7224253119878986
66254,0.6290180259674777
1610,0.04674566158241943
31981,0.26486406991890415
34786,0.6527375099794109
35740,0.32135804025379217
63769,0.28686079247027185
46807,0.49770998781461406
46336,0.3969074330854238
35700,0.2814193873692172
16509,0.7871129039035254
50259,0.6833900584058153
1815,0.7321105928820538
25417,0.6093323248876003
62994,0.5783961510987856
2124,0.8503718643640488
56636,0.13082482457246103
13705,0.12966931383671584
54787,0.8295306525484264
31722,0.2621538720114291
77016,0.6984957351149208
14192,0.17647800327744864
20436,0.5901088281020211
40470,0.07609563427034749
43462,0.6462456405731333
49878,0.27074667002815245
59808,0.4108786083448885
49029,0.4225177528467583
41939,0.7749695365351487
33577,0.1719189881927812
75113,0.26093533341737046
58820,0.35680070591201307
21439,0.80768099499979
40032,0.7727425522080761
70443,0.5783961510987856
3723,0.8206227152401361
76869,0.1142064792638346
68208,0.8422202613555191
58580,0.9956510777763773
9418,0.18341106769191984
4553,0.6275053573679567
71546,0.9921005084247237
50600,0.1772343375772091
19602,0.09393251817303248
41248,0.5273330812219
3165,0.7809361737888146
52228,0.25688054119921006
39532,0.14805243917811672
1658,0.6083869070128998
57222,0.2736249422244632
10590,0.0534896424219505
57797,0.5797722593386277
19095,0.26862473213160215
55469,0.3278919282322787
40318,0.6972141686625489
37035,0.5659481490818942
16807,0.626055716626749
38085,0.21952603050548344
58002,0.23608134795579647
27878,0.008109584436320854
19230,0.9570570192024875
53219,0.29599983192571117
33770,0.686856590613051
36967,0.6712046724652296
35187,0.37959578133535016
58220,0.2766712887096096
36344,0.22030337409134837
55879,0.04909870162611874
53000,0.38860876507416275
50114,0.35392243371570237
3559,0.21682633724106057
59551,0.3177024244716165
45227,0.719778141938737
69391,0.4698516744401025
70424,0.45539728560023535
28808,0.9599142821126939
13599,0.799844531282827
5314,0.5556746081768141
13700,0.2170259254590529
62654,0.19536535148535653
4828,0.21682633724106057
46800,0.16990209672675324
57531,0.5717467120467247
69444,0.7089373503088364
47102,0.035337619227698645
29135,0.7540442875751081
39792,0.5672087062481617
9344,0.48691121475692256
47930,0.8994705659901676
61382,0.31826967519643684
37664,0.07407874280431952
37953,0.4571620656330098
50226,0.9925837220051262
61585,0.7924492625740577
22909,0.19843270725660744
62781,0.32877431824866593
47000,0.9926677591495441
18280,0.9018551199630237
10284,0.8230387831421488
40864,0.14752720702550529
18020,0.3383335434261943
18324,0.6435564519517628
51619,0.9921005084247237
27043,0.8343837976385563
17388,0.7234337577209127
15087,0.3732509769318038
24043,0.9955880499180637
53823,0.8005378377242741
12307,0.5509895373755199
7567,0.08838606664145553
29228,0.6459725198537754
14720,0.10311357620068069
60295,0.724043027017942
58830,0.10794571200470608
78579,0.47432665238035215
5369,0.17267532249254172
29426,0.09206269170973569
30144,0.03126181772343376
68155,0.3044665742258078
70022,0.8014622463128703
11796,0.5562418589016346
17370,0.7097567124669104
44037,0.29385688474305643
24367,0.7304508592798017
22554,0.5036346064960713
72921,0.3244043867389386
75810,0.5158830202949704
13270,0.7314803142989201
9276,0.632337493171982
9461,0.856695659481491
2463,0.6311609731501324
49421,0.5369553342577419
52733,0.3986091852598849
76578,0.07874280431950922
49224,0.46697340224379175
42223,0.15994369511324005
72046,0.38398672213118196
61603,0.3143829572671121
66126,0.2277826799445355
8849,0.509496197319215
59994,0.6626118744485062
39614,0.06514979620992478
47112,0.5413462750535737
62672,0.7553468633135846
43619,0.7330980293289634
5455,0.504306903651414
75322,0.11294592209756711
34218,0.528383545527123
72374,0.33658977267952433
48618,0.12328249086096055
29433,0.7777007437287281
18817,0.013635026681793352
54711,0.04086306147317114
1588,0.07718811714777932
39455,0.8701416025883439
65007,0.38715912433295513
31418,0.7612294634228328
41575,0.45178368839026845
69498,0.06599016765410311
62902,0.25456951972771963
29632,0.07483507710408001
6079,0.3779570570192025
50043,0.6260767259128535
10957,0.6598806672549267
34394,0.12172780368923064
4007,0.22318164628765913
39020,0.6000042018572209
18396,0.2247573427454935
5899,0.371654271187865
2867,0.028005378377242745
14012,0.7307449892852641
76600,0.3655405689314677
30267,0.835833438379764
16969,0.2912727425522081
20317,0.3737131812261019
34029,0.7110382789192823
20923,0.3241312660195807
34485,0.402600949619732
60653,0.25561998403294256
55162,0.5789949157527626
70205,0.2980377326778436
4299,0.8169250808857514
55799,0.784990966006975
3784,0.6868986091852598
33777,0.2229085255683012
7348,0.6899449556704064
53593,0.6263708559183159
10378,0.2463969074330854
56562,0.6971091222320266
76642,0.6722761460565571
57536,0.8507710408000335
45928,0.2323416950292029
68310,0.5938484810286146
13027,0.45567040631959327
25106,0.6333039203327872
1988,0.6060758855414093
78758,0.6555527543174083
56684,0.22183705197697381
35441,0.13011050884490946
16261,0.5711794613219042
60282,0.4566158241942939
25465,0.68011260977352
74712,0.5109878566326317
31509,0.5403378293205597
23577,0.2612294634228329
25902,0.23748897012479517
54196,0.7154712382873231
19310,0.4315517458716753
65786,0.19761334509853357
40954,0.7864406067481827
51494,0.02928694482961469
45940,0.5898146980965587
34813,0.8712130761796714
6590,0.8526828858355392
13781,0.77723853943443
66164,0.606706164124543
75486,0.7252195470397916
29524,0.36465817891508046
28821,0.11307197781419387
23930,0.5011345014496408
76856,0.2473213160216816
4766,0.4333165259044498
26178,0.6467498634396404
6512,0.5355477120887432
67767,0.5797512500525231
20567,0.4151014748518846
18783,0.6874448506239758
6306,0.28826841463927055
15642,0.6809109626454893
32300,0.8736501533677886
76103,0.1266229673515694
12393,0.4677297365435522
61900,0.1430942476574646
49423,0.0846254044287575
10704,0.2903273246775075
79066,0.8323458968864239
69784,0.3809403756460355
8003,0.42472372788772633
31955,0.8065464935501492
44042,0.38514223286692717
50249,0.5670616412454305
31350,0.47043993445102733
55806,0.5096222530358419
66810,0.33158956258666333
5699,0.6042900962225303
3359,0.383755619984033
78936,0.5785327114584646
61577,0.2973864448086054
44524,0.6111811420647927
20390,0.2033698894911551
48004,0.7114584646413715
48848,0.2987100298331863
4568,0.3670322282448842
13256,0.7133703096768773
55756,0.2512710618093197
32552,0.5496029244926257
12498,0.669523929576873
1962,0.3564435480482373
4993,0.5795201479053742
70428,0.06949871843354762
55022,0.8492583722005126
25955,0.3178284801882432
71763,0.17681415185511998
27324,0.2515021639564688
38135,0.3160006722971554
35945,0.014370351695449389
68896,0.16927181814361947
56890,0.44690953401403427
308,0.5284675826715408
51258,0.734001428631455
76212,0.6547333921593345
56564,0.5919156267070046
1052,0.5668515483843859
78000,0.43770746670028154
11411,0.6244800201689147
9222,0.7189167612084542
57617,0.8470103785873356
10235,0.4198075549392832
41831,0.29978150342451365
34643,0.4667002815244338
58818,0.3970755073742594
23667,0.7457246102777427
58161,0.4942644648934829
76701,0.6465187612924912
13683,0.7791713937560402
25833,0.46293961931173583
70454,0.37367116265389305
65728,0.8414219084835497
25069,0.4795579646203622
13234,0.34577083070717257
45398,0.3874637589814698
28055,0.281776545232993
57768,0.5167023824530443
69461,0.39028950796251943
22801,0.3536283037102399
60007,0.8432076978024288
28811,0.3446153199714274
58227,0.6500063027858314
16062,0.6264548930627337
52266,0.37806210344972474
29964,0.27034749359216775
15550,0.37194840119332745
18075,0.23347619647884366
57416,0.7927433925795202
54201,0.41050044119500817
19693,0.3383755619984033
63628,0.4195344342199252
36640,0.7379091558468843
69328,0.4506281776545233
13410,0.43741333669481913
46923,0.3430816420858019
35555,0.29158788184377493
74796,0.6640194966175049
75811,0.7719021807638976
34486,0.3874637589814698
35465,0.29442413546787677
31028,0.7812092945081726
67385,0.777280558006639
53665,0.6519811756796504
43392,0.827492751796294
75247,0.3550359258792386
31924,0.2235598134375394
72308,0.37696962057229294
50800,0.23113366107819658
47765,0.22620698348670112
64094,0.23113366107819658
30677,0.4634648514643473
44370,0.7509769318038573
33886,0.41846296062859784
34525,0.27507458296567083
49650,0.31778646161603424
39520,0.14599352913987984
66407,0.18631034917433506
52510,0.86215807386865
74641,0.09134837598218414
56831,0.2611664355645195
52496,0.14632967771755115
18109,0.3226606159922686
71129,0.28223874952729106
77999,0.26366654061095
66671,0.06512878692382033
78276,0.079604185049792
71387,0.37776797344426233
68666,0.6303626202781629
16280,0.24057733518215052
51149,0.2523005168284382
69505,0.6616454472877011
45537,0.7424261523593428
42934,0.5264717004916174
337,0.7467540652968613
18932,0.5038446993571158
77634,0.03836295642674062
73649,0.3916130929871003
2986,0.8260326064120341
10879,0.03872011429051641
15917,0.04788016303206016
53773,0.0483213580402538
11670,0.03846800285726291
20863,0.056903651413924956
19943,0.804655657800748
46676,0.03816336820874827
29438,0.0586159082314383
63401,0.29986554056893144
19801,0.6037858733560233
57022,0.7384764065717047
12101,0.8333228286902811
49501,0.056903651413924956
9019,0.6846401109290307
72780,0.03800579856296483
49851,0.07857473003067356
14080,0.05094751880331106
11875,0.1819194083785033
25806,0.02649270977772175
63294,0.39167612084541364
8264,0.2318374721626959
72392,0.16214967015420814
63910,0.14326232194630026
8598,0.03816336820874827
6902,0.058752468591117275
29933,0.027249044077482246
50819,0.18404134627505356
54723,0.27864616160342875
66982,0.5595403168200345
3263,0.03536913315685533
67232,0.12541493340056306
48921,0.12414387159124333
46152,0.03206017059540316
20790,0.38932308080171435
1631,0.060370183621160554
33038,0.03816336820874827
1882,0.7277196520862222
13901,0.33056010756754484
37843,0.8252132442539603
71046,0.039917643598470526
66789,0.3083322828690281
67569,0.5799613429135678
34701,0.7752216479684021
35304,0.8237530988697004
32955,0.7537291482835413
44740,0.06397327618807513
59175,0.8252132442539603
71095,0.12244211941678222
11152,0.03816336820874827
23570,0.4478129333165259
20528,0.008865918736081347
78274,0.8408966763309382
62791,0.2562292533299719
6588,0.8303920332787093
17619,0.6265389302071515
36684,0.03872011429051641
65983,0.03241732845917896
14032,0.2879742846338082
49997,0.3482289171813942
54354,0.03536913315685533
28379,0.6846401109290307
64730,0.379448716332619
31380,0.8361695869574352
43857,0.549749989495357
58871,0.7775746880121014
38863,0.03844699357115846
9487,0.43069036514139253
77214,0.8404344720366401
45992,0.46056556998193204
54220,0.4847262490020589
28019,0.060370183621160554
33456,0.03816336820874827
70745,0.24236312450102945
41186,0.058752468591117275
10346,0.033583343837976384
30135,0.07273414849363419
73194,0.33764023698474727
25567,0.3821799235261986
78845,0.06857430984495147
19521,0.8260326064120341
38231,0.8718013361905962
46526,0.03536913315685533
23907,0.6167275935963695
59288,0.4070128997016682
22766,0.8334173704777511
19584,0.8101811000462206
66984,0.033583343837976384
34058,0.8260326064120341
45542,0.03816336820874827
78879,0.11242068994495567
10693,0.767196100676499
23742,0.7937518383125343
10336,0.13111895457792344
78901,0.49008361695869573
45067,0.03872011429051641
44674,0.03536913315685533
47894,0.5365771671078616
15831,0.008676835161141224
15736,0.38839867221311825
18264,0.058752468591117275
18815,0.6553636707424682
12454,0.053237530988697
38226,0.7313122400100845
76021,0.07462498424303542
60932,0.8268939871423169
11350,0.0383209378545317
44826,0.5395814950207992
4132,0.13345098533551833
16352,0.0628807933106433
57981,0.5166813731669399
15409,0.022416908273456868
42044,0.8333228286902811
55864,0.058752468591117275
46173,0.0608218832724064
25480,0.8260326064120341
61800,0.04603134585486785
37100,0.7366906172528257
54568,0.7914408168410437
26617,0.8177654523299297
65150,0.010420605907811251
57125,0.8102231186184294
76515,0.358586495230892
77156,0.7936888104542209
45620,0.7813353502247994
2776,0.8399092398840288
32102,0.7667969242405143
69682,0.44144711962687505
25339,0.0257153661918568
35180,0.03816336820874827
48226,0.7956636833480398
34315,0.39961763099289893
78980,0.8268939871423169
72490,0.5396025043069036
35904,0.6299214252699693
5751,0.12541493340056306
14716,0.03816336820874827
55572,0.9560800873986302
31086,0.5511366023782512
69342,0.37243161477373005
9077,0.6433463590907181
27231,0.5082776587251564
33999,0.9556493970334888
56584,0.2598848691121476
15161,0.05750241606790202
52447,0.9549876045211985
46831,0.38976427580990797
42789,0.5770200428589436
64419,0.9554182948863398
29769,0.5888062523635447
3328,0.19221395856968782
59547,0.888755830076894
54200,0.27083070717257024
66799,0.04733392159334426
22251,0.9576557838564645
25518,0.29797470481953026
46224,0.6016849447455775
39351,0.41016429261733683
51540,0.31215597294003944
21120,0.30324803563174924
5022,0.270956762889197
23560,0.5756334299760494
14996,0.464599352913988
22440,0.9569519727719652
78434,0.5453170301273164
76042,0.9676141854699777
53028,0.31278625152317324
19174,0.7027816294802304
25381,0.5150846674230009
19405,0.8617588974326652
5214,0.9376234295558638
57434,0.9590529013824111
3256,0.9425396025043069
68227,0.10143283331232404
56542,0.6421908483549729
4628,0.9576662884995167
76475,0.5981133661078196
34088,0.9556493970334888
72763,0.24648094457750325
74103,0.22288751628219672
12193,0.7245262405983445
4530,0.0757384764065717
44436,0.23748897012479517
59822,0.9547985209462583
23471,0.4940543720324384
61170,0.9560800873986302
9942,0.32064372452624057
61846,0.39684440522711034
75370,0.3698474725828816
18063,0.9560800873986302
39105,0.6719189881927813
72519,0.13353502247993612
64576,0.39760073952687086
918,0.33434177906634727
29878,0.013803100970629019
19289,0.22217320055464515
571,0.3957519223496786
36183,0.1837262069834867
47575,0.7872179503340476
72568,0.9560800873986302
63186,0.7636875498970545
46647,0.4398924324551452
19611,0.19992436657002396
52114,0.5124374973738393
75887,0.4880036976343544
53536,0.2789192823227867
14027,0.9560800873986302
25614,0.2598218412538342
52692,0.8588386066641456
67754,0.8531240808437329
5233,0.3421572334972058
14212,0.2970082776587251
30258,0.18750787848228914
35596,0.5279423505189293
22165,0.477162906004454
70533,0.3602042102609353
68799,0.34322870708853315
72375,0.9554182948863398
5742,0.5413672843396781
33419,0.9560800873986302
11095,0.1782007647380142
56985,0.11439556283877474
39851,0.04197655363670743
33341,0.9590529013824111
36290,0.34688432287070886
10923,0.17805369973528298
76557,0.9549876045211985
70015,0.35911172738350344
71197,0.31862683306021267
46288,0.7167317954535904
77487,0.13132904743896803
23994,0.6085549813017354
36608,0.20126896088070925
65207,0.17721332829110467
17376,0.8570738266313711
52657,0.5206101096684734
33688,0.13143409386949031
43470,0.9560800873986302
32934,0.24064036304046388
6645,0.9560800873986302
62768,0.4086306147317114
14335,0.9558910038236901
25526,0.5481953023236271
70131,0.8269675196436825
61115,0.481427791083659
35619,0.3305390982814404
63345,0.6670238245304424
60816,0.05422496743560654
28303,0.0656960376486407
46755,0.40690785327114587
78645,0.08061263078280599
37229,0.2771334930039077
50627,0.5963065675028362
14909,0.8178704987604521
74843,0.05119963023656456
64287,0.2787091894617421
33725,0.7832471952603051
41259,0.15752762721122737
35504,0.798794066977604
38438,0.024013614017395688
50358,0.06884743056430943
67915,0.5784906928862558
28902,0.43940921887474266
12392,0.7547796125887642
16104,0.7266691877809991
75401,0.17465019538636076
65902,0.36068742384133784
2104,0.2635194756082188
33458,0.16397747804529603
35960,0.43863187528887765
19260,0.6743770746670027
71247,0.7639606706164125
25184,0.06846926341442917
20885,0.371423169040716
66630,0.5211563511071894
79181,0.16679272238329343
29064,0.507563342997605
15900,0.4187150720618513
16545,0.12147569225597715
204,0.5993529139879827
22868,0.3877263750577755
20325,0.13126601958065465
77147,0.14466994411529896
79201,0.41245430480272277
37702,0.12710618093197193
24032,0.08916341022732048
43396,0.04859447875961174
52199,0.27083070717257035
73494,0.6737257867977647
27527,0.4799991596285558
66459,0.11214756922559771
65134,0.35526702802638765
44949,0.5228791125677549
37020,0.5307365855708223
47789,0.6914366149838229
31710,0.46249842430354215
22589,0.44220345392663557
12227,0.3260010924828774
51878,0.7615656120005042
53443,0.5048741543762344
28454,0.10471028194461952
16768,0.17301147107021306
31456,0.5291818983990925
7486,0.12473213160216817
4887,0.20654229169292826
49523,0.3082482457246103
72076,0.3454556914156057
60594,0.5207571746712046
52954,0.5529434009832346
27217,0.17057439388209591
21840,0.4514265305264927
43308,0.19133156855330058
41610,0.7043993445102735
6860,0.1329467624690113
67166,0.7435606538089835
10626,0.4158998277238539
33723,0.8149291987058279
40173,0.4165931341653011
64552,0.568007059120131
38713,0.45491407201983275
76073,0.39468044875835123
17000,0.10357578049497879
60936,0.43987142316904065
51728,0.4301231144165721
32822,0.43470313878734407
39179,0.7679734442623639
59050,0.04991806378419261
56234,0.5024160679020127
78553,0.2543384175805706
44517,0.6840413462750536
66026,0.7566704483381654
45914,0.39119290726501116
17375,0.4437581410983655
35741,0.5374385478381444
34694,0.3540064708601201
35711,0.34530862641287446
35932,0.5309676877179713
19997,0.44350602966511204
41004,0.46006134711542507
63973,0.517794865330476
44387,0.5835959494096391
20177,0.5021219378965504
11578,0.5
58848,0.7668179335266188
59198,0.5585948989453339
32173,0.3583974116559519
68976,0.44726669187781004
34661,0.46917937728475984
16634,0.46052355140972306
64713,0.37722173200554643
21640,0.5367242321105928
54320,0.8137946972561871
44536,0.3398462120257153
55613,0.09351233245094331
17890,0.42297995714105635
671,0.4129165090970208
14684,0.44205638892390436
48009,0.40266397747804533
47665,0.38493214000588255
42240,0.6076725912853481
9278,0.8252447581831169
33666,0.5872935837640237
68843,0.1266229673515694
75518,0.2255977141896718
8027,0.2632253456027564
2891,0.5999411739989076
24124,0.6997142737089795
76704,0.13866128828942392
27198,0.8597209966805327
75889,0.26690197067103655
22336,0.8337325097693181
73934,0.1701121895877978
26947,0.174524139669734
33403,0.3824950628177655
45277,0.4544518677255347
49684,0.14752720702550526
2383,0.5374805664103534
77957,0.3183327030547502
6477,0.525127106180932
47938,0.8594058573889659
36946,0.35932182024454806
37549,0.7548426404470776
11065,0.02239589898735241
25308,0.5555905710323964
38760,0.8087524685911172
55481,0.22769864280011765
2764,0.8022185806126307
51718,0.7343375772091264
2582,0.10683221984116979
41154,0.9804508592798017
51760,0.9695995630068491
43443,0.1300684902727005
23186,0.3743854783814446
42216,0.9373292995504013
34873,0.09082314382957268
37406,0.29303752258498256
76406,0.7840455481322746
69301,0.6334930039077272
4235,0.8238581453002226
4995,0.6062859784024539
49811,0.6554687171729904
4435,0.9804508592798017
11677,0.6524013614017395
718,0.1688096138493214
72310,0.1379259632757679
43955,0.6579268036472121
77720,0.9839489054161938
27049,0.2190533215681331
14672,0.8393419891592083
33273,0.7952224883398462
59192,0.8089415521660573
51832,0.8091726543132065
42057,0.6952392957687298
9360,0.6077356191436616
30076,0.06559099121811841
47898,0.7049035673767805
10656,0.8191100466406152
30699,0.14166561620236143
36469,0.2190533215681331
40143,0.06567502836253623
32131,0.45046010336568765
50941,0.3712130761796714
65049,0.046682633724106054
39083,0.10380688264212783
12817,0.13628723895962014
36414,0.7473213160216816
193,0.7799067187696962
30010,0.49920164712803056
78577,0.5711374427496954
15811,0.4033993024917013
61745,0.9745892684566577
58693,0.768981889995378
61511,0.10334467834782975
71697,0.5345392663557292
37159,0.4089457540232783
70464,0.09639060464725409
28917,0.23381234505651496
71089,0.31217698222614393
10800,0.144396823395941
76949,0.31745031303836296
65775,0.30324803563174924
12208,0.533656876339342
78613,0.18154124122862303
43938,0.6903021135341821
75662,0.13983780831127357
56054,0.29455019118450354
5619,0.23364427076767935
30050,0.9796945249800412
8641,0.26486406991890415
49171,0.16742300096642715
36321,0.32700953821589146
15535,0.08538173872851801
8329,0.721710996260347
43371,0.9842430354216564
54936,0.6009916383041305
3454,0.1501323585024581
44943,0.7610823984201017
47222,0.4378125131308039
49299,0.1916677171309719
47862,0.1368544896844405
69167,0.7047775116601538
46314,0.3362116055296441
29346,0.15536367074246818
43940,0.052712298836085546
21114,0.24683810244127902
41459,0.7648430606327997
72618,0.7285600235304003
30955,0.24461111811420647
70270,0.21786629690323123
79315,0.3564435480482373
70294,0.7801588302029497
13918,0.35234673725786797
44050,0.8045296020841212
14956,0.2515441825286777
41606,0.6518971385352326
78440,0.9727089373503088
5521,0.11237867137274676
54317,0.9745892684566577
61935,0.7173830833228286
32116,0.47140636161183247
44590,0.8344258162107652
23200,0.2930375225849826
1701,0.6265179209210472
59849,0.17227614605655703
51926,0.9526660784066557
27519,0.2917349468465062
6969,0.7864616160342871
16323,0.6191436614983822
32855,0.5437833522416908
66198,0.9575612420689944
56359,0.45833858565485947
76423,0.8732719862179082
17414,0.153430816420858
137,0.1834320769780243
23409,0.9475818311693769
30817,0.9469200386570864
11088,0.20650027312071936
61754,0.9526765830497079
66737,0.1437455355267028
62062,0.40136140173956897
48517,0.7848649102903483
76808,0.7554098911718979
71833,0.7543804361527795
69464,0.4372872809781924
14388,0.0898567166687676
26490,0.4990125635530904
32829,0.4710702130341611
57621,0.5076053615698138
3607,0.17053237530988696
21226,0.8156645237194841
35099,0.02813143409386949
2188,0.807134753561074
12357,0.5356947770914745
15955,0.1619815958653725
63060,0.8490692886255725
47407,0.17551157611664356
35437,0.08832303878314214
64451,0.32827009538215896
77273,0.9469200386570864
49394,0.13193831673599732
18453,0.12548846590192866
35530,0.5504432959368041
25501,0.23467372578679777
5104,0.9468465061557209
13653,0.21129039035253583
31782,0.5777763771587042
67174,0.48520946258246145
56705,0.5973570318080591
13262,0.26833060212613974
35843,0.6054245976721712
25399,0.7391066851548383
7297,0.7845497709987814
68815,0.508298668011261
31708,0.0938694903147191
73540,0.4875414933400563
29494,0.5149796209924786
54123,0.5637211647548216
41095,0.09005630488675993
28928,0.5228791125677549
7353,0.8421572334972057
46219,0.3861086600277322
10752,0.2412916509097021
24418,0.1478213370309677
73234,0.6148787764191772
47196,0.2402832051766881
5669,0.8220093281230304
38507,0.9469725618723476
43428,0.8328921383251396
49832,0.1311399638640279
70844,0.15553174503130385
63611,0.9498613387117105
4459,0.9475818311693769
20026,0.8189839909239884
12856,0.9682759779822682
18258,0.9475818311693769
19297,0.6884322870708853
43804,0.7680784906928864
8025,0.9469725618723476
24171,0.8201395016597335
29062,0.16906172528257488
43517,0.9526765830497079
23249,0.2790663473255179
33459,0.3656246060758856
10104,0.47949493676204885
1015,0.5706962477415017
870,0.9475818311693769
14925,0.8730198747846548
43327,0.0898567166687676
7611,0.29255430900458
5284,0.9526765830497079
69907,0.5961805117862095
60031,0.9526765830497079
26150,0.9461426950712215
66898,0.09005630488675993
58672,0.40768519685701077
34398,0.586621286608681
12626,0.3848691121475692
67088,0.17114164460691625
50490,0.10771460985755703
53054,0.9469200386570864
27587,0.9469200386570864
73789,0.8504769107945712
10443,0.9521618555401488
76283,0.6769191982856423
5040,0.34812387075087187
21870,0.8245514517416699
60129,0.0898567166687676
54319,0.9521408462540443
62944,0.5644564897684777
1135,0.7486449010462625
43765,0.558741963948065
10279,0.1527795285516198
62957,0.09305012815664525
10452,0.9498613387117105
4018,0.957498214210681
4139,0.5398125971679483
44817,0.952540022690029
66396,0.12282028656666245
29944,0.6121265599394933
68499,0.8123660658010841
2427,0.16901970671036595
69213,0.4252909786125467
60687,0.7534560275641834
50517,0.30660952140846254
7675,0.3602462288331442
50932,0.1593764443884197
19875,0.27347787722173206
70822,0.056535988907096935
73904,0.18025967477625107
30982,0.08977267952434975
24352,0.6581894197235179
12906,0.17120467246522963
2094,0.3050338249506282
1921,0.39045758225135513
65619,0.2696751964368251
42052,0.7286440606748182
60273,0.6555527543174082
62913,0.029097861254674565
41244,0.2638556241858902
55277,0.5108618009160049
1814,0.2407874280431951
2995,0.49289886129669314
48443,0.3692171939997479
15439,0.7478045296020842
62261,0.6581894197235179
55562,0.8257909996218329
42138,0.5800033614857768
2643,0.7768183537123409
74817,0.286503634606496
40388,0.520904239673936
29085,0.026009496197319213
18690,0.7571746712046724
76839,0.3137736879700828
54331,0.8405815370393714
36964,0.7391276944409428
45801,0.06313290474389681
12361,0.4324761544602714
3850,0.7735409050800452
1307,0.3061052985419555
34511,0.08025547291903022
19234,0.5697088112945922
30110,0.6936635993108954
16194,0.7026975923358124
26991,0.6358250346653221
61843,0.4274339257952015
64620,0.7404302701794192
68137,0.24538846170007145
22548,0.39007941510147487
30950,0.3483339636119165
67055,0.27442329509643265
60711,0.8655195596453632
4118,0.5533215681331148
65304,0.46978864658178915
71292,0.640909281902601
41168,0.5110508844909449
32089,0.3799109206269171
22626,0.06886843985041388
45834,0.29459220975671246
59779,0.2724904407748225
28231,0.08157905794361107
14257,0.8252867767553259
1989,0.38007899491575275
62121,0.5339930249170133
25918,0.34362788352451784
62876,0.17229715534266146
16902,0.6357409975209043
10562,0.4246186814572041
55313,0.8616958695743518
54846,0.6723181646287659
25992,0.7406823816126727
51914,0.768435648556662
55634,0.4028530610529854
22932,0.7740451279465524
75278,0.6151518971385354
45271,0.7388545737215849
3766,0.26870876927602
77758,0.7728055800663894
46221,0.0977351989579394
7847,0.5477120887432245
26050,0.4105844783394261
31803,0.7552208075969579
888,0.7110382789192823
23621,0.3193411487877642
72526,0.34644312786251524
10809,0.24505231312240008
19553,0.538930207151561
66961,0.2938148661708475
16524,0.242342115214925
59723,0.6410143283331232
19582,0.8608765074162781
113,0.3191520652128241
72828,0.027017941930333206
16200,0.4719526030505483
37328,0.28490692886255725
53748,0.1848817177192319
46290,0.5526702802638767
11443,0.7474053531660995
11255,0.4218034371192067
24336,0.22597588133955207
11890,0.6524013614017395
43527,0.7861884953149292
17267,0.3504348922223623
19478,0.25767889407117944
64888,0.7474053531660995
27799,0.7095466196058657
16836,0.5184251439136098
69268,0.5869784444724568
56409,0.13519475608218834
1482,0.3809823942182445
32299,0.8460859699987394
4987,0.07912097146938947
52816,0.12779948737341906
35532,0.4067817975545191
58003,0.21173158536072942
13795,0.15759065506954073
67392,0.3624732131602168
390,0.8608029749149124
39195,0.8556451951762679
18625,0.8628723895962015
10579,0.577083070717257
56185,0.9804823732089584
70534,0.13519475608218834
27963,0.6411824026219589
45815,0.2155762847178453
37565,0.5104836337661246
70306,0.05330055884701038
50446,0.9798415899827724
26401,0.678242783310223
4174,0.9808395310727341
18920,0.7597378041094164
34676,0.5159040295810748
24619,0.484957351149208
70483,0.9798415899827724
41329,0.9850203790075214
71570,0.8548468423042985
73156,0.8310223118618429
33920,0.4005840581537039
50720,0.44730871045001885
44815,0.057082230345812855
75226,0.0323963191730745
78168,0.5101054666162445
53313,0.8688390268498676
34999,0.23458968864237995
175,0.4019076431782848
18288,0.32784990966006977
25676,0.6575486364973319
41521,0.8319257111643347
36177,0.34135888062523634
1539,0.733077020042859
35061,0.5070381108449935
42292,0.15393503928736502
66900,0.7882474053531662
37126,0.11092903063153914
62022,0.8608029749149124
21645,0.8460859699987395
66217,0.9883083322828691
13051,0.3458548678515904
77075,0.6345224589268457
33277,0.8616748602882472
32935,0.32217740241186604
13690,0.4795579646203622
65943,0.3972645909491996
19457,0.8595109038194882
67451,0.9883083322828691
7264,0.4604185049792007
20584,0.5122274045127946
10729,0.3326190176057818
33873,0.7786881801756377
2611,0.8406445648976848
42713,0.41482835413252656
2801,0.15095172066053195
31846,0.5081095844363209
11109,0.5608218832724065
11157,0.13519475608218834
32921,0.06714567838984832
68369,0.6171897978906676
27129,0.6947981007605363
75955,0.9798415899827724
69088,0.21000882390016387
52875,0.44398924324551453
74705,0.7015630908861716
77826,0.8420311777805791
30882,0.03023236270431531
47136,0.3546367494432539
3274,0.7622799277280558
64426,0.2169418883146351
10015,0.7301567292743393
45047,0.44840119332745076
57616,0.8391949241564772
15089,0.7523215261145427
18376,0.296819194083785
2709,0.5732803899323501
28885,0.6277574688012102
5142,0.4610277742762301
27128,0.9798415899827724
7215,0.5815160300852976
16590,0.5433001386612882
65459,0.1346485146434724
30107,0.47039791587881846
25712,0.32034959452077816
23065,0.45562838774738434
13157,0.5952771124837178
35518,0.7638556241858901
60958,0.4569309634858607
57650,0.4290306315391403
51002,0.4991386192697172
22413,0.46812891297953696
26565,0.47762511029875204
60143,0.5572923232068575
45476,0.4054161939577294
20467,0.19647884364889281
75716,0.3180385730492878
22319,0.9850203790075214
38579,0.039917643598470526
57728,0.8063784192613136
38403,0.8090255893104752
53460,0.21782427833102233
78541,0.7088743224505233
34149,0.11297743602672382
3833,0.3657296525064078
32253,0.8346148997857052
49977,0.11983696793982941
37545,0.8063364006891045
57150,0.40871465187612926
37045,0.6316651960166393
37727,0.6430522290852556
78952,0.8715282154712383
43885,0.46319173074498926
7416,0.8187738980629438
6615,0.6957855372074456
27057,0.35927980167233914
16674,0.6490188663389218
61251,0.9963758981469809
10776,0.8368839026849867
19992,0.05729232320685743
47069,0.3662969032312282
62434,0.6485776713307282
15524,0.4725198537753687
30909,0.11605529644102693
14271,0.8103281650489516
45096,0.9963758981469809
46977,0.5608218832724065
45027,0.9210681121055506
63354,0.9957351149207949
31556,0.8279759653766966
20955,0.21284507752426574
77731,0.010525652338333543
13870,0.7809151645027103
42352,0.8084478339426027
39465,0.13637127610403796
20701,0.2995083827051557
47858,0.33516114122442126
50575,0.48939031051724863
8276,0.8140257994033364
74602,0.19481911004664063
43799,0.10978402453884617
2180,0.5536577167107861
70094,0.7789402916088912
61845,0.28572629102063113
7813,0.5402117736039329
45608,0.09557124248918021
63815,0.39762174881297535
42999,0.10416404050590361
66669,0.40715996470439936
59980,0.8115046850708013
22627,0.4002058910038237
76646,0.6740409260893315
46003,0.47571326526324637
2872,0.24137568805411994
56576,0.11605529644102693
63044,0.5798983150552545
26537,0.18261271481995042
34541,0.5835329215513257
64504,0.4825622925332997
43362,0.6464977520063869
64790,0.8334383797638556
34682,0.24765746459935292
9257,0.514622463128703
12603,0.5305264927097778
29962,0.7172570276062019
30100,0.1506155720828606
24730,0.4623933778730199
15418,0.2637295684692634
63233,0.647380142022774
51314,0.28198663809403757
52161,0.37083490902979116
63812,0.6005924618681456
66642,0.19212992142526997
75732,0.8103281650489516
4957,0.2709147443169881
45741,0.8460859699987395
53522,0.8227656624227908
19150,0.519034413210639
20314,0.7517332661036177
20059,0.8077020042858943
3697,0.39638220093281235
9172,0.5406319593260221
28483,0.44069078532711464
53575,0.5023950586159082
67713,0.8450775242657255
55842,0.8140257994033364
25243,0.6460145384259842
19703,0.8103281650489516
40696,0.49905458212529935
23817,0.7213748476826757
68324,0.3127022143787554
12298,0.15895625866633054
66733,0.9815958653724947
27414,0.6456573805622084
5723,0.367158283961511
74672,0.5043699315097273
43464,0.2287280978192361
77743,0.3822219420984075
4968,0.5305475019958822
63228,0.2569015504853145
18602,0.25742678263792595
24533,0.9957456195638472
19711,0.05680910962645489
36778,0.4978570528173452
69120,0.26782637925963276
79129,0.4620152107231396
18021,0.11305096852808942
22602,0.5639102483297618
27692,0.05277532669439892
55389,0.9403336274633388
45243,0.5478591537459557
31313,0.7302197571326525
21543,0.47653262742132024
56747,0.9957456195638472
63070,0.3694693054330014
10212,0.22555569561746291
36192,0.8509391150888693
8200,0.4362578259590739
18794,0.5206101096684734
77844,0.461111811420648
70903,0.65296861212656
50082,0.16206563300979035
55746,0.2583301819404176
68432,0.5037816714988025
24821,0.5319551241648809
14123,0.1324425396025043
34065,0.6602168158325981
28002,0.14853565275851927
3643,0.6242068994495568
76429,0.6295222488339846
66156,0.11305096852808942
58628,0.6539770578595739
30874,0.8229127274255221
38871,0.996008235640153
63762,0.10978402453884617
63065,0.11044581705113661
41317,0.8085843943022816
5452,0.14607756628429766
15450,0.6203832093785454
73403,0.8597630152527417
31280,0.6754065296861212
25852,0.31837472162695907
59235,0.3215471238287323
12868,0.4669523929576873
28329,0.3148451615614101
13980,0.5957813353502247
54111,0.8384595991428211
47154,0.11943779150384469
72011,0.5423757300726922
24273,0.5967687717971343
8812,0.617567965040548
493,0.3403714441783268
43528,0.36428001176520025
66653,0.7595277112483717
38406,0.2593386276734317
37854,0.20173116517500733
67294,0.3288793646791882
44255,0.1488718013361906
67469,0.39262153872011435
43310,0.8491953443421992
31434,0.41861002563132904
65102,0.03378293205596874
39122,0.34143241312660194
44606,0.7365855708223035
64806,0.5452750115551074
27077,0.14840959704189252
21626,0.2920710954241775
47119,0.21311819824362366
44770,0.7201773183747217
27046,0.3063994285474179
35064,0.2407244001848817
47563,0.7574477919240303
5940,0.2983948905416194
78327,0.5604857346947351
11034,0.7560401697550317
36082,0.8396151098785664
18991,0.6744821210975251
75452,0.5710323963191731
23990,0.06821715198117567
32984,0.5436572965250641
23092,0.7040211773603934
32431,0.28337325097693183
33841,0.7868607924702719
65345,0.44312786251523173
74219,0.7873440060506743
7007,0.3211689566788521
54255,0.3722215219126854
55752,0.2517752846758267
46474,0.4056472961048783
32794,0.6153619899995798
60615,0.22849699567208703
7660,0.07084331274423294
46170,0.38173872851800494
38459,0.39213832513971175
49430,0.6826127148199505
55836,0.23242573217362072
61216,0.21998823479978147
74708,0.788562544644733
26424,0.2733728307912097
11909,0.5075423337115005
24969,0.6207613765284256
21608,0.09664271608050758
58586,0.873671162653893
49068,0.6003403504348923
33871,0.811399638640279
52429,0.45003991764359846
31132,0.8579352073616539
2205,0.8625992688768437
45672,0.7942770704651455
62523,0.2155762847178453
11309,0.5966847346527165
28152,0.04109416362032018
47833,0.07262910206311189
27607,0.8465481742930375
4427,0.35411151729064244
20937,0.5596873818227657
53555,0.17576368754989705
64111,0.34143241312660194
56548,0.5579226017899912
52871,0.435711584520358
50125,0.8415059456279675
20964,0.08798689020547083
55669,0.3559393251817304
33488,0.5945627967561662
46608,0.6724127064162361
6156,0.7215429219715115
20094,0.4958611706374218
61241,0.21196268750787847
51956,0.5871045001890836
69562,0.30707172570276065
55351,0.22631202991722343
40993,0.6726753224925416
29337,0.5603386696920039
17909,0.5400647086012017
30432,0.3853313164418673
20448,0.6317072145888483
30117,0.6695869574351864
51375,0.4607336442707677
71355,0.09834446825496869
44725,0.7824068238161267
32246,0.22410605487625532
3867,0.40325223748897016
55244,0.7611244169923106
2746,0.6567923021975713
11951,0.2498844489264255
43792,0.17603680826925502
19612,0.13277868818017563
20308,0.6688726417076348
44865,0.7819656288079332
15194,0.6823185848144879
1402,0.8552880373124921
61611,0.77917139375604
12829,0.8708559183158956
24088,0.3055800663893441
54132,0.8137316693978739
36022,0.6139963864027901
51814,0.0718727677633514
24473,0.7445270809697887
31882,0.047733098029328964
39780,0.7910206311189546
76329,0.47762511029875204
42966,0.2828270095382159
36610,0.30631539140300007
18200,0.6322324467414597
20133,0.07138955418294886
28173,0.8117778057901592
61998,0.4152275305685113
2101,0.8129123072398
78137,0.023278289003739655
62508,0.2879112567754948
55861,0.18563805201899242
10294,0.12935417454514894
4214,0.35037186436404893
26673,0.704609437371318
73017,0.22864406067481827
33003,0.4204798520946258
60949,0.08160006722971554
74084,0.6866885163242152
54337,0.6724127064162361
62262,0.3212950123954788
47592,0.3864237993192991
16924,0.061998403294256064
58284,0.4141560569771839
55622,0.6832009748308753
62492,0.2561662254716585
23555,0.7304088407075927
47378,0.050149165931341645
18136,0.0264717004916173
57506,0.4539056262868188
27748,0.38041514349342415
51169,0.46699441152989624
34774,0.004222866506996092
52390,0.17761250472708937
20809,0.01088281020210933
29321,0.40436572965250644
26655,0.4601663935459473
24973,0.18049077692340013
27365,0.848270935753603
2258,0.7986680112609773
38343,0.859090718097399
74620,0.6800495819152066
54121,0.8155174587167529
5356,0.23681667296945252
67056,0.5715156098995756
66915,0.05685112819866381
25600,0.8526618765494348
18972,0.6686625488465902
54576,0.8096768771797134
22006,0.35551913945964114
17509,0.21603848901214337
45969,0.5618093197193159
66853,0.7396109080213454
63116,0.7950964326232194
5843,0.026681793352661878
16212,0.15506954073700577
71369,0.09605445606958275
75358,0.45588049918063783
54041,0.6891676120845412
58273,0.26822555569561746
29797,0.47991512248413803
15373,0.07926803647212068
12181,0.28923484180007564
71855,0.8150342451363501
23479,0.13628723895962014
44761,0.8032900542039582
62369,0.610971049203748
39130,0.6618345308626412
32442,0.07607462498424304
48696,0.19059624353964452
2225,0.8552670280263878
43149,0.1288709609647464
16210,0.737804109416362
5572,0.8272616496491448
5794,0.8540274801462245
53385,0.619311735787218
32403,0.28310013025757386
71275,0.37207445690995417
19009,0.7887516282196732
41628,0.7182024454809026
70813,0.21158452035799824
55104,0.6461826127148199
35206,0.05651497962099248
22441,0.8330602126139753
58162,0.35440564729610485
62552,0.504222866506996
27991,0.7679944535484684
22737,0.6934745157359553
26918,0.3515483843858986
44758,0.5039077272154292
68704,0.9757132652632464
50962,0.45243497625950674
31898,0.16160342871549224
58609,0.40974410689524765
54239,0.9774255220807597
48689,0.4205428799529392
7017,0.29805874196394805
46155,0.44905248119668895
48767,0.7312912307239801
45410,0.2583722005126266
73464,0.3220513466952393
37714,0.4260052943400983
15650,0.5930711374427496
12238,0.6523173242573218
74764,0.386738938610866
71122,0.8010210513046766
56072,0.286503634606496
71127,0.3019034413210639
56379,0.42972393798058744
46102,0.5604857346947351
14744,0.4728139837808311
8245,0.4666582629522249
16238,0.06174629186100256
78746,0.5824404386738938
12146,0.4760914324131266
160,0.9756817513340895
25236,0.3395100634480441
1590,0.6539560485734693
38334,0.5626076725912853
7191,0.16538510021429473
16567,0.580108407916299
76113,0.9868271776125047
30751,0.20828606243959827
61203,0.012668599520988278
34325,0.13445943106853228
35597,0.4002058910038237
33205,0.9780768099499979
22174,0.28473885457372156
15593,0.03262742132022354
67905,0.33942602630362617
28455,0.739358796588092
23783,0.11410143283331232
58395,0.5670616412454305
53118,0.5009244085885961
70264,0.8625362410185303
17623,0.6224001008445733
68488,0.5752552628261691
10351,0.3717172990461784
63672,0.5619563847220471
46093,0.3604563216941889
56700,0.558321778225976
12450,0.5256943569057523
59767,0.8440060506743982
71313,0.5040968107903693
70722,0.809844951468549
22032,0.738539434430018
74086,0.1162233707298626
28221,0.05019118450355057
67629,0.3652674482121097
10208,0.9774255220807597
61389,0.7906634732551788
32956,0.36117063742174044
41870,0.7504306903651413
24323,0.9780768099499979
19811,0.28791125677549473
66635,0.8675574603974957
1382,0.03851002142947183
8606,0.2995924198495735
48512,0.9780768099499979
54190,0.598218412538342
21282,0.5678599941174
52328,0.061641245430480274
15039,0.08464641371486196
75970,0.1579268036472121
20132,0.1499852934997269
11391,0.21893777049455862
41161,0.8176604058994075
7296,0.5635740997520905
8069,0.1862473213160217
42728,0.8523257279717634
9765,0.8057061221059708
32793,0.14983822849699566
68900,0.23807723013572
66625,0.38125551493760246
12867,0.2842766502794235
10887,0.5514097230976092
11591,0.766502794235052
78504,0.7966511197949494
10504,0.5121853859405857
27811,0.49735282995083824
56623,0.45211983696793984
58654,0.43611076095634266
49848,0.18103701836211605
52888,0.874406487667549
11945,0.9774255220807597
17612,0.5084457330139922
51152,0.7828900373965292
277,0.43543846380100004
26944,0.24864490104626244
22314,0.06477162906004454
19338,0.23664859868061683
36675,0.5200428589436531
5846,0.07416277994873734
36189,0.4885289297869659
27104,0.23171141644606918
51920,0.5326274213202236
50877,0.06862683306021261
24046,0.8073868649943275
25519,0.20002941300054622
68027,0.5501491659313417
21827,0.06477162906004454
48934,0.05273330812219001
40511,0.11408042354720786
15073,0.7252195470397916
62321,0.20740367242321103
2385,0.1618765494348502
8017,0.2904323711080297
48457,0.7974704819530233
19504,0.6370225639732762
53411,0.4776671288709609
41863,0.8054330013866129
51972,0.0807176772133283
28399,0.06477162906004454
6143,0.8469263414429178
76542,0.8155384680028573
18355,0.5018908357494012
21084,0.3204966595235094
69339,0.5863061473171142
55221,0.2740451279465524
30387,0.8039833606454053
36305,0.4226227992772806
36594,0.07155762847178453
77947,0.6660363880835329
12992,0.7213538383965713
62155,0.32360603386696923
51099,0.8373461069792848
20879,0.4441993361065591
2455,0.19433589646623806
28065,0.37348207907895287
58955,0.17763351401319383
72806,0.7955586369175176
72703,0.011660153787974284
56116,0.12082440438673893
38636,0.43655195596453633
60012,0.3178915080465566
66419,0.6449220555485525
13894,0.12229505441405102
48652,0.06862683306021261
29690,0.26578847850750037
66094,0.7063742174040927
67497,0.06862683306021261
46100,0.8137316693978739
1208,0.06498172192108913
7685,0.832955166183453
16860,0.4841379889911341
26087,0.4156477162906005
55691,0.3377452834152696
44790,0.46245640573133323
28309,0.10744148913819908
76022,0.4136518341106769
19596,0.1702802638766335
3631,0.6679062145468299
1709,0.10426908693642589
26422,0.06477162906004454
24843,0.35692676162863984
1141,0.5555695617462919
38976,0.3306441447119627
75775,0.6589982772385393
35429,0.22906424639690745
1308,0.8168830623135426
18952,0.6450691205512836
58343,0.6517500735325014
44696,0.4420773982100088
46841,0.8188999537795706
74966,0.048489432329089456
57170,0.06862683306021261
20220,0.875183831253414
55569,0.06477162906004454
39421,0.19824362368166729
63923,0.43428295306525483
13284,0.06862683306021261
26763,0.017752846758267153
64354,0.26627169208790286
58479,0.6917097357031808
37773,0.06325896046052355
55779,0.08853313164418673
25880,0.40052103029539055
30655,0.49283583343837983
75251,0.4359636959536115
359,0.45161561410143286
139,0.12483717803269045
74028,0.7344006050674398
62444,0.8521996722551367
43950,0.06862683306021261
341,0.17618387327198623
70394,0.0665994369511324
56883,0.595424177486449
9570,0.07090634060254633
64387,0.06668347409555023
50099,0.5599605025421236
76119,0.5876927602000084
5499,0.23030379427707048
8557,0.1993991344174125
1933,0.7884995167864196
2353,0.6899449556704064
15849,0.40022690028992813
3237,0.21080717677213326
27717,0.226017899911761
42262,0.4488213790495399
36576,0.5935963695953612
59501,0.0706122105970839
71156,0.7599899155426698
14974,0.7445480902558931
63919,0.0560527753266944
20539,0.0993949325601916
61517,0.8289213832513971
25373,0.07233497205764948
18801,0.42865246438926
6345,0.4678978108323879
71676,0.5707382663137107
66322,0.08914240094121602
30404,0.06691457624269928
23174,0.05258624311945881
27735,0.8644480860540359
31779,0.09987814614059413
8037,0.29555863691751755
73852,0.12328249086096055
71850,0.09288205386780957
22053,0.3508760872305559
2170,0.349048279339468
53162,0.5974200596663726
18694,0.1536409092819026
26418,0.3648262532039161
72128,0.8202865666624648
37227,0.39547880163032056
47094,0.05250220597504096
7598,0.5166183453086265
70189,0.08185217866296902
19800,0.7500735325013657
42360,0.40400857178873056
7070,0.20687844027059962
42418,0.5002100928610446
5745,0.3031850077734359
48516,0.19857977225933862
17439,0.44768687759989917
930,0.4261103407706206
22853,0.04645153157695701
8768,0.6790831547544015
11121,0.2629522248833985
47499,0.4935501491659314
11739,0.3344678347829741
44015,0.14700197487289382
2012,0.2688138157065423
17298,0.4061305096852809
40380,0.4670574393882096
71443,0.6308878524307744
44180,0.5534266145636372
21313,0.7779528551619815
39333,0.27326778436068744
68804,0.3902474893903105
40604,0.46333879574772047
45735,0.4269717215009034
66678,0.7434976259506701
75770,0.6910164292617337
47776,0.7913357704105214
64048,0.6840833648472625
15435,0.08542375730072692
68671,0.6962897600739527
54313,0.6500693306441447
39759,0.3242993403084163
52396,0.8380814319929408
17859,0.2909576032606412
42850,0.7491491239127694
36028,0.7764401865624606
62494,0.5905920416824236
61050,0.4955670406319593
75750,0.07897390646665826
36789,0.344279171393756
36269,0.679797470481953
17515,0.5681331148367579
10517,0.5887642337913358
7462,0.04720786587671751
38393,0.416130929871003
50584,0.08613807302827851
77398,0.0459052901382411
74879,0.3063153914030001
37438,0.3905206101096685
74965,0.5409260893314846
38245,0.2462078238581453
31706,0.3805201899239464
67535,0.18059582335392244
48439,0.33631665196016636
34625,0.19599563006849027
2283,0.2954745997730997
28670,0.6442287491071054
22786,0.4645153157695701
71976,0.21198369679398296
6032,0.7011849237362914
33155,0.06783898483129543
30374,0.18876843564855664
62069,0.1233455187192739
60059,0.42613135005672503
19540,0.2002395058615908
17155,0.6967309550821463
46620,0.06592713979578974
64201,0.13473255178789026
70195,0.28923484180007564
74638,0.708181016009076
10059,0.6887684356485567
34611,0.3833354342619438
51650,0.7977436026723811
36637,0.5105886801966469
71426,0.15069960922727846
61351,0.29631497121727807
14377,0.24585066599436947
19087,0.0918105802764822
24307,0.6504264885079206
44410,0.3107693600571453
16716,0.2809151645027102
10652,0.5242867347367536
34543,0.09452077818395732
16978,0.2519853775368713
24996,0.8102651371906383
3745,0.8042144627925544
38212,0.3271355939325182
77591,0.5701289970166813
46738,0.7347787722173201
23378,0.2465439724358166
67412,0.6516240178158745
22191,0.3306441447119627
3761,0.7488549939073069
78014,0.464872473633346
35821,0.6610992058489853
52894,0.5889743266523804
37384,0.3225135509895374
3322,0.15326274213202237
55399,0.2698642800117652
64090,0.4880036976343544
22433,0.6980125215345182
68848,0.20463044665742258
78799,0.3216521702592546
78739,0.8001806798604983
60349,0.03993865288457498
44364,0.1583049707970923
8211,0.593407286020421
61036,0.2820496659523509
44200,0.4742636245220388
61441,0.6735156939367201
52781,0.6656372116475482
52782,0.8308332282869029
59519,0.6880121013487962
21387,0.373166939787386
22208,0.4251229043237111
70029,0.76036808269255
22055,0.8494474557754527
68649,0.1606370015546872
49335,0.7906214546829698
44603,0.6981700911803017
35635,0.15355687213748478
59157,0.8357283919492415
33624,0.3416109920584898
77686,0.4617000714315728
70449,0.11426950712214799
5464,0.32276566242279087
50953,0.6589142400941216
65334,0.6742090003781671
5483,0.7748644901046262
31338,0.6999453758561284
12606,0.4090087818815917
77590,0.46688936509937395
3829,0.7373419051220639
16725,0.7737720072271944
37419,0.8490482793394681
17544,0.19908399512584563
58558,0.09336526744821211
17710,0.6620446237236859
43057,0.008760872305559057
54246,0.7314172864406068
6797,0.6120635320811799
71345,0.7039371402159755
63316,0.7875751081978235
79214,0.8283331232404723
5411,0.48044035463674944
73870,0.7436236816672969
68337,0.7748224715324173
42605,0.8452455985545612
75869,0.47733098029328963
24001,0.4139459641161394
29034,0.7235388041514349
40584,0.581347955796462
4379,0.8518425143913609
28934,0.8412748434808185
6717,0.1855330055884701
26513,0.23206857430984495
2262,0.18324299340308417
40198,0.8158536072944241
42071,0.4043237110802975
32328,0.43197193159376446
42753,0.5264927097777218
62825,0.2383713601411824
11191,0.7097357031808059
17570,0.742111013067776
194,0.1649018866338922
46572,0.13866128828942392
79026,0.7466280095802346
8771,0.25685953191310557
30796,0.6267280137820916
31260,0.6711416446069163
43356,0.2577839405017018
17863,0.5126475902348838
18231,0.46172108071767726
28804,0.6952813143409386
61945,0.5945838060422707
14568,0.7095046010336569
26650,0.2000924408588596
49679,0.41224421194167826
64047,0.6981700911803017
71854,0.331988739022648
6582,0.04365729652506408
32175,0.48733140047901174
59872,0.7100298331862683
49880,0.20406319593260222
9169,0.658935249380226
46404,0.42344216143535446
7369,0.831757636875499
67581,0.6514349342409346
72693,0.005273330812219001
16289,0.12826169166771714
7852,0.8470944157317536
42947,0.4657968822219421
44901,0.40781125257363754
58644,0.5685953191310559
50501,0.8721164754821631
49813,0.7903483339636118
67029,0.13250556746081768
58930,0.10405899407538133
77581,0.6330307996134291
65088,0.49712172780368924
66315,0.8241312660195806
54307,0.20612210597083913
59660,0.6199840329425607
9886,0.8106958275557797
51632,0.8722425311987898
74814,0.3369679398294046
35293,0.6170847514601454
23568,0.27549476868775996
70911,0.6581158872221522
63096,0.7150930711374427
54870,0.6159712592966091
14850,0.8416109920584899
50140,0.1738938610866003
8260,0.36896508256649435
32763,0.6541871507206185
71364,0.38570948359174756
11241,0.49516786419597464
46734,0.5191814782133702
64308,0.04519097441068953
6817,0.1900920206731375
59712,0.15153998067145677
76784,0.8266313710660113
49438,0.2663977478045296
43473,0.2715450229001219
31656,0.3954157737720072
51876,0.7384764065717047
34229,0.8157485608639018
50086,0.5237615025841421
4494,0.5056725072482037
56308,0.7998025127106181
76779,0.25477961258876425
13948,0.06882642127820497
11003,0.0730282784990966
48201,0.8106958275557797
72767,0.4378965502752217
28366,0.41917727635614943
48455,0.741606790201269
75949,0.24433799739484854
5076,0.24456909954199757
59676,0.37852430774402285
24265,0.19032312282028654
21779,0.293058531871087
15283,0.18481868986091854
78690,0.25908651624017814
69625,0.671813941762259
18352,0.6173788814656078
53910,0.2575948569267616
34519,0.3890079415101475
69786,0.7023194251859323
61710,0.02558931047523005
23384,0.7657464599352913
8473,0.8469473507290223
8788,0.8622841295852766
22011,0.831757636875499
12110,0.5752342535400646
71679,0.559981511828228
46739,0.5296020841211816
15038,0.6141014328333123
74568,0.5637421740409261
2660,0.8296777175511577
65678,0.5948359174755241
2598,0.007311231564351443
72238,0.4971427370897937
15224,0.14817849489474347
58811,0.4995588049918063
67991,0.2849699567208706
22747,0.8294466154040085
72955,0.26767931425690156
50291,0.4116349426446489
10450,0.1967939829404597
56527,0.30127316273793014
29517,0.5190134039245347
50940,0.5915584688432287
53799,0.18002857262910207
23953,0.10197907475103996
55268,0.1153199714273709
48782,0.2474683810244128
8180,0.45743518635236774
50101,0.3284381696709946
9529,0.7566704483381654
71907,0.6362242111013068
55078,0.6934955250220597
63279,0.6803437119206689
75331,0.5870204630446657
41815,0.3729778562124459
36599,0.7376990629858398
78753,0.2602210176898189
55297,0.1879070549182739
28796,0.7467330560107568
38548,0.21624858187318793
76230,0.6676120845413672
67495,0.2467120467246523
156,0.42003865708643223
10488,0.45169965124585065
77792,0.6374637589814698
37347,0.5229421404260683
1090,0.6163494264464894
27517,0.26851968570107987
78507,0.39581495020799196
74659,0.8545737215849405
32603,0.5654439262153872
40719,0.15569981932013952
76638,0.6121055506533888
18059,0.5420816000672297
55916,0.463086684314467
72517,0.11966889365099376
6417,0.8528929786965839
41856,0.2476994831715618
33867,0.6482835413252658
70970,0.5906340602546325
77816,0.0475650237404933
13231,0.5746880121013488
71987,0.09905878398252027
45097,0.8731039119290727
18100,0.802365645615362
59043,0.14874574561956386
25557,0.3326190176057818
36117,0.16549014664481698
69616,0.01077776377158704
59166,0.2238119248707929
78701,0.839320979873104
588,0.39619311735787216
9347,0.8471364343039625
46038,0.6733896382200933
46306,0.1785999411739989
43733,0.8626412874490526
78881,0.07141056346905332
26476,0.4398083953107273
52143,0.8631875288877685
30091,0.7655993949325602
30931,0.3916551115593092
646,0.36623387537291485
9588,0.45827555779654605
49417,0.7156813311483677
15037,0.1571074414891382
32995,0.12700113450144965
24218,0.04899365519559645
26820,0.2887516282196731
55427,0.261187444850624
9753,0.8228707088533133
8005,0.18591117273835034
16155,0.0830286986848187
20096,0.7914198075549392
8439,0.5968317996554477
26171,0.03821589142400941
67066,0.13916551115593093
1126,0.027637715870414723
33692,0.46098575570402117
1284,0.3604143031219799
56482,0.6321694188831464
52757,0.4801042060590781
42871,0.19744527080969787
31853,0.16988108744064875
78348,0.565527963359805
54401,0.1522963149712173
63371,0.40997520904239676
62988,0.7832051766880962
2592,0.2401781587461658
5907,0.4278961300894996
55662,0.1515399806714568
11206,0.7684146392705576
39902,0.27807891087860837
67844,0.1488718013361906
20075,0.5350224799361317
17072,0.19876885583427875
33381,0.7559351233245094
65032,0.2226143955628388
6630,0.765914534224127
4136,0.7777847808731458
1899,0.1013067775956973
283,0.1776965418715072
65795,0.4340938694903147
11117,0.3845749821421068
6531,0.10153787974284634
37712,0.47132232446741457
29140,0.46907433085423755
6972,0.8198033530820622
37992,0.4808395310727342
67822,0.5865162401781587
40847,0.24070339089877724
21039,0.7674902306819614
21385,0.6834740955502333
6711,0.5277322576578848
78676,0.13185427959157947
57829,0.6220849615530063
75940,0.755683011891256
21801,0.18519685701079877
33244,0.8201395016597336
51708,0.5289087776797344
49160,0.427412916509097
61002,0.8287953275347704
71948,0.17378881465607798
2552,0.18324299340308414
6853,0.42785411151729064
32659,0.41388293625782596
51579,0.4101853019034413
26391,0.7826589352493802
48564,0.39398714231690407
64167,0.7880163032060171
21254,0.20671036598176395
18659,0.24507332240850457
41972,0.34993066935585526
50730,0.1547964200176478
23649,0.7663137106601118
42952,0.1454472877011639
20355,0.7396109080213454
13566,0.5704861548804572
22264,0.5730282784990967
29119,0.5206941468128914
39962,0.5892894659439473
18490,0.6692087902853062
6824,0.03157695701500063
27625,0.3874322450523131
56701,0.30280684062355556
782,0.4826253203916131
14940,0.48409597041892516
18134,0.5180049581915206
10984,0.5069750829866801
72056,0.1454472877011639
5775,0.15727551577797386
30934,0.7662086642295894
30574,0.49588217992352623
9284,0.7262910206311189
63871,0.3948695323332913
74906,0.6197949493676205
12820,0.26990629858397414
18709,0.639669734022438
63879,0.42249674356065375
37824,0.5109038194882137
10801,0.8302239589898734
59635,0.1438505819572251
67264,0.30268078490692885
16995,0.7092945081726123
48778,0.19007101138703306
70203,0.2288331442497584
30652,0.007752426572545064
57327,0.5124164880877348
74072,0.741795873776209
69287,0.4855246018740283
12925,0.7990251691247532
65634,0.41197109122232023
68674,0.463590907180974
14358,0.4803983360645405
13141,0.8367158283961511
47946,0.6749233161057188
69185,0.1641875709063406
50670,0.28757510819782345
67170,0.5028572629102063
45233,0.0565990167654103
44630,0.6823185848144879
55719,0.1728223874952729
46761,0.5927980167233917
18475,0.027637715870414723
23482,0.5511366023782512
71708,0.06573805622084962
7522,0.3072608092777007
75416,0.5923988402874071
62033,0.6212655993949325
78420,0.57822807680995
19447,0.7688138157065424
33366,0.39659229379385685
15353,0.8611706374217404
24260,0.05605277532669439
77245,0.5667254926677591
7346,0.3399302491701332
6305,0.9766271692087903
6589,0.09584436320853817
42892,0.7099037774696416
29056,0.6037858733560233
78718,0.748812975335098
57715,0.9826673389638221
18323,0.57822807680995
26929,0.051745871675280476
34522,0.19355855288037313
28229,0.29772259338627666
18746,0.47714189671834956
20645,0.18731879490734904
70969,0.19706710365981764
22670,0.7127610403798479
2540,0.8256439346191016
50602,0.4089037354510694
65429,0.7141266439766376
66708,0.9756607420479853
48331,0.6268120509265095
7928,0.605508634816589
14290,0.09660069750829865
77380,0.7643178284801883
17074,0.8531660994159419
47300,0.7275515777973864
15893,0.8274087146518762
50027,0.9766271692087903
18682,0.9746102777427623
40786,0.827219631076936
2644,0.6284087566704483
59064,0.29244926257405773
5348,0.32047565023740493
41801,0.9887600319341149
49734,0.7462078238581453
32973,0.39083574940123533
7897,0.629354174545149
9834,0.7126980125215345
32592,0.5972729946636414
50058,0.5085927980167234
17016,0.7744232950964326
73998,0.2442539602504307
19676,0.4836547754107315
34743,0.7756208244043866
163,0.6657632673641749
74972,0.40715996470439936
9558,0.6588091936635992
37482,0.4809655867893609
74604,0.41892516492289594
1432,0.7458716752804739
23253,0.5666414555233413
45604,0.8314214882978277
62425,0.9778352031597967
13976,0.552596747762511
67156,0.7919240304214462
7711,0.47556620026051516
7737,0.27095676288919707
37052,0.5993319047018782
7532,0.5536787259968907
17070,0.8344258162107652
13494,0.552596747762511
42822,0.407601159712593
43620,0.1037648640699189
68921,0.4448506239757973
2840,0.9737173830833229
5106,0.6956384722047145
56615,0.014034203117778058
15079,0.5335938484810286
29310,0.2038110844993487
19716,0.574793058531871
26202,0.32427833102231185
25280,0.062124459010882795
2097,0.9766271692087903
42964,0.8369049119710912
22437,0.8421362242111012
8000,0.24135467876801545
62813,0.9746102777427623
70554,0.7422370687844028
25123,0.7391697130131519
61331,0.8109164250598765
23285,0.1928232278667171
53073,0.8175763687549896
35526,0.5421236186394386
6398,0.32698852892978697
54221,0.39270557586453214
46851,0.16664565738056222
34866,0.09483591747552418
8330,0.7081389974368671
3472,0.7045043909407959
14473,0.16725492667759148
57419,0.7893819068028068
30255,0.7105760746249842
30448,0.5209882768183537
79142,0.1916677171309719
34052,0.09526660784066558
45254,0.4610277742762301
59793,0.6862053027438128
75565,0.09043447203664019
21622,0.6859321820244547
33788,0.3111475272070255
16185,0.1050254212361864
75055,0.43657296525064077
27387,0.37678053699735287
25052,0.48390688684398503
50289,0.18702466490188663
1652,0.08838606664145553
33938,0.09035043489222237
76257,0.619815958653725
6257,0.24217404092608932
28855,0.8067565864111937
5470,0.14689692844237154
78044,0.006617925122904323
10259,0.5458842808521367
43935,0.13523677465439723
13429,0.18355813269465104
37862,0.7052607252405564
21818,0.5063237951174419
66078,0.09775620824404387
62540,0.5596663725366612
42093,0.08804991806378419
49816,0.4969326442287491
55507,0.4020757174671205
5998,0.15738056220849617
68927,0.47777217530148325
28732,0.4961342913567797
60604,0.6146476742720282
77508,0.635131728223875
14227,0.1983906886843985
16030,0.653935039287365
79272,0.8329131476112442
11006,0.10298752048405395
36728,0.7304298499936972
6644,0.39184419513424934
23226,0.4734862809361738
48869,0.5319341148787764
16088,0.09526660784066558
69123,0.17467120467246522
36061,0.34047649060884916
68100,0.3194461952182865
27767,0.8014202277406614
59665,0.21774024118660448
77073,0.3424513635026682
37805,0.17742342115214926
33849,0.33562334551871925
61628,0.437455355267028
64430,0.3324509433169461
59797,0.09035043489222237
2024,0.31324845581747135
73446,0.26108239842010167
78039,0.7082440438673894
23706,0.1394386318752889
66550,0.6113492163536284
18314,0.7151771082818605
9597,0.28505399386528846
23763,0.4680238665490147
12088,0.6957645279213412
54342,0.685806126307828
5111,0.5519349552502205
36752,0.4956720870624816
15380,0.5412622379091558
40373,0.21845455691415605
19874,0.48722635404848935
13945,0.7054918273877053
63438,0.786503634606496
26833,0.09328123030379427
35852,0.552775326694399
10806,0.06762889197025085
19034,0.5031513929156687
47702,0.2360183200974831
37901,0.8213370309676877
67696,0.7716920879028532
31657,0.11349216353628304
76866,0.5044119500819362
25499,0.68204546409513
36736,0.6296903231228203
34197,0.09035043489222237
3082,0.4047649060884911
68057,0.267469221395857
21728,0.7238329341568974
62947,0.7928694482961469
38788,0.09043447203664019
49667,0.09035043489222237
55148,0.5136560359678978
22657,0.3225345602756418
65096,0.6486196899029371
41322,0.5434472036640196
29807,0.7311861842934578
56448,0.5904869952519013
9497,0.6529055842682466
5927,0.0912013109794529
29726,0.12429093659397451
51613,0.8258120089079374
18038,0.19935711584520358
8895,0.08653724946426322
8707,0.27471742510189506
66913,0.6027984369091138
67261,0.8094247657464599
27045,0.5327114584646414
3755,0.6458884827093576
57805,0.47934787175931765
29740,0.8511281986638094
20568,0.5763687549897054
46487,0.29261733686289343
44639,0.7837724274129165
48690,0.5802134543468213
24859,0.7494012353460229
55732,0.39751670238245307
64029,0.8313059372242532
13058,0.2582041262237909
48909,0.026555737636035127
23388,0.5144753981259717
43542,0.6425059876465398
58713,0.6694398924324552
58006,0.8161687465859909
57942,0.6160342871549225
14572,0.8439850413882937
55534,0.8286692718181436
23912,0.32230345812849276
15998,0.5372284549770999
28045,0.7914198075549392
56850,0.30301693348460024
43951,0.4059624353964452
50409,0.19530232362704317
37644,0.22860204210260937
76273,0.1954914072019833
48759,0.23845539728560025
30842,0.561031976133451
61333,0.3669481911004664
64947,0.34095970418925164
76972,0.5776923400142863
46805,0.645174166981806
14292,0.8518215051052564
2462,0.23635446867515442
49146,0.7515651918147821
55420,0.3339846212025715
54094,0.4960502542123619
38715,0.37217950334047645
70120,0.3621370645825455
22169,0.4844111097104921
45001,0.777322576578848
26807,0.32076978024286734
58280,0.640363040463885
45839,0.8339215933442582
16906,0.5865582587503676
57867,0.6114542627841506
64380,0.5206101096684734
60704,0.760221017689819
9504,0.6248371780326906
69520,0.24141770662632886
39072,0.4784864910290348
59766,0.5227110382789193
17154,0.774675406529686
5979,0.34373292995504007
25228,0.25280473969494516
34965,0.730009664271608
46858,0.36465817891508046
57714,0.48031429892012273
79222,0.7054498088154965
61559,0.23099710071851762
59561,0.8375141812681205
42601,0.8100970629018026
26190,0.8478087314593049
6980,0.8433337535190555
50980,0.3158325980083197
52162,0.4394302281608471
35145,0.41438715912433294
61064,0.8323248876003193
17631,0.36362872389596196
23889,0.7821547123828733
39280,0.556451951762679
28271,0.385730492877852
78501,0.19364259002479098
47242,0.2990461784108576
5440,0.392012269423085
76296,0.5612630782806
29957,0.4422874910710534
28139,0.5236984747258289
57907,0.8198663809403756
64028,0.2816084709441573
70068,0.854825833018194
9867,0.29990755914114037
48356,0.837577209126434
10143,0.07386864994327492
44858,0.1435564519517627
16532,0.5508844909449978
76817,0.8313059372242532
28083,0.5047270893735031
7789,0.5279213412328249
36225,0.7634144291776965
63531,0.5646665826295222
60921,0.5495609059204168
70477,0.6501743770746671
41992,0.6977604101012647
22615,0.6216227572587084
63937,0.34980461363922855
30112,0.5912013109794529
47685,0.49850834068658356
56493,0.7235598134375394
25432,0.20986175889743267
7100,0.6208033951006344
73617,0.8218622631202992
49231,0.8707718811714779
23473,0.304844741375688
51400,0.5076473801420228
77866,0.49306693558552883
51432,0.6562040421866465
28672,0.8129333165259044
20282,0.15557376360351274
42081,0.2748434808185218
6173,0.3887978486491029
3632,0.7130761796714147
49724,0.480881549644943
64642,0.46430522290852555
33161,0.440753813185428
3192,0.49249968486070844
32785,0.6829068448254129
30912,0.5494138409176856
53353,0.6643976637673852
64042,0.7295894785495189
55317,0.306399428547418
19878,0.12983738812555148
30621,0.5032774486322955
26036,0.3502878272196311
77740,0.09265095172066053
14057,0.6880121013487962
72931,0.38820958863817806
21224,0.37243161477372994
33362,0.608491953443422
37488,0.31156771292911467
25122,0.777742762300937
10750,0.5972309760914324
29301,0.4043867389386109
22421,0.5085717887306189
4799,0.8379553762763141
10635,0.34306063279969745
70332,0.6530316399848733
53745,0.6347535610739947
41425,0.5389091978654567
164,0.17794865330476073
672,0.0473129123072398
53421,0.7595697298205807
47077,0.3511912265221227
16053,0.7392537501575697
56533,0.24933820748770952
59354,0.7766712887096096
22741,0.6271061809319719
60429,0.054224967435606536
5543,0.8711080297491492
24023,0.2851380310097063
23178,0.835791419807555
73295,0.07208286062439599
6549,0.8314004790117231
63038,0.705155678810034
70018,0.8550779444514477
62647,0.8517374679608388
61950,0.20605907811252575
69253,0.34293457708307074
76374,0.17471322324467412
9957,0.739778982310181
31175,0.4793898903315265
27606,0.26204882558090675
26716,0.6422118576410774
51197,0.8551409723097608
71230,0.21234085465775876
57023,0.3577461237867137
32372,0.23402243791755958
42469,0.555947728896172
15423,0.5827135593932519
57010,0.054771208874322456
12412,0.5834488844069078
68829,0.48033530820622716
41780,0.8265473339215933
34172,0.2194840119332745
66919,0.43085843943022817
43109,0.7290642463969075
23313,0.8387327198621791
54824,0.3754359426866675
46852,0.8506659943695114
41569,0.86215807386865
23292,0.8477877221732006
6407,0.5639102483297618
9075,0.4948317156183033
28142,0.62426992730787
50332,0.28730198747846547
70985,0.1078406655741838
61589,0.35009874364469096
29795,0.8020505063237952
44937,0.515862011008866
59475,0.10525652338333542
37847,0.15059456279675618
25033,0.43837976385562416
46333,0.5613471154250179
49842,0.1150678599941174
55678,0.8405185091810581
42914,0.5698768855834279
39923,0.2426362452203874
71967,0.25564099331904705
72147,0.4207529728139838
77876,0.6034707340644565
18269,0.613576200680701
35263,0.8638598260431111
55100,0.7574898104962394
52189,0.6726753224925418
28180,0.09302911887054079
33614,0.4640531114752721
74271,0.640363040463885
11872,0.06891045842262279
7968,0.09036093953527459
40109,0.7008487751586201
46660,0.6998193201395017
31823,0.23614437581410982
16921,0.09302911887054079
17348,0.36635993108954157
48245,0.8405395184671626
71309,0.5486785159040296
50201,0.3179335266187655
23430,0.7886675910752553
51113,0.08057061221059708
35299,0.09302911887054079
11139,0.6152569435690576
14717,0.8414429177696542
73966,0.11279885709483593
37686,0.2818605823774108
31056,0.7871549224757342
31553,0.26568343207697803
5902,0.3203075759485693
73823,0.868397831841674
29985,0.22049245766628847
64310,0.7030967687717972
63741,0.10429009622253037
74521,0.8034371192066893
5657,0.09071809739905039
48896,0.7599268876843565
55250,0.24683810244127904
72910,0.2352619857977226
52131,0.627022143787554
78402,0.11170637421740408
56155,0.11605529644102693
6722,0.2207025505273331
24227,0.2330560107567545
73801,0.5479642001764781
40462,0.18460859699987395
31751,0.3856464557334342
52291,0.6331358460439515
73862,0.8445838060422707
73166,0.5201479053741753
63134,0.47449472666918774
45034,0.48025127106180926
60632,0.11523593428295308
76958,0.6938526828858356
34595,0.07870078574730031
25170,0.4241144585906971
12330,0.23326610361779906
61930,0.17528047396949453
64613,0.8127652422370687
70972,0.7958947854951889
4438,0.8445838060422707
10383,0.6651539980671456
65451,0.8194672045043908
64978,0.5216815832598009
36036,0.5141602588344047
18074,0.28908777679734443
42686,0.052544224547249885
38068,0.49787806210344976
55115,0.8294045968317997
47865,0.8705302743812765
30683,0.09302911887054079
35586,0.7528887768393631
5783,0.4373292995504013
16164,0.6641245430480273
19170,0.12935417454514894
9716,0.5491827387705366
65062,0.11836631791251734
10700,0.7412286230513887
76560,0.4815958653724946
4896,0.11322954745997732
56274,0.7359552922391698
13396,0.6064540526912895
18753,0.14998529349972686
41324,0.5206521282406824
62712,0.8705302743812765
29302,0.1428421362242111
48232,0.08033951006344804
55923,0.6551325685953192
72983,0.8299298289844111
10755,0.7377620908441531
39892,0.11322954745997732
78406,0.7558300768939872
46480,0.1247111223160637
29329,0.8149081894197235
68620,0.6071473591327367
208,0.09302911887054079
28983,0.37533089625614524
25593,0.0926089331484516
68911,0.2288331442497584
10527,0.49575612420689946
48605,0.2749485272490441
42829,0.23568217151981175
60964,0.20349594520778183
44844,0.7670280263876634
77734,0.4603134585486785
53364,0.4840749611328207
9687,0.042984999369721416
58577,0.7890457582251355
19202,0.11351317282238749
5250,0.18557502416067903
74070,0.747657464599353
45114,0.8290054203958149
78556,0.3751418126812051
34504,0.421404260683222
56550,0.32467750745829654
14485,0.20200428589436528
4256,0.782553888818858
77523,0.8190260094961973
68012,0.8136476322534562
10757,0.20776083028698686
70588,0.16439766376738518
69250,0.216983906886844
64316,0.5789528971805538
72241,0.6684524559855456
68009,0.714735913273667
10107,0.09311315601495862
54625,0.6971931593764444
31368,0.3698474725828817
16457,0.38961721080717676
14211,0.721248791966049
73380,0.47031387873440056
12324,0.3377032648430606
54254,0.293562754737594
39533,0.8256019160468927
31008,0.6328207067523844
76330,0.7874070339089877
33894,0.8228286902811043
17626,0.6005714525820413
79085,0.35978402453884617
60947,0.5323122820286567
51502,0.20465145594352704
29372,0.3064414471196269
62439,0.34472036640194964
55755,0.04241774864490105
77480,0.5702760620194125
32118,0.5448338165469138
65109,0.32011849237362916
4359,0.3720324383377453
17728,0.1920668935669566
7422,0.8003067355771251
57785,0.29957141056346903
27214,0.27118786503634607
74697,0.5532795495609059
57994,0.47035589730660954
23712,0.4443464011092903
40391,0.5933442581621077
33756,0.15256943569057524
16015,0.660994159418463
68389,0.06162023614437581
77232,0.7776377158704147
41622,0.4764275809907979
49105,0.6653220723559814
17015,0.7626370855918316
17634,0.7551577797386445
26161,0.18120509265095172
64175,0.024938022605991848
68577,0.3699525190134039
65482,0.6071053405605278
65682,0.35308206227152406
36042,0.551766880961385
31911,0.15307365855708224
7228,0.5623135425858229
36452,0.2546115382999286
55827,0.517794865330476
34085,0.6194798100760536
71832,0.6788730618933568
31402,0.24692213958569686
75389,0.4094079583175763
76154,0.17196100676499013
37385,0.08149502079919324
52250,0.8298878104122022
78792,0.07874280431950921
34069,0.5087818815916635
23670,0.17893608975167022
65430,0.09594940963906047
76667,0.29263834614899786
13674,0.7986259926887684
42669,0.7312492121517712
71032,0.09132736669607966
21676,0.4072440018488172
59190,0.41403000126055717
12150,0.7526786839783184
24612,0.40110929030631537
6442,0.8092356821715198
74173,0.4566788520526073
48369,0.31347955796462035
18744,0.2454514895583848
3655,0.31215597294003955
63647,0.4564477499054582
72589,0.2854951888734821
29735,0.2252615656120005
48714,0.17698222614395565
44140,0.7445270809697887
23172,0.14607756628429766
43597,0.5013235850245809
44977,0.716248581873188
12290,0.8498886507836464
64158,0.48939031051724863
54692,0.12966931383671584
31011,0.5639522669019708
13468,0.3169670994579605
72431,0.31921509307113743
42653,0.5978402453884617
36379,0.454010672717341
57717,0.8294256061179041
7152,0.6177780579015925
50116,0.3140678179755452
6013,0.8280389932350097
46414,0.18215051052565234
46882,0.0788058321778226
37651,0.29005420395814946
45380,0.2686667507038111
36915,0.8373250976931804
8907,0.5527543174082945
56089,0.777280558006639
39311,0.5025841421908483
59183,0.5340350434892223
69968,0.10370183621160552
64107,0.316168746585991
33175,0.08823900163872432
24597,0.8480398336064541
58349,0.04857346947350729
26988,0.11641245430480272
59890,0.3112735829236523
26967,0.29965544770788693
73771,0.26093533341737046
46820,0.36100256313290474
11564,0.6566662464809446
27599,0.40602546325475863
11557,0.5991848396991472
53552,0.7941720240346234
21637,0.3867599478969705
32780,0.5882390016387243
4761,0.24288835665364092
1178,0.7367116265389302
64733,0.6787049876045211
31349,0.7243791755956132
35632,0.22450523131223998
6472,0.5157779738644481
22613,0.2757888986932224
25538,0.5450649186940627
60234,0.20570192024874992
76744,0.291083658977268
63450,0.31112651792092105
22444,0.028929786965838904
8928,0.04827933946804488
31325,0.05206101096684734
35644,0.5512836673809823
9109,0.35299802512710615
27724,0.41989159208370097
3727,0.7694651035757806
51925,0.3242363124501029
1368,0.8183116937686458
3713,0.12834572881213493
17773,0.8210218916761209
25427,0.05405689314677087
73298,0.44098491533257694
36322,0.8215261145426279
64966,0.0032984579183999324
4115,0.6399638640279003
67204,0.274486322954746
29166,0.7022984158998278
25924,0.5700449598722636
39883,0.46962057229295356
66025,0.1754485482583302
27209,0.29337367116265395
72461,0.1900500021009286
73385,0.8602042102609353
60577,0.521093323248876
5705,0.18095298121769823
17088,0.30253371990419764
69570,0.8506134711542502
36060,0.34757762931215597
8126,0.7635825034665323
26985,0.8272616496491448
42288,0.4111307197781419
78987,0.38249506281776546
47056,0.781041220219337
77744,0.4945375856128409
30660,0.08160006722971554
54062,0.3730408840707593
37209,0.35770410521450474
42824,0.5788688600361359
50139,0.24694314887180133
65839,0.41543762342955587
36488,0.42493382074877095
24090,0.497752006386823
28626,0.7244632127400311
55410,0.4239673935879658
15578,0.5448338165469138
47415,0.9741480734484642
48321,0.9742846338081432
37381,0.9869532333291314
13670,0.5783436278835246
23197,0.5313038362956427
10226,0.9742846338081432
4471,0.6024412790453381
43754,0.9869532333291314
1970,0.05624185890163452
32557,0.6915206521282408
22912,0.30494978780621035
39063,0.4049329803773268
12116,0.09752510609689481
9111,0.6836841884112778
68786,0.4862599268876844
6571,0.990966006975083
6639,0.29730240766418753
56504,0.39337787301987476
15399,0.5491197109122232
61213,0.8661288289423926
45273,0.65819992436657
65662,0.38812555149376027
1240,0.09523509391150888
35058,0.24803563174923315
41236,0.2423000966427161
25612,0.9767427202823648
33998,0.9767427202823648
64179,0.23271986217908314
9201,0.5362830371023993
29857,0.25627127190218074
28405,0.8388797848649102
76261,0.7091054245976721
1059,0.5286356569603764
39031,0.8685133829152486
27421,0.750136560359679
282,0.8685133829152486
47615,0.39028950796251943
66505,0.6851338291524853
20338,0.7770494558594899
34708,0.2967141476532627
79086,0.30116811630740786
620,0.6045211983696794
18310,0.10218916761208453
67279,0.20981974032522374
26156,0.27047354930879447
9848,0.8225345602756419
15564,0.38010000420185724
71653,0.04718685659061305
51887,0.6784738854573722
55205,0.5373124921215177
35947,0.06645237194840119
71636,0.538699105004412
23500,0.030316399848733137
6277,0.9767427202823648
42241,0.9767427202823648
78323,0.3057901592503887
76620,0.4138199083995126
71261,0.33753519055422493
76368,0.18580612630782808
33398,0.606243959830245
44739,0.41711836631791255
52234,0.3802680784906929
12589,0.035379637799907555
61368,0.5287617126770033
21928,0.30885751502163955
13761,0.4231060128576831
64675,0.3897012479515946
67650,0.047691079457120054
61273,0.6328627253245934
45894,0.5784696836001513
69351,0.6330728181856381
47065,0.2552418168830623
35047,0.4351023152233287
70136,0.8016093113156014
50678,0.5664523719484013
35134,0.8506239757973023
4649,0.4753140888272616
44966,0.1113071977814194
64325,0.09937392327408716
26917,0.6460985755704021
33143,0.625593512332451
77788,0.059015084667423
66062,0.20439934451027353
11562,0.43188789444934655
23280,0.17200302533719902
26724,0.5035085507794445
19976,0.40951300474809865
27491,0.1455523341316862
57057,0.29656708265053155
48365,0.13431236606580108
42230,0.8264422874910711
45242,0.3220933652674482
17779,0.48745745619563846
29427,0.6775284675826715
12202,0.975923358124291
45351,0.30450859279801673
76708,0.7100298331862683
26018,0.44934661120215136
26959,0.35049792008067565
79207,0.8160847094415731
77540,0.5204210260935334
22016,0.38434387999495784
31586,0.058615908231438286
31861,0.48453716542711883
25850,0.33890079415101476
72100,0.7993613177024246
65129,0.3763603512752636
4704,0.391276944409429
39064,0.5331946720450439
39444,0.39732761880751294
25964,0.10099163830413042
47909,0.6597756208244044
74132,0.5832808101180721
957,0.4906928862557251
59322,0.03437119206689357
72542,0.8198138577251145
30028,0.23003067355771253
55231,0.7705365771671079
16310,0.721563931257616
45501,0.8679566368334805
8947,0.6336400689104584
60316,0.5779234421614353
2921,0.6967099457960418
37413,0.19536535148535653
662,0.12431194588007899
16083,0.04521198369679399
75718,0.3729568469263414
20050,0.26673389638220096
70327,0.775998991554267
2357,0.6417916719189882
28381,0.25956972982058074
79009,0.12229505441405102
52580,0.7305769149964284
20023,0.6063700155468718
31891,0.3933358544476659
26746,0.7190638262111854
1561,0.5659691583679987
10327,0.6808269255010715
72716,0.5933862767343165
15314,0.06933064414471196
36878,0.15563679146182616
21289,0.7514391360981554
56447,0.6201941258036052
33663,0.8133955208202025
74138,0.0836799865540569
27962,0.2280768099499979
11654,0.06935165343081642
66436,0.7640867263330392
78324,0.7768603722845496
26631,0.6438715912433296
24827,0.6687675952771125
61551,0.0565569981932014
13630,0.6810160090760116
25684,0.45617462918610024
3390,0.14700197487289382
26290,0.5515567881003404
64882,0.005903609395352745
33321,0.23519895793940923
26016,0.8098869700407579
1926,0.6897978906676752
49787,0.6734106475061977
57661,0.42020673137526793
71627,0.7284549770998782
51048,0.7047775116601538
62769,0.8216626749023068
25004,0.2736249422244632
9079,0.4652086222110173
65642,0.3593428295306526
68578,0.20921047102819446
75898,0.06741879910920627
50862,0.6452792134123282
23399,0.6273898062943822
52327,0.4762384974158578
50070,0.5839320979873105
56986,0.2027606201941258
45005,0.8316525904449766
27425,0.02926593554351023
6369,0.5217656204042187
49154,0.3740703390898777
63484,0.8400983234589688
61682,0.7803689230639943
22432,0.05285936383881676
74664,0.5876507416277995
74442,0.8045926299424346
35489,0.39264254800621873
48788,0.6953863607714609
74320,0.15214924996848608
38560,0.5558321778225976
52270,0.732761880751292
39500,0.8647632253456029
43409,0.18878944493466113
75305,0.024769948317156187
46168,0.6271376948611286
69299,0.7810832387915458
32982,0.5558321778225976
49931,0.49241564771629065
30088,0.4333375351905542
52649,0.2982268162527837
78146,0.6791671918988192
51196,0.3050338249506282
64289,0.25309886970040757
41689,0.7078448674314046
21805,0.45497709987814616
6155,0.5201689146602798
26144,0.7712508928946594
62047,0.7899491575276273
29010,0.8713601411824025
30016,0.4570360099163831
26590,0.07540232782890037
60113,0.45594352703895114
29760,0.7041052145048111
54616,0.704189251649229
49269,0.7257237699062986
5110,0.8422202613555191
74745,0.5117652002184966
65456,0.19780242867347367
8713,0.7425311987898651
34532,0.22036640194966176
51028,0.3887978486491029
28542,0.48953737551997983
11537,0.7206815412412286
47838,0.8077440228581033
68761,0.3432917349468465
527,0.7630572713139209
15252,0.568007059120131
52099,0.6896718349510484
53626,0.6962267322156394
44860,0.7039371402159754
5656,0.6896508256649438
38828,0.10183200974830875
61789,0.6128828942392537
39111,0.5775662842976595
30708,0.8404134627505359
74319,0.1671498802470692
8712,0.37636035127526374
68917,0.3952897180553805
36445,0.30087398630194545
5777,0.3911508886928023
39342,0.03266943989243245
21564,0.2050296230934073
18640,0.4795579646203622
23020,0.01594604815328375
38159,0.0889953359384848
26386,0.7002815244337998
26432,0.8059372242531199
48291,0.6555947728896172
1981,0.5935963695953611
76962,0.38260010924828775
19983,0.4127484348081852
12858,0.5061557208286063
7425,0.25612420689944954
5627,0.6518341106769192
32197,0.5588470103785873
63417,0.3375561998403294
48902,0.6546703643010211
53332,0.04887810412202193
28603,0.05107357451993782
39215,0.48449514685490985
53269,0.6781167275935965
33757,0.2462288331442498
44414,0.09880667254926678
52931,0.11326106138913399
22043,0.4351023152233287
77259,0.4455649397033488
3094,0.7632673641749653
52308,0.8679566368334805
60546,0.10880709273498886
50976,0.704378335224169
23412,0.3159796630110509
17483,0.8077440228581033
75933,0.1942308500357158
41847,0.8425564099331905
68879,0.5850455901508467
6541,0.6150258414219084
14289,0.8599941173998907
13026,0.10378587335602336
26030,0.06302785831337451
11746,0.3808563385016177
44570,0.845518719273919
29242,0.408609605445607
27083,0.7332871129039035
31599,0.3936089751670238
7814,0.47653262742132024
79078,0.8091306357409974
57373,0.10359678978108323
27084,0.4950207991932434
21428,0.8108744064876675
77476,0.39997478885667465
21196,0.8691961847136435
24861,0.2463969074330854
37568,0.20942056388923905
23822,0.2894029160889113
67890,0.8023446363292576
76920,0.04887810412202193
20954,0.5260515147695282
9078,0.6922559771418967
73610,0.32474053531660996
63889,0.3621370645825455
50193,0.5098953737551998
7492,0.8336274633387958
45540,0.48172192108912143
72596,0.34665322072355975
13508,0.3798478927686037
5085,0.6645867473423253
26661,0.5282364805243919
1436,0.5671666876759528
61247,0.3681457204084205
13282,0.5033614857767134
42208,0.2630782806000252
29258,0.5685322912727425
47518,0.20017647800327745
76243,0.1380730282784991
70982,0.46165805285936384
1008,0.32219841169797053
63853,0.5529013824110257
31576,0.2845497709987815
37312,0.2828900373965293
12988,0.6775284675826715
72546,0.6637253666120425
31967,0.7657044413630825
34833,0.5438253708138997
66673,0.16334719946216228
75419,0.7347577629312156
60462,0.3450775242657255
75714,0.32045464095130044
33063,0.34463632925753185
57933,0.0950250010504643
48846,0.7559771418967184
18788,0.18956678852052608
42535,0.5577545275011554
36510,0.6234295558636918
77237,0.8375141812681205
22891,0.7378881465607798
2720,0.7916929282742973
47639,0.3062313542585823
54303,0.5053783772427413
49139,0.4565317870498761
68345,0.45674187991092063
74554,0.6923820328585234
49709,0.11248371780326905
48875,0.611286188495315
63621,0.7723643850581956
22535,0.5343711920668937
53948,0.5975040968107903
2470,0.18439850413882933
69275,0.7935207361653851
26293,0.1945880078994916
51757,0.8001806798604983
33131,0.7344216143535442
65083,0.4156056977183915
67676,0.3753939241144586
19624,0.47399050380268076
7315,0.0867893608975167
71720,0.5834698936930124
30562,0.25589310475230054
11304,0.5304844741375688
1592,0.48972645909491996
19130,0.07063321988318837
2397,0.40375646035547713
9517,0.711437455355267
78233,0.06422538762132862
41756,0.7765767469221396
3021,0.15322072355981345
9904,0.6263498466322114
41874,0.16307407874280433
70832,0.40982814403966555
3973,0.7947602840455481
21755,0.8366107819656289
69670,0.6209504601033657
33743,0.20746670028152445
25560,0.6168536493129962
50107,0.8628093617378881
58763,0.6428631455103155
78405,0.31866885163242153
42521,0.8010630698768856
46543,0.745367452413967
29193,0.40781125257363754
25932,0.6672129081053826
17603,0.04330013866128829
65161,0.588911298794067
43643,0.7662716920879028
23875,0.7803689230639943
17675,0.7981427791083658
34702,0.6166645657380562
59721,0.5620614311525695
60505,0.4545359048699525
75759,0.4092608933148451
33661,0.5770200428589437
7288,0.016618345308626412
54029,0.3718853733350141
61414,0.0011975293079541157
7907,0.7782259758813396
28832,0.639627715450229
24579,0.8255809067607883
26686,0.611517290642464
25426,0.18591117273835037
7658,0.694377915038447
42875,0.5263246354888861
26173,0.11971091222320267
30449,0.08323879154586326
18298,0.7145048111265179
62484,0.6641245430480273
76899,0.3311483675784697
46601,0.20437833522416907
66263,0.6623387537291483
72751,0.1912685406949872
73782,0.5461153829992856
50949,0.6264969116349427
14200,0.8536493129963444
55555,0.6591873608134796
27377,0.06886843985041388
61666,0.48579772259338627
40043,0.6368965082566495
77130,0.5109458380604227
34158,0.8342997604941385
64755,0.422916929282743
41845,0.3075759485692676
38198,0.5236774654397244
56980,0.31459305012815664
54843,0.36907012899701663
62212,0.5310307155762848
24263,0.8283541325265767
48281,0.7790663473255179
34637,0.5407580150426489
29758,0.5960964746417917
56639,0.8084373292995504
807,0.7230765998571368
37574,0.6648178494894744
45029,0.00016807428883566536
67365,0.5349384427917139
79292,0.21282406823816125
74692,0.41136182192529097
4495,0.6672129081053826
35401,0.740556325896046
57776,0.12756838522627
40601,0.8359384848102862
32914,0.36867095256103194
55620,0.3866128828942393
34802,0.6106349006260767
32414,0.022879112567754947
24952,0.5594772889617211
33934,0.321946300264717
2051,0.544434640110929
32734,0.40968107903693435
10817,0.5480272280347913
12677,0.1603218622631203
3431,0.8489642421950503
24575,0.8622841295852767
50073,0.5119437791503845
10617,0.7717971343333754
58607,0.2820286566662465
33040,0.8195302323627044
12985,0.34703138787344007
62188,0.4622673221563931
73973,0.7740556325896047
61917,0.4338837766292702
51185,0.7765767469221396
29630,0.7740556325896047
45085,0.872977856212446
79120,0.4299130215555275
39975,0.6672129081053826
69347,0.18425143913609818
13920,0.42113113996386403
48544,0.12055128366738098
27789,0.17324257321736206
75533,0.6561620236144375
29431,0.07651581999243666
66082,0.5119437791503845
52394,0.46432623219463
74039,0.3463801000042019
74860,0.22729946636413292
27346,0.2597378041094163
7565,0.9464053111475271
15318,0.5850035715786377
54621,0.7286020421026094
44548,0.7769654187150721
6641,0.4741795873776209
56847,0.45096432623219457
40999,0.1016639354594731
23511,0.6936005714525821
20663,0.2571116433463591
2984,0.9481700911803017
57133,0.37332450943316947
35436,0.5688474305643094
52376,0.4036514139249549
74911,0.9471301315181311
66151,0.2800747930585319
17851,0.5301693348460019
37266,0.5857809151645027
19427,0.811126517920921
25511,0.9481700911803017
51572,0.11244169923106012
54238,0.6980755493928316
36063,0.49733182066473375
6738,0.34352283709399556
41787,0.7446531366864154
73544,0.947224673305601
11123,0.9048909618051179
69769,0.3856464557334342
24071,0.8715912433295516
8821,0.35617042732887944
37199,0.7992352619857978
44814,0.39497457876381364
19542,0.17709777721753014
56277,0.8562544644732971
12183,0.7934156897348629
70343,0.33282911046682634
29712,0.7285600235304005
37642,0.5108618009160049
27936,0.5767679314256902
77455,0.5883230387831422
62553,0.6003823690071012
55762,0.17164586747342325
15897,0.2293583764023698
70856,0.05722929534854406
79184,0.8269465103575779
67958,0.5798562964830455
54757,0.26975923358124293
1751,0.06592713979578974
11345,0.9481700911803017
51861,0.7533719904197657
12255,0.8518215051052564
71432,0.8722635404848944
339,0.5579226017899912
44624,0.42079499138619264
1342,0.5171855960334467
20492,0.49186940627757475
57135,0.7255556956174628
36409,0.9471301315181311
49482,0.26282616916677176
21521,0.4795579646203622
35773,0.590739106685155
6961,0.3979789066767511
69627,0.4431068532291273
51475,0.4161519391571074
23052,0.8132484558174712
20582,0.7964620362200092
75187,0.6991050044119501
34021,0.5267238119248708
28146,0.2005126265809488
45187,0.7423841337871339
24355,0.6072944241354677
13351,0.9464788436488929
55338,0.2257657884785075
74667,0.05035925879238624
61,0.16431362662296733
34009,0.9502184965754864
54913,0.9543468212950125
37905,0.9464788436488929
35112,0.8714441783268206
15049,0.9471301315181311
1525,0.3389638220093281
32922,0.8272826589352494
47305,0.24509433169460904
66018,0.5550023110214716
38891,0.6489978570528173
45421,0.015420816000672298
24059,0.20639522669019705
12113,0.8696373797218371
15851,0.2090844153115677
31988,0.4858187318794907
67299,0.9481700911803017
74479,0.7409555023320308
59130,0.27007437287280983
21793,0.6926761628639859
4854,0.36333459389049955
68248,0.9471301315181311
23151,0.33675784696836003
53303,0.3989033152653472
28770,0.375961174839279
11047,0.7430144123702677
24763,0.24589268456657842
72356,0.4804613639228539
53003,0.6975082986680112
57493,0.3403924534644313
53277,0.3909407958317576
11556,0.6384091768561704
21173,0.31450901298373884
19251,0.5255472919030212
61121,0.06943569057523424
38710,0.08689440732803899
36398,0.2319845371654271
29374,0.9481700911803017
35738,0.8435858649523089
11665,0.9482541283247196
59053,0.08399512584562376
74183,0.46800285726291024
47925,0.06548594478759612
46829,0.6930963485860752
4264,0.047691079457120054
29403,0.5565990167654103
51227,0.2696121685785117
61397,0.8293205596873818
16726,0.06212445901088281
40810,0.5304004369931509
48757,0.03197613345098533
1623,0.6289549981091643
22181,0.2249254170343292
39953,0.10868103701836211
26658,0.8737972183705197
31654,0.32434135888062526
57385,0.0671456783898483
38244,0.7088533131644187
61269,0.5797092314803143
56134,0.5242447161645447
74533,0.007899491575276273
76909,0.3657506617925123
55962,0.1485146434724148
51694,0.7274885499390731
17686,0.8603722845497709
55030,0.05857388965922938
23753,0.058384806084289254
60775,0.05754443464011092
35368,0.16456573805622085
2574,0.5981974032522375
27857,0.5887852430774402
35955,0.352304718685659
28530,0.7437497373839236
51921,0.7496113282070676
37600,0.2092524896004034
67643,0.038278919282322785
19064,0.41892516492289594
48286,0.7181814361947981
45649,0.12011008865918736
29976,0.8353712340854657
17772,0.092671961006765
7084,0.8289003739652928
62517,0.04580024370771881
63198,0.625089289465944
1280,0.2163746375898147
33573,0.08573889659229379
14597,0.7301567292743393
76919,0.0032144207739821
15359,0.6939157107441489
23237,0.5331736627589394
42881,0.4263624522038741
8706,0.5721248791966048
31420,0.039203327870918944
50461,0.06391024832976176
13860,0.06330097903273248
41875,0.6469809655867894
36221,0.00951720660531955
20080,0.48777259548720536
53395,0.38558342787512084
60501,0.5445396865414512
2199,0.2792134123282491
16033,0.6932854321610152
4426,0.4656708265053154
6151,0.03140888272616497
47058,0.40545821252993824
17328,0.13956468759191562
66359,0.32499264674986345
54772,0.5391403000126056
12176,0.10183200974830875
60536,0.8358124290936594
75040,0.024202697592335815
31822,0.7007647380142022
78874,0.518572208916341
73507,0.6354258582293374
64930,0.3568217151981176
24161,0.7511239968065886
39987,0.2762931215597294
72259,0.6305727131392076
68837,0.7899701668137317
31481,0.13574099752090424
56374,0.8342997604941385
74056,0.0797092314803143
63231,0.5455481322744653
76219,0.7413126601958065
30679,0.30188243203495946
55107,0.24824572461027775
76535,0.735556115803185
26400,0.2824488423883356
52604,0.06361611832429934
75630,0.7404932980377327
48771,0.6075885541409303
40807,0.46069162569855876
12343,0.14286314551031556
52488,0.8288373461069792
55169,0.5348123870750872
65156,0.24618681457204084
25523,0.06401529476028404
38566,0.18152023194251862
11486,0.8051808899533595
26738,0.5603386696920039
38001,0.20664733812345057
6646,0.7883104332114795
28866,0.3200554645153158
48303,0.7608092777007438
38259,0.23898062943821166
64078,0.23160637001554688
33537,0.5249590318920964
18450,0.44239253750157576
72848,0.5646665826295222
42461,0.22805580066389344
27953,0.03483339636119164
59677,0.8465691835791419
2718,0.726606159922686
2080,0.2635404848943233
58067,0.708916341022732
33720,0.21977814193873693
24443,0.4873314004790117
2483,0.018656246060758854
41950,0.7323837136014117
1760,0.6278625152317323
75521,0.0884490944997689
20807,0.6603008529770159
62824,0.24473717383083324
75453,0.1318962981637884
21567,0.6123366528005377
24918,0.8576200680700868
52854,0.2251145006092693
49841,0.6060968948275138
19817,0.6316862053027438
46164,0.1547544014454389
70481,0.06508676835161141
27697,0.41541661414345143
16242,0.1905542249674356
10396,0.6443337955376276
19098,0.6181352157653682
4758,0.07800747930585318
37149,0.6491449220555486
46241,0.5902138745325435
19957,0.15080465565780074
45766,0.3050338249506282
70836,0.7574898104962394
67527,0.3241312660195807
70508,0.03248035631749233
41915,0.3989033152653472
6784,0.10143283331232404
36369,0.10842892558510862
57762,0.17095256103197612
8667,0.5301903441321064
8071,0.533887978486491
8578,0.873713181226102
73510,0.6291650909702088
49689,0.18330602126139753
63732,0.7226774234211523
25151,0.599647043993445
40739,0.8373881255514938
13225,0.04311105508634817
39225,0.8336274633387957
57546,0.7442329509643262
75061,0.837724274129165
56265,0.5903819488213791
11695,0.24969536535148537
68245,0.3050338249506282
63375,0.7736459515105677
39283,0.03617799067187697
37431,0.7047565023740493
53174,0.6164334635909072
19257,0.5805496029244925
47524,0.3587965880919366
1646,0.536640194966175
36245,0.844321189965965
22117,0.11834530862641286
76590,0.7482667338963823
34561,0.8002226984327073
13719,0.2709777721753015
47883,0.7546955754443463
3798,0.7600529434009832
68905,0.6456153619899996
44328,0.32209336526744825
55177,0.23643850581957224
65311,0.27717551157611664
27633,0.4816378839447036
78637,0.8386907012899703
127,0.22358082272364385
53029,0.30818521786629693
60280,0.6872347577629312
64645,0.7385604437161225
37220,0.14582545485104417
39916,0.7507458296567083
27307,0.03935039287365016
56943,0.2279717635194756
15329,0.6955544350602967
17369,0.3283961510987856
73320,0.5332787091894617
75917,0.18339005840581538
75994,0.8164628765914536
2444,0.1811210555065339
76078,0.8017353670322284
815,0.6862263120299174
55319,0.5162401781587461
13000,0.6383251397117525
76326,0.09634858607504516
14154,0.8593008109584437
77835,0.0926089331484516
71316,0.34158998277238545
75684,0.20414723307702007
39667,0.6562460607588554
16479,0.5533425774192193
20610,0.14235892264380856
3757,0.6430732383713601
14383,0.11800916004874153
64773,0.6379679818479768
20104,0.03737551997983108
40632,0.04445564939703348
64436,0.4803773267784361
71896,0.09292407244001849
71908,0.5975040968107904
29487,0.01802596747762511
23711,0.6975923358124291
55181,0.4976049413840918
46198,0.10494138409176856
43873,0.19536535148535653
32266,0.5870414723307702
59202,0.33570738266313715
19030,0.05546451531576957
67780,0.13790495398966343
2337,0.6878020084877515
32155,0.096432623219463
64485,0.11097104920374806
44029,0.2702844657338544
66657,0.6088281020210933
10790,0.7647380142022774
51357,0.7865246438926006
923,0.8369259212571958
9447,0.646140594142611
25054,0.25587209546619605
59380,0.730597924282533
5409,0.14080423547207865
71325,0.2727635614941804
56820,0.34213622421110124
24520,0.5660531955124165
54918,0.21599647043993445
41158,0.8284171603848902
67507,0.6207403672423211
11303,0.13177024244716165
4019,0.4786125467456616
36456,0.042102609353334174
18382,0.39638220093281235
45559,0.12790453380394134
11247,0.1412244211941678
34017,0.7287070885331316
67729,0.10920626917097358
19097,0.2818185638052019
9185,0.17750745829656708
18575,0.00539938652884575
71521,0.6531156771292911
72102,0.8352031597966301
73341,0.1640405059036094
11955,0.397285600235304
39712,0.10506743980839532
29288,0.7389386108660028
75047,0.6014118240262195
59208,0.29740745409470987
43304,0.3362956426740619
14061,0.21337030967687717
16985,0.4089037354510694
20612,0.10750451699651246
78,0.5860330265977561
23931,0.6279465523761503
19283,0.34505651497962103
15525,0.2750325643934619
30524,0.38444892642548006
58597,0.09811336610781966
41833,0.20042858943653097
8008,0.3432917349468465
5952,0.44579604185049787
43926,0.8743434598092357
36160,0.5426698600781545
5416,0.25713265263246354
73699,0.03649312996344384
65442,0.3253708138997437
70793,0.1542291692928274
8568,0.018866338921803436
67445,0.37396529265935546
42930,0.40337829320559687
236,0.009181058027648221
12220,0.41968149922265646
42079,0.29511744190932393
36259,0.7246312870288668
26615,0.4418673053489643
19217,0.2493802260599185
63077,0.004012773645951511
1343,0.7170469347451572
8513,0.28295306525484265
34388,0.7345056514979621
5288,0.7922181604269086
39810,0.4866591033236691
2220,0.017185596033446784
9866,0.4993066935585529
78727,0.2673431656792302
59384,0.20032354300600863
20129,0.720009244085886
47363,0.3009160048741544
32255,0.6673389638220093
20619,0.04279591579478129
1918,0.743854783814446
1829,0.8225555695617462
42534,0.12990041598386484
78478,0.4763435438463801
67585,0.33545527122988356
36977,0.6668977688138158
45588,0.10210513046766671
49377,0.6681583259800833
58068,0.4535484684230429
64324,0.3169250808857515
42102,0.3253708138997437
30106,0.009012983738812553
6470,0.4121181562250515
46515,0.7758519265515358
10955,0.28963401823606033
847,0.7516492289591999
53442,0.49731081137862937
13235,0.3109794529181898
118,0.5709693684608598
28747,0.7302407664187571
41428,0.0659481490818942
16390,0.1554897264590949
38111,0.28925585108618007
9112,0.3142779108365898
76324,0.6701331988739022
4325,0.5509685280894154
24819,0.6811840833648471
13047,0.2995293919912601
27447,0.24757342745493505
13919,0.11941678221774026
76126,0.2601159712592966
56139,0.4950628177654523
77150,0.3640489096180512
27140,0.5532165217025925
72304,0.3027648220513467
71159,0.05204000168074289
1606,0.24269927307870076
27286,0.5193915710744149
58657,0.1517290642463969
28025,0.6417286440606748
3813,0.7489810496239339
17261,0.4416572124879196
76091,0.4337157023404345
75704,0.471154250178579
34530,0.8702256397327619
48448,0.1901970671036598
54554,0.39863019454598936
62982,0.3754989705449809
60005,0.030789108786083447
72275,0.1804697676372957
23276,0.2519223496785579
77736,0.03063153914030001
73480,0.03474935921677382
12911,0.07590655069540737
26070,0.29081053825791
6372,0.4308794487163326
26735,0.27818395730913065
73795,0.12401781587461658
7562,0.46386402790033193
6169,0.36871297113324086
3597,0.685764107735619
4633,0.5537627631413085
47916,0.4051850918105803
56794,0.4093869490314719
6230,0.6625698558762974
50449,0.8142989201226943
78834,0.41831589562586663
10268,0.3508130593722425
38519,0.0031303836295642675
73689,0.27194419933610653
46272,0.029423505189293667
35855,0.4469305433001387
34675,0.8037102399260473
67068,0.3805622084961553
38639,0.029423505189293667
55659,0.79255430900458
18031,0.03336274633387958
5123,0.7391066851548383
5127,0.15792680364721207
15035,0.6311399638640278
4622,0.8702886675910753
16749,0.18649943274927516
44248,0.5829236522542964
67662,0.3512122358082272
73687,0.4253750157569646
28700,0.4258372200512626
8718,0.01823606033866969
56,0.8216941888314634
303,0.5835329215513257
50429,0.223496785579226
59400,0.4749359216773814
64292,0.6137862935417454
4433,0.08214630866843144
52797,0.30156729274339256
19263,0.38682297575528385
55646,0.4613219042816925
10479,0.8231018110004622
43222,0.670448338165469
5241,0.2567965040547922
22575,0.21734106475061976
10489,0.8711290390352536
23322,0.40176057817555355
23625,0.01907643178284802
51746,0.02905584268246565
18778,0.746060758855414
16908,0.5602126139753771
39750,0.07071725702760621
23062,0.7476364553132484
36669,0.3822639606706164
57109,0.027564183369049117
23955,0.8740913483759822
11315,0.16838942812723223
28733,0.041409302911887054
75698,0.18885247279297449
69725,0.030789108786083447
33435,0.3406865834698937
41241,0.3870540779024329
58244,0.8067355771250894
24072,0.37012059330223956
22416,0.6853649312996345
11638,0.035925879238623476
6091,0.5988486911214758
71775,0.8132274465313669
24215,0.06141014328333124
17145,0.6866885163242152
6255,0.4145762426992731
45003,0.8449304592629941
12016,0.12090844153115676
36587,0.8641749653346779
69837,0.8543636287238959
5570,0.845707802848859
14389,0.37751586201100884
73478,0.2147569225597714
55124,0.8687549897054497
19964,0.40550023110214717
55480,0.3842388335644355
39812,0.027837304088407077
43089,0.017710828186058236
52330,0.0342031177780579
70391,0.20576494810706333
70174,0.14672885415353587
42319,0.08827051556788101
56801,0.039549981091642504
53414,0.035138031009706285
75746,0.2603050548342367
61887,0.04185049792008067
23387,0.08827051556788101
25935,0.814109836547754
6942,0.11684314466994411
73554,0.782511870246649
55394,0.39900836169586956
6950,0.690113029959242
78588,0.8515273750997941
65216,0.026639774780452957
59495,0.8232278667170889
53683,0.7542333711500483
37442,0.03021135341821085
77710,0.4402705996050254
39765,0.22734148493634188
1253,0.01945459893272827
44239,0.4187150720618513
15255,0.8348670112189588
19759,0.016030085297701585
19199,0.3389007941510147
53872,0.035138031009706285
42809,0.039549981091642504
37627,0.017395688894491366
24286,0.7932896340182362
73964,0.005735535106517081
42945,0.8216521702592545
37132,0.821946300264717
32050,0.3602462288331442
49923,0.6892096306567502
43126,0.6462246312870289
61878,0.03019034413210639
58018,0.037585612840875665
14490,0.035138031009706285
7240,0.7111853439220135
36188,0.038867179293247615
78959,0.1462666498592378
37745,0.5876717509139039
70081,0.8375141812681206
21950,0.043321147947392745
57092,0.03443421992520694
17101,0.4544518677255347
53933,0.038867179293247615
45107,0.7896340182360603
34817,0.03432917349468465
38766,0.39384007731417287
56398,0.8631770242447162
13457,0.10832387915458634
53331,0.050296230934072865
32202,0.12756838522627
4810,0.5603596789781083
10917,0.29427707046514556
69173,0.6992520694146812
23525,0.03844699357115846
23575,0.035138031009706285
50613,0.038867179293247615
9861,0.009181058027648221
60101,0.7783730408840709
18385,0.7097987310391193
12764,0.015883020294970376
29190,0.3887978486491029
47927,0.035138031009706285
40944,0.035138031009706285
405,0.14273708979368882
385,0.6062859784024539
8703,0.8631770242447162
75881,0.038867179293247615
18018,0.5864322030337409
20385,0.8148031429892013
46541,0.0422916929282743
72475,0.01926551535778814
6971,0.7923442161435355
20310,0.5279843690911382
62681,0.038867179293247615
4159,0.035138031009706285
23834,0.8692171939997478
62293,0.03270095382158914
8416,0.03760662212698013
27713,0.038510021429471825
61814,0.11581368965082567
1016,0.017847388545737215
37893,0.03675574603974957
56571,0.37808311273582923
23794,0.035138031009706285
58142,0.5911803016933485
65546,0.03675574603974957
75673,0.8478507500315139
50991,0.4052691289549981
70341,0.11842934577083071
49408,0.6355939325181731
56179,0.038867179293247615
5714,0.25225849825622926
45446,0.8040673977898232
34350,0.05380478171351737
27533,0.3459178957099038
35548,0.03270095382158914
57044,0.7939199126013698
55285,0.8393840077314173
38089,0.03739652926593554
47606,0.035138031009706285
20160,0.11684314466994411
4836,0.035138031009706285
27356,0.8630404638850372
33308,0.03270095382158914
31922,0.038867179293247615
61530,0.03856254464473297
46428,0.8432076978024287
9338,0.016030085297701585
29704,0.06666246480944578
66204,0.03270095382158914
23960,0.03856254464473297
21448,0.866191856800706
11024,0.704882558090676
10976,0.01768981889995378
7115,0.8553930837430145
24505,0.4554813227446532
41431,0.11581368965082567
19088,0.8632715660321862
68867,0.3889239043657297
52737,0.8671162653893022
52639,0.0032774486322954747
38414,0.4947896970460944
52529,0.6244169923106013
17641,0.017847388545737215
71727,0.016030085297701585
13844,0.040673977898231024
30355,0.011618135215765367
21733,0.329467624690113
76540,0.7243581663095089
61643,0.12242111013067776
20560,0.03821589142400941
34621,0.5150426488507921
22701,0.7303668221353838
36396,0.15347283499306694
67642,0.4280642043783352
33592,0.8114836757846969
23961,0.31087440648766757
28017,0.13209588638178074
66041,0.10850245808647423
61630,0.10850245808647423
39299,0.23507290222278246
52225,0.5324803563174924
42919,0.07943611076095634
42345,0.6591243329551663
25471,0.15756964578343627
13117,0.10682171519811756
57800,0.5069330644144712
55772,0.8710660111769402
30356,0.1714357746123787
3710,0.19173074498928525
78944,0.5604437161225261
4749,0.13209588638178074
44483,0.49527291062649687
15486,0.7507038110844994
55130,0.7776377158704147
25290,0.43825370813899744
26791,0.24227908735661163
72125,0.10850245808647423
34579,0.2966301105088449
19871,0.6057607462498424
35910,0.6070002941300054
1325,0.4366990209672676
37081,0.8097399050380267
40263,0.2008487751586201
57855,0.6374217404092609
26433,0.20032354300600863
42349,0.10850245808647423
13808,0.21624858187318793
28296,0.41705533845959913
26963,0.8138367158283962
54694,0.7690028992814825
19066,0.6021471490398757
62857,0.10393293835875457
39082,0.5573973696373797
50344,0.7198411697970503
46733,0.15145594352703895
21678,0.7961679062145469
1543,0.5044119500819363
44262,0.8075339299970586
77053,0.7706626328837346
72593,0.8427875120803395
23626,0.8323879154586327
48137,0.3685238875583008
72268,0.14551031555947727
6802,0.3532291272742552
74461,0.11092903063153914
38103,0.5090129837388125
23715,0.10850245808647423
9349,0.09819740325223748
11175,0.7521324425396024
21690,0.8432497163746375
21546,0.11197949493676206
1063,0.2622589184419513
27193,0.7427202823648053
66704,0.8379343669902096
60567,0.3062418589016345
11131,0.6261187444850623
8336,0.4239673935879659
5487,0.0741837892348418
60922,0.14950207991932435
54099,0.10850245808647423
32308,0.7161015168704568
64896,0.4814067817975545
51935,0.0849825622925333
59164,0.6046472540863062
35271,0.10850245808647423
69897,0.42480776503214424
36940,0.8628513803100969
24467,0.3062418589016345
72937,0.08609605445606956
63933,0.6706794403126182
16780,0.10534056052775326
47281,0.41497541913525776
39955,0.6614563637127611
66235,0.8391949241564771
50518,0.10682171519811756
729,0.21343333753519056
46960,0.1984537165427119
41556,0.10850245808647423
14398,0.10494138409176856
55070,0.7580360519349552
21353,0.8640279003319468
68451,0.7228875162821967
43287,0.8102021093323248
71181,0.6796293961931174
20151,0.08626412874490524
36209,0.8591117273835035
44812,0.10834488844069078
61477,0.5078994915752763
32480,0.8228076809949999
7358,0.3579352073616538
59032,0.500693306441447
34912,0.5642674061935375
65511,0.14448086054035883
70641,0.46510357578049505
37842,0.8259590739106685
17956,0.4522879112567755
47296,0.3710660111769402
35736,0.687360813479558
18889,0.291545863271566
38757,0.43142569015504856
44426,0.5783436278835246
60693,0.5239505861590823
33497,0.713916551115593
7544,0.07426782637925963
413,0.20093281230303794
11339,0.1776545232992983
26093,0.12244211941678222
38514,0.33003487541493337
3268,0.5232992982898441
20359,0.027984369091138283
57459,0.6699020967267533
65954,0.49758393209798735
76798,0.38654985503592587
75354,0.8604563216941888
15306,0.7719231900500021
25352,0.39176015798983155
27351,0.4848943232908946
12162,0.3851842514391361
3374,0.5826085129627295
38495,0.3936089751670238
20765,0.5543300138661289
69450,0.2143157275515778
38305,0.27255346863313584
70589,0.4524559855456112
4001,0.5422706836421699
35196,0.20530274381276525
11939,0.14754821631160972
72370,0.3905416193957729
59276,0.23158536072944239
18072,0.4299550401277365
66388,0.14651876129249128
60891,0.6298794066977604
49116,0.21469389470145805
30978,0.27774276230093703
57680,0.18757090634060256
51992,0.24704819530232366
27664,0.5135299802512711
4612,0.7076557838564645
16365,0.14156056977183915
9541,0.48678515904029585
41976,0.18105802764822054
60161,0.5274801462246314
9824,0.21687886045632174
23290,0.47218370519769737
65418,0.6643976637673852
40159,0.5101264759023488
68386,0.019244506071683685
23050,0.665763267364175
26647,0.1617715030043279
59102,0.18626833060212614
56574,0.17546955754443463
62753,0.21221479894113196
35248,0.1337030967687718
43920,0.8357704105214504
29125,0.05059036093953528
60404,0.2114584646413715
78782,0.3137526786839783
51294,0.251376108239842
78833,0.46878020084877514
44079,0.1720660531955124
54341,0.5790159250388671
9436,0.5431110550863482
61390,0.19824362368166729
72790,0.5301483255598974
13285,0.7488760031934115
69043,0.35196857010798777
67216,0.3473255178789025
73667,0.41852598848691125
59639,0.4093029118870541
16965,0.20017647800327745
9663,0.14674986343964033
29376,0.43739232740871464
53223,0.3571998823479978
13501,0.3364637169628976
3344,0.2762721122736249
56557,0.8150132358502459
45544,0.08052859363838817
20057,0.5920206731375268
5238,0.4048909618051179
7806,0.20576494810706333
46176,0.1945249800411782
16897,0.7809781923610236
66618,0.3106012857683096
74741,0.507290222278247
1151,0.8490062607672592
51991,0.3345938904996008
5950,0.1596285558216732
8309,0.293562754737594
32218,0.716206563300979
25946,0.33843858985671665
28252,0.47556620026051516
73848,0.10334467834782975
17020,0.7276986428001176
73524,0.4644102693390479
72616,0.20484053951846715
39735,0.33955208202025294
69679,0.3941342073196353
32094,0.028173452666078406
56180,0.6008655825875037
58336,0.3745745619563847
66413,0.5588260010924829
54022,0.5308206227152401
48748,0.5741417706626328
3052,0.7872389596201521
19509,0.41827387705365765
68028,0.5853922433715703
15339,0.5683747216269591
53007,0.5277112483717804
70314,0.6043846380100004
31025,0.6943358964662382
56662,0.5709588638178075
55610,0.5796777175511577
22678,0.4175595613261061
50301,0.7891508046556579
49727,0.39825202739610904
52922,0.2994033362746334
10967,0.5290978612546745
78658,0.03706038068826421
32098,0.09994117399890752
13404,0.5831127358292365
55767,0.736753645111139
76430,0.6003193411487878
70032,0.36217908315475444
6656,0.26641875709063406
77576,0.46224631287028867
2369,0.7765872515651918
70317,0.5709588638178075
8717,0.5683747216269591
10648,0.6391865204420354
29593,0.5693621580738686
50994,0.43816967099457965
49690,0.38022605991848396
19191,0.4442203453926636
5802,0.8128282700953822
54749,0.28841547964200176
78070,0.7941089961763099
27752,0.5683747216269591
66321,0.5669145762426993
45018,0.498487331400479
10730,0.5669145762426993
56959,0.22711038278919285
35778,0.5709588638178075
18071,0.5226480104206059
11094,0.5995840161351317
4015,0.4810916425059877
72992,0.5741417706626328
36632,0.7281398378083113
51886,0.6282196730955082
66106,0.41016429261733683
23094,0.6239127694440944
32746,0.8095718307491913
34585,0.5683747216269591
26642,0.13586705323753098
50337,0.6151098785663264
6103,0.8387117105760745
10493,0.5683747216269591
65727,0.49405437203243835
54241,0.5796777175511577
66236,0.5709588638178075
45237,0.28868860036135974
302,0.5683747216269591
3421,0.5709588638178075
18712,0.5669145762426993
33829,0.4529602084121181
63209,0.5914954409849152
32636,0.6111811420647927
47203,0.5683747216269591
43526,0.18322198411697968
36213,0.6736417496533468
43485,0.5741417706626328
18590,0.33730408840707593
56492,0.8118828522206815
73745,0.5693621580738686
56836,0.6708265053153494
45715,0.7638976427580991
74544,0.2061851338291525
40765,0.5718937770494559
5601,0.5683747216269591
39791,0.1769402075717467
54046,0.17481826967519645
48405,0.6595865372494643
49378,0.5831127358292365
30747,0.6478633556031766
19739,0.06073784612798857
5896,0.6811000462204295
76214,0.5741417706626328
74291,0.5831127358292365
3437,0.5683747216269591
47334,0.6049834026639774
6894,0.5669145762426993
17430,0.8154544308584395
19831,0.519853775368713
45526,0.30492877852010586
40819,0.30076893987142317
70092,0.36119164670784487
44065,0.8065464935501492
70272,0.44043867389386104
46215,0.520862221101727
22400,0.5669145762426993
58872,0.5898777259548721
3988,0.5831127358292365
23329,0.47880163032060175
38468,0.5730282784990967
50109,0.5741417706626328
61136,0.5853922433715703
2870,0.5831127358292365
77506,0.43457708307071724
21358,0.8479347871759316
46976,0.6204042186646498
68498,0.6997562922811883
2201,0.8503718643640489
38361,0.3768435648556662
2558,0.8528929786965839
48355,0.1379259632757679
61268,0.5846674230009664
53352,0.5340350434892223
5540,0.6043846380100004
32712,0.7123618639438631
12875,0.5683747216269591
29300,0.620047060800874
12184,0.5912853481238708
59041,0.31728223874952727
6296,0.5683747216269591
4500,0.5683747216269591
66691,0.5709588638178075
51408,0.18757090634060256
15152,0.1839783184167402
42643,0.5683747216269591
7401,0.7909155846884323
43017,0.261145426278415
72695,0.02239589898735241
61435,0.5683747216269591
29856,0.9736123366528006
20933,0.08525568301189125
31617,0.28316315811588727
2050,0.3916341022732048
77372,0.5043489222236228
16372,0.252888776839363
46844,0.37921761418546995
16647,0.7150300432791293
30307,0.5345602756418337
60714,0.16885163242153034
21919,0.21112231606370013
47255,0.5429429807975126
39385,0.5281944619521828
73657,0.4158998277238539
8156,0.5702340434472037
1803,0.6276104037984789
37505,0.36072944241354676
11112,0.8354762805159881
71296,0.761880751292071
8681,0.7580360519349553
67271,0.5804655657800748
2912,0.42340014286314553
11412,0.028908777679734442
34755,0.1556998193201395
72083,0.3093617378881465
56251,0.8432076978024287
2812,0.2619647884364889
49812,0.7876591453422414
15709,0.7400100844573302
51664,0.23916971301315182
42108,0.9721416866254885
25185,0.4429177696541871
22672,0.9736123366528006
34699,0.6085549813017354
65734,0.9736123366528006
52084,0.4255220807596958
67864,0.9736123366528006
37158,0.03577881423589226
25343,0.7079919324341359
12689,0.09290306315391401
52663,0.2907054918273877
70468,0.9816378839447036
63735,0.41144585906970876
26310,0.565527963359805
50860,0.4880036976343544
46718,0.31621076515819996
55681,0.05691415605697719
7393,0.9614899785705283
38624,0.5236144375814109
855,0.5181940417664608
26737,0.5805285936383882
67173,0.08641119374763646
23665,0.8826421278204967
65319,0.3917391487037271
52734,0.8159586537249464
62004,0.8087104500189083
39354,0.6349216353628303
46577,0.3246775074582966
51006,0.5010084457330141
54385,0.5415143493424094
68841,0.307407874280432
61088,0.977299466364133
73531,0.4418883146350687
34767,0.20328585234673727
66200,0.4161729484432119
13546,0.8424303542165638
3749,0.15368292785411153
5531,0.19248707928904576
21960,0.6134291356779698
58054,0.6198369679398293
9475,0.580381528635657
55017,0.2950544140510105
6777,0.5700239505861591
61374,0.637106601117694
66843,0.9842430354216564
30081,0.3045926299424346
23777,0.6837472162695911
44263,0.8435228370939956
21977,0.055254422454724984
15708,0.7385604437161225
75767,0.39627715450229006
26106,0.41951342493382077
18048,0.2964620362200093
21835,0.34194714063616116
42942,0.4699777301567292
48926,0.5561578217572167
25940,0.24043027017941931
69164,0.12246312870288667
2694,0.5542249674356066
49081,0.8620950460103366
42558,0.5917475524181689
64045,0.07994033362746333
43586,0.2512920710954241
22300,0.22610193705617884
75451,0.3980209252489601
62624,0.6835371234085464
55821,0.2487709567628892
33828,0.5307575948569268
67215,0.45100634480440355
56045,0.6356569603764863
71911,0.5451489558384807
18142,0.2470061767301147
54269,0.16214967015420817
50016,0.33314424975839324
50637,0.8619269717215009
23420,0.5252951804697676
207,0.2910206311189546
6911,0.050401277364595154
52993,0.851149207949914
27267,0.07367956636833481
8111,0.48468423042985
70593,0.07853271145846465
24539,0.8669902096726753
10966,0.05546451531576957
63336,0.5221647968402033
77374,0.5583637967981848
35223,0.04991806378419261
52257,0.35415353586285137
78604,0.5397075507374259
30536,0.8409597041892516
8393,0.7469011302995924
22663,0.06544392621538721
52252,0.5792260178999117
64506,0.7730156729274339
26855,0.3996176309928989
3562,0.2315433421572335
38661,0.6000252111433254
12667,0.37818815916635157
61859,0.20876927602000084
13987,0.37467960838690706
33160,0.14691793772847597
39505,0.8422412706416237
5259,0.7941510147485188
48191,0.09155846884322871
2696,0.19614269507122148
67564,0.3460439514265305
62593,0.60876507416278
2569,0.5316609941594185
40775,0.5429429807975125
48985,0.8468843228707089
61229,0.23410647506197738
51215,0.0874406487667549
38045,0.7047985209462583
8572,0.3698054540106727
39100,0.18399932770284466
63705,0.4409428967603681
12186,0.3775368712971133
9269,0.37591915626707006
74066,0.17731837472162695
24301,0.17710828186058236
23248,0.6222110172696332
55592,0.3013992184545569
1017,0.8606874238413379
40398,0.6195848565065759
11535,0.5802134543468213
32607,0.2656414135047691
37066,0.5401907643178284
65698,0.6539560485734696
71212,0.3267784360687424
72410,0.26975923358124293
45759,0.1914576242699273
9693,0.17902012689608807
40758,0.15990167654103113
52996,0.2199252069414681
78954,0.4767847388545737
77190,0.6571284507752426
66558,0.2371738308332283
19458,0.5874406487667548
69480,0.5627127190218076
67122,0.8402453884617
35921,0.5370708853313165
17160,0.6045632169418883
48556,0.749128114626665
23484,0.23337115004832135
68149,0.1421908483549729
23898,0.5155048531450901
76553,0.17056388923904367
43002,0.07027606201941258
73970,0.169250808857515
8793,0.5472288751628219
10628,0.7548006218748687
41607,0.5674503130383629
3891,0.6317492331610572
69093,0.17056388923904367
11395,0.7355981343753939
31552,0.5478801630320601
66804,0.5674503130383629
56887,0.11994201437035172
67436,0.017185596033446784
35774,0.5370708853313165
65726,0.411088701205933
59151,0.8640909281902601
2748,0.684650615572083
18432,0.11958485650657591
25659,0.563553090465986
71933,0.17649901256355313
28694,0.07809151645027101
53708,0.5192865246438926
5312,0.01342493382074877
67970,0.3907096936846086
64926,0.44440942896760366
62956,0.5417454514895583
59736,0.28992814824152274
770,0.2313542585822934
64821,0.5160300852977016
67222,0.34617000714315727
41091,0.03466532207235598
16024,0.15168704567418798
60264,0.7946972561872347
44132,0.6828228076809951
37195,0.6431572755157778
6266,0.023278289003739655
54887,0.024244716164544728
76821,0.5018278078910878
861,0.7901172318164629
15796,0.8546157401571494
