Drop_Probability,Client_ID
0.10627530349884322,62246
0.9999241937453931,43031
0.10391731921432648,26571
0.9999241937453931,77694
0.22152902794636156,22185
0.8046692513089505,54569
0.9999241937453931,64162
0.26480867608373115,48916
0.9998558622080617,48449
0.9998558622080617,9730
0.9999104092260254,72740
0.6060727065384603,67763
0.06221899920704701,14162
0.9999304362768492,62420
0.9999241937453931,45538
0.9999241937453931,41582
0.09992702855744053,9711
0.7823924279770333,68191
0.9999324567989274,63707
0.7270740599051659,70110
0.9999241937453931,61360
0.5420978659739291,45414
0.9999202579488542,19196
0.9999202579488542,38018
0.9999241937453931,19267
0.07403971915379354,24360
0.04825323203218413,29947
0.8527069928665114,23372
0.9999104092260254,8827
0.9999202579488542,10940
0.6037055729797351,48471
0.999918346179503,55952
0.8385858759343136,4683
0.9999304362768492,17971
0.9999241937453931,29467
0.4323118332255804,27127
0.9999104092260254,46771
0.9999104092260254,44304
0.9998519264115227,28396
0.9999241937453931,18507
0.9999104092260254,60582
0.9999064734294864,33428
0.9999202579488542,24512
0.7176247483554753,47288
0.021146079842310622,59143
0.9999237668537985,37330
0.0036665785093547582,30609
0.7126369062651781,5831
0.9999237668537985,58999
0.19986164405873602,32587
0.05202671462922896,6508
0.08841457146944559,38554
0.30068202390067594,16501
0.9971518968564557,76617
0.737607393360612,67746
0.9999237668537985,76894
0.21679618263307138,40857
0.3505792831029696,66713
0.21539537253337165,22218
0.7633667322659092,52088
0.18912279401351026,42140
0.13579158589434703,9884
0.9999237668537985,63661
0.523269666133604,61293
0.3531793967748523,54588
0.5942534700112658,43168
0.9999237668537985,46053
0.3931863143013689,46391
0.4074778098693572,55579
0.2977640811051808,53097
0.20747332630743223,38550
0.12141583765881708,53327
0.5681703003167449,58081
0.9999237668537985,41042
0.6082342587723517,31836
0.7891570946769417,61073
0.6419737439572305,29413
0.49237658174451543,68292
0.10492826995602454,75410
0.1270574910624967,41411
0.9999237668537985,25646
0.9999237668537985,2067
0.48006419096481756,62337
0.10280337696746256,34391
0.9999237668537985,1072
0.1567626577786917,7077
0.3818544095063913,23732
0.5499893850956891,74107
0.5084170688466254,68251
0.10586157315250452,30494
0.43276253114194874,34489
0.15258549372060232,257
0.05995994883477011,42355
0.3197893443290868,74377
0.20056394704117475,42802
0.19053491357352156,15494
0.09316800355408171,21625
0.10280337696746256,8698
0.7467666555858365,59186
0.5606062154302465,9959
0.782405946753509,50390
0.7978584558803525,23829
0.9999237668537985,21615
0.9999237668537985,51307
0.9999237668537985,20882
0.48006419096481756,51281
0.3834934117896087,19845
0.11462290077871233,69383
0.054436284593937026,3879
0.9999237668537985,37749
0.6873333130318594,24618
0.9999237668537985,45567
0.9999237668537985,63068
0.7048405545936776,29785
0.5935387826923727,49892
0.2730838512884537,44569
0.9999237668537985,62093
0.47722937005159555,71650
0.6829893991038147,49484
0.6488109887293261,51731
0.33911297742453134,77286
0.9999237668537985,35392
0.5732546666756579,60819
0.26383009115542017,61156
0.22796660222125598,16250
0.43725909394917367,63475
0.09849246995277015,17508
0.04558597867740668,53671
0.3262016434925424,13769
0.7788465825354789,42733
0.26001111522685677,35338
0.7595804354900435,2224
0.10738996009851193,12902
0.9999237668537985,71619
0.7967446237731985,31283
0.9999237668537985,80
0.5042882024008947,5444
0.5797533427705215,67950
0.7784233358753658,72721
0.7897805544093509,10778
0.9999237668537985,26409
0.7532299676585705,4627
0.9999237668537985,34248
0.1138694158366631,49250
0.18309968185541836,49051
0.6110427324045767,64320
0.12619012918560657,69326
0.6111424596295293,52958
0.9999237668537985,34711
0.9999237668537985,55189
0.17443750158320237,16084
0.8387244392373887,3373
0.9999237668537985,49243
0.9996973704451257,68607
0.5356694065775573,28708
0.7678724512224471,11986
0.0489032723408621,26598
0.07908651974431505,31276
0.9999237668537985,423
0.7028750003438006,55414
0.9999237668537985,23612
0.9999237668537985,20763
0.2371536172284046,45310
0.008746442965087768,35746
0.39537298646051844,51266
0.24692266229714238,71283
0.755978506008151,74509
0.9999237668537985,58050
0.7442991116086454,6304
0.9999237668537985,47428
0.29137683594546654,51195
0.7414112704740958,64303
0.3535365358361981,20329
0.2677962281586785,45303
0.28898762913619497,26808
0.9999237668537985,68491
0.9999237668537985,21699
0.15422226852408777,1152
0.7636123590613489,43919
0.10801075771187396,1557
0.9999237668537985,70186
0.09561762289152147,22098
0.12003860918884451,65252
0.2930543748848796,73057
0.303194147942794,11441
0.7036561114175901,61017
0.07210507168969647,33540
0.2508679505280911,61833
0.9999237668537985,59911
0.4614047028414283,61685
0.7200001794649145,9279
0.0957308038398982,19378
0.4301384507358035,15077
0.1677261863482793,74903
0.9999237668537985,4167
0.022192937663555193,46409
0.7100451651806358,26579
0.8483211625103256,77230
0.27633602089064063,40694
0.014684164861725411,16787
0.30822717480150913,41774
0.6647387086342865,66493
0.04840092722661678,42239
0.31645370899549935,7646
0.6559418649599587,29356
0.3969019039525401,64566
0.015972132755829656,15536
0.03654941888596297,70808
0.3152368496470296,23118
0.485957312814868,27974
0.011424147914668347,56306
0.5431416749261234,21459
0.28345879693302223,59184
0.1978529745929114,65753
0.3805081559286402,58435
0.860548654312345,63298
0.3957952518820807,9298
0.25206475922947613,71045
0.8218825177657567,74513
0.7050875691476558,16025
0.7253690643394435,46197
0.48498029534958775,28669
0.8271825675265443,48193
0.21284865298340894,58136
0.6428245698604185,24266
0.7765741284539931,69385
0.07919191966301076,5273
0.7457629574046722,44540
0.35675985828592954,22943
0.26062477218740754,41165
0.6559418649599587,42827
0.015698248722932222,47278
0.06835193718655701,38912
0.655658157130547,50780
0.2340506001318148,39586
0.39515245092285295,38617
0.07106732930662446,74372
0.0344272078954241,46736
0.4256848590445984,12940
0.04618673171403991,30946
0.6606278659811822,48018
0.32559502489040404,28689
0.39920581829458235,54680
0.1659346452592104,10863
0.3506951662443607,69655
0.26979974604599594,3406
0.011920292336559515,59631
0.7485066306657704,44899
0.7693963987771443,13182
0.17193222296262162,25413
0.015972132755829656,50723
0.7730794408474128,13043
0.43950791451238813,65897
0.3663785065042577,59816
0.34040070606965195,32609
0.6697347875466628,44692
0.6454991363042533,74176
0.415251600656123,15008
0.45764672092703096,11915
0.3704979240983489,24183
0.6908457995078969,7750
0.3344548852332295,13415
0.5153377006669789,36882
0.011424147914668347,74398
0.1032277404048604,72040
0.7363279175610613,16544
0.6045552231732114,43499
0.22307814565282164,2471
0.7829552431935443,7164
0.3332225143327711,8220
0.4185199173401343,50919
0.3299868717997664,69809
0.015972132755829656,63532
0.6829531621479976,41909
0.7772021595767516,52634
0.30851082030102567,63210
0.21639075672771532,59535
0.7733741912497273,50510
0.699295427655961,56978
0.2637505883985889,65711
0.6697347875466628,7015
0.23926604652524647,8952
0.7633755341534055,4744
0.03339387064434356,62496
0.14274016061509243,7102
0.26390079279865386,13510
0.6740709018164627,26105
0.04412858933128224,36123
0.37977278694853545,44677
0.19970544365549145,17706
0.6769370626492965,10962
0.4367173034912094,71602
0.32119004202930806,51885
0.290613243241353,59465
0.17193762926545408,21182
0.7831473269372182,36254
0.4388172865346387,67060
0.11976530909217385,51058
0.020215665524986385,36776
0.11452949625514594,51291
0.15777211519435777,64408
0.7805558664909251,73300
0.308975594952639,9326
0.1404900932501295,25494
0.6937936799135198,75910
0.43733248348966436,33685
0.6605364428324975,18056
0.7711382213084408,12877
0.31315683085063506,43983
0.14068333624647464,11865
0.015698248722932222,24296
0.3191782220908576,46486
0.4544598034513547,20106
0.35638823018504706,40377
0.7648733512509738,59182
0.860548654312345,22031
0.3525029850824492,68825
0.8480811636786565,12524
0.6963720721791818,59021
0.08232180426753652,39178
0.34684853647781355,25973
0.45764672092703096,13810
0.1439497110294436,35547
0.4019253837248769,4155
0.31612559054674133,17220
0.717694377254503,3899
0.20200283467059796,19522
0.5106524433489003,10053
0.6107114579714427,26316
0.8369599626157784,66243
0.12889434651329398,72171
0.3805081559286402,39413
0.6504592105490078,57267
0.01421019369400247,24233
0.06315453923998102,41946
0.016932189553372494,16709
0.47815518428746095,43131
0.01594606600816437,22779
0.3234074941367116,59637
0.10274339665149665,59641
0.01594606600816437,69619
0.2150671349178493,51493
0.4749245110117384,24838
0.6594928331702508,22837
0.5675857680535079,16129
0.6764422702443659,4193
0.6595613325722448,79116
0.38327195848308293,54436
0.25337524734929684,47854
0.21639075672771532,50458
0.20428876366257526,21973
0.6730982352122382,892
0.6919981263253854,61025
0.3968945299698618,26803
0.7457629574046722,9516
0.6186914966352295,11302
0.2103640717889874,70788
0.03891284648838896,42321
0.03647692095415391,78729
0.48498029534958775,20578
0.32311449433164474,42489
0.6697347875466628,42988
0.06008768672805747,64333
0.07835536486334221,17217
0.4015035935606382,64990
0.26367895966690863,13604
0.2666645565089636,16772
0.056055492841593786,57372
0.016932189553372494,25615
0.4337465468443179,67076
0.32321152507484285,1359
0.386706807315194,5132
0.2215468879400808,76313
0.6559418649599587,56745
0.239529437990042,62759
0.29306152460747775,43752
0.10094932124704724,72511
0.21005439733261422,51601
0.42530188733762364,58186
0.18063536304677322,41353
0.17460782898106111,71836
0.011424147914668347,73352
0.4777587663720184,28141
0.30044414156867366,40076
0.01587575758998524,62625
0.10874412744450754,38848
0.897436055254854,75614
0.7399961426460627,37575
0.4974312786043825,21079
0.733233295178592,20831
0.6697347875466628,59170
0.29256810162744296,450
0.43031696555177074,5365
0.01996140477887478,36672
0.07571899262492263,38363
0.05803701917132658,18858
0.06315453923998102,4540
0.1714200737517689,46388
0.35372771762677047,74652
0.732048523180594,59835
0.27101110522296173,19473
0.20020684467317762,51116
0.9985850910093748,4859
0.9999074377726758,70353
0.06624835794686164,16714
0.43313321480405,20330
0.9985850910093748,68510
0.21651055974247685,43026
0.9985850910093748,41250
0.18632263256349096,64364
0.2442036541614922,3377
0.6745861385642226,9637
0.25735129684147356,14235
0.31522336422275515,34141
0.33843627375946783,31942
0.030617082847286446,2754
0.2108274305304994,28951
0.40400089789706317,7057
0.07864659037859045,70486
0.44538796003255454,45583
0.34277439152310873,48314
0.9998864799557828,36104
0.07643905960828708,78854
0.9978642305171288,26898
0.7633731825204847,37225
0.9999074377726758,11135
0.7622484646127796,37378
0.5933666369942747,58916
0.12898520099393382,19898
0.15207311683011518,33501
0.47298214960205104,1911
0.2380771851621948,52653
0.08327004097901249,19632
0.08653100373680297,39912
0.3852094554387018,57850
0.8374649193445111,15078
0.41293819164513873,19824
0.5016373485131119,12029
0.7845579689518462,58392
0.8320251149977821,66617
0.3603976875244811,1664
0.7631577732160202,76395
0.3087827852165104,52436
0.04994853493746496,34818
0.08994752916510881,24370
0.9999065180098722,65691
0.787666249720935,40365
0.5929708197940852,76438
0.17218480841856734,14298
0.4166540805990083,46043
0.49534374432189965,11378
0.25500120519928754,47200
0.3122934349917658,64609
0.5486504781640288,7736
0.6642530369913393,61202
0.9985850910093748,24199
0.4971770319288078,41733
0.2197182638226267,60820
0.4217984423890872,70913
0.9999074377726758,28793
0.9985850910093748,41743
0.9999074377726758,3743
0.6477915644336332,72663
0.998577891678953,74964
0.10282081299961145,12085
0.2704580709760546,75245
0.6420779002409659,35675
0.42010334559408025,6093
0.4971773354858806,72981
0.4932301703503854,21662
0.24855638146294906,68444
0.9999074377726758,39762
0.5131145360226694,70340
0.16713252740306817,29136
0.24996693727268568,21553
0.13904269296248412,59232
0.9990300881119557,39266
0.9978642305171288,3091
0.7858377709760032,56589
0.5709911201438647,43203
0.29215131802440686,78948
0.172054044239328,71730
0.39916755072428406,60588
0.9999074377726758,74838
0.3221288618881139,48905
0.41453773796008525,44841
0.36430407104758367,72997
0.9999074377726758,20710
0.9999074377726758,32585
0.5774343811031246,2507
0.44968731316818256,17605
0.642269390210641,49670
0.30447971089173825,18090
0.27515223198228145,60201
0.8140624483973453,15197
0.3550167559313285,58480
0.772875656839946,21816
0.7348597472892369,15437
0.39173742531656985,62586
0.31072257738169595,25053
0.43709282380580106,77541
0.9999074377726758,24257
0.08291815517615125,21905
0.3499415477051565,20968
0.9999074377726758,63123
0.9999074377726758,72092
0.8955802116261151,77672
0.23161314392694332,5711
0.16781447358877855,58824
0.7101587199306039,44886
0.5251270264955521,7016
0.05775741452586964,56626
0.1872344423121386,71991
0.591623642382825,11305
0.9978642305171288,13563
0.7385310859814678,60483
0.42711543757032866,52646
0.20385359513845422,34083
0.5558424213131824,10026
0.13029894076425858,77195
0.09384568815852419,76904
0.2688584005648312,68424
0.7858377709760032,35546
0.25908096559365196,1113
0.7591328849130561,46027
0.9985850910093748,37673
0.9978642305171288,16938
0.419301265688263,5113
0.9999074377726758,68515
0.9985850910093748,64495
0.6531280961130567,2093
0.3403434860402715,68210
0.7752588702140386,10487
0.40917053348700905,9353
0.2874349732400206,2946
0.8575357278151465,9459
0.061262723628706904,59000
0.1756964193538714,52570
0.3366649028111319,77764
0.9998864799557828,11329
0.4468476860851093,30212
0.5515263906597391,35925
0.5251312211901222,17008
0.23000817563291398,42197
0.08653100373680297,32384
0.8847873500011774,57468
0.501134856604827,16637
0.20462194194940703,14549
0.36594689280506193,54244
0.36255024401961233,63806
0.16640537409839012,72239
0.6753517084014016,27869
0.1326409799162809,18370
0.7540460319141933,37598
0.29602416337432524,69706
0.15301962725522214,74891
0.9999074377726758,62766
0.10858258631260512,42806
0.4287192468250023,38063
0.4359254998719406,13424
0.23381896289261186,70566
0.9985850910093748,49265
0.34359946029998684,29270
0.9999074377726758,64319
0.3077273140030784,34104
0.2265978012972443,9369
0.9999074377726758,2873
0.18582947968041202,67235
0.08385253479770693,66330
0.9985850910093748,78941
0.1364280063667898,57936
0.9999074377726758,55928
0.8792145578721178,36215
0.9978642305171288,21815
0.9998864799557828,52081
0.7903420757507866,75839
0.6363117214420966,40317
0.23874526514750724,75815
0.7364956607851332,53050
0.18985024189105013,6350
0.4945825701772823,26330
0.4031890374479894,8567
0.23245599652789234,18816
0.2129737568575169,16131
0.3897119961719511,25320
0.1654007565974416,21555
0.442673760270184,58610
0.5091108770256658,62882
0.21086617167989102,67536
0.0334302524710635,74149
0.2241658466304869,42739
0.19728228552408056,67251
0.4212991580607495,25368
0.004502095866509567,14733
0.42528901268270086,13616
0.1783298479815472,64488
0.34134893352052514,41998
0.12266302950924661,21869
0.07415954985723318,33870
0.780533358198527,20116
0.15838008155297748,19333
0.1654007565974416,45780
0.46682807543207105,4442
0.44340402202789686,19065
0.502927958781699,60365
0.5390133311635988,13301
0.08193235595160189,19451
0.33340430678046495,34726
0.03611327145533312,49949
0.841193837444232,55166
0.3382883134487794,60685
0.19102900286169358,76682
0.3689397819136903,11172
0.4285421350852685,39730
0.17752529917819784,6730
0.1285988364081338,72121
0.18891714854908845,48919
0.403522958235279,67394
0.555423556541022,62362
0.15902402603101107,54335
0.19623530669799677,22616
0.4436775857948494,20271
0.030891802346490985,52681
0.2206443619929277,70724
0.3829671852973139,71736
0.7234215612679086,52178
0.7576814284814497,1020
0.15971489761320995,40286
0.44409353526766027,78862
0.47441445181077485,29486
0.20794695159680468,2700
0.7678816285873548,52490
0.26843874984412563,22301
0.7714885335749573,41771
0.5591593392264702,5459
0.3700245108861895,49251
0.13880296219502153,14083
0.3180936474493103,33382
0.18053802111076964,36895
0.7569622963010381,35780
0.8074894789299949,47289
0.18977710052748703,32994
0.40719892208189346,38088
0.35282119430323955,35123
0.3456755915838468,64350
0.2045425204605905,8302
0.358094144467426,22792
0.280755599841891,44297
0.24165899790688392,67075
0.8776387222357172,17887
0.2528689017953484,41912
0.07706771195049567,34738
0.2966996909635829,40678
0.04171812643484917,34295
0.3150713053525233,52956
0.05456133726961588,36367
0.01769742114656612,71409
0.999920754855831,43830
0.650030165695109,74393
0.19805512645413442,10322
0.35973862135159007,75692
0.44854026123412594,19179
0.788955852684161,5984
0.999918340992624,72442
0.999918340992624,63816
0.020341643717570013,27016
0.630284877320813,57332
0.9998791881474773,14727
0.7386656644351859,31579
0.16939022904948378,7414
0.8111156159045935,49745
0.2712450254376158,16144
0.13596662650046865,32880
0.556262779687084,27261
0.2491648719941787,15286
0.999920754855831,68178
0.22308618216844642,70701
0.29706768255989957,5381
0.034187531392815176,21864
0.7294217426296852,58946
0.18419397910707436,78208
0.09585154134832834,36734
0.2750177795088666,55342
0.3000741450982529,29998
0.31306645949453304,19411
0.7474461565936372,39613
0.003691659411075504,65381
0.30446030999915563,61105
0.7825713632898319,72884
0.6418547379074481,14924
0.999922276789163,18226
0.7386656644351859,53988
0.999922276789163,3485
0.17944623676753585,11409
0.04179019131844417,64558
0.7632153171477145,3416
0.275160337510735,3240
0.27445075888323256,67371
0.18191995298691666,170
0.4988363064744981,3035
0.24002356535417568,23561
0.8428576972455604,66022
0.5957938947076933,31682
0.18054696719922128,29482
0.630284877320813,71356
0.3270591716432969,74155
0.11948733992390242,21638
0.4101189958960526,13908
0.999922276789163,66807
0.09350968012254603,69349
0.6250474292353683,41356
0.014807737298186524,21034
0.004267659950104899,52419
0.5090231628333893,11448
0.6310447802605155,69242
0.2232435064892053,68047
0.005858259825564281,27411
0.5004293721196477,18840
0.7464035188601088,47260
0.011708065935239686,21193
0.7483791654204057,11146
0.020341643717570013,69149
0.23748816917265592,49290
0.23422530274979464,54282
0.4829610671400416,63176
0.322688122433376,65545
0.711860638974206,29852
0.7777817119814361,78754
0.3108270543851569,48529
0.2993222794962487,25359
0.7132061080055224,62338
0.8157818623872614,8710
0.5973769922823092,70976
0.18192240606882093,60084
0.10262531698179574,48123
0.4170872274320121,45218
0.3064624509700277,28914
0.20672308253561733,75541
0.3747537704504063,66592
0.6830384271569379,9484
0.29706768255989957,32048
0.14425427326784518,22569
0.43793131053861534,7049
0.12282002563722942,25689
0.2381488721987993,9755
0.999922276789163,14938
0.999920754855831,38228
0.374966464126604,20237
0.1388998829162608,50190
0.2954374358006456,76833
0.7092338905296096,18078
0.9998768228224917,72927
0.49432836233565414,5172
0.7003965382634038,43879
0.8587246618028115,48111
0.999922276789163,62682
0.09948450522112186,44871
0.13445342482716272,11009
0.14945667518432,30886
0.31738419672257834,18033
0.6920458992330221,58749
0.3637462211417678,36791
0.9999451029649403,39633
0.023503259281927372,67887
0.15045419029957538,7875
0.999920754855831,19075
0.723033450397694,47569
0.21379335904037725,78866
0.12663760454048473,42511
0.15919694477926585,17652
0.08182106243199481,39696
0.27697012778963226,793
0.7266485252073109,25665
0.24941955543384875,48966
0.7417012022199653,70234
0.13398124831286023,6828
0.48503556010056675,62959
0.999918340992624,27072
0.4069196237743169,24358
0.45527997518152075,76947
0.999922276789163,56523
0.38617955263921977,33515
0.3185619281568667,1934
0.020341643717570013,50607
0.748104826974465,27278
0.999922276789163,55334
0.23132921715515528,48348
0.3947616528090703,50947
0.3945718559804712,17585
0.20768097168892488,3670
0.999918340992624,1334
0.999922276789163,1245
0.1286988659395031,31237
0.5554483638824799,47997
0.515726705727515,51437
0.1833001869814073,48282
0.42574806829366496,57256
0.999920754855831,1777
0.999922276789163,77589
0.999920754855831,4630
0.31578505306689697,24894
0.999918340992624,56870
0.3575554309549091,25294
0.16823906591002602,26668
0.018682189836338826,59205
0.6904713297193226,58445
0.999918340992624,70690
0.8834999321721226,45331
0.0928974950030804,29859
0.7577046067919868,23685
0.19435193671820644,67488
0.12212857603153202,48056
0.17436311034275906,58525
0.6509497970415891,33150
0.04043396448727501,63545
0.3577313481816013,7320
0.37785275402863616,70267
0.6999324075302245,18547
0.6676502421273139,9869
0.2446710791398228,77533
0.3725782170951657,60023
0.2451407301480727,478
0.43373631389680367,13458
0.2150664430531285,58381
0.21064700917837087,48234
0.0954995150199916,9820
0.16997985893486925,61378
0.20580562643037645,1311
0.20727533249892716,16058
0.1949908950044877,65377
0.27572860481029304,28015
0.46280413503226625,79070
0.2874701151915604,24000
0.3176513735521724,50421
0.09278669594982045,3825
0.12952107420334533,49978
0.11573688967740836,34355
0.01955228618539188,8199
0.23517496592538797,8040
0.05568357488837003,51896
0.5612931293740105,57334
0.046322861734121416,21616
0.29331480767793827,49593
0.27395062136672055,70204
0.054484513159778133,26639
0.695534697461491,74386
0.2431062913853399,77652
0.1070618245745974,77562
0.1779575366911007,30086
0.09600092210785893,37098
0.42664552519269405,72075
0.30453204224281805,3570
0.09787712853542307,63286
0.6999324075302245,39306
0.6180975718991654,5414
0.3107906855693403,9951
0.21311182535495968,51217
0.4855453619765422,65273
0.7280083743727557,22700
0.04521609343614078,11076
0.25425348062704495,51683
0.32099835151262757,52175
0.6591740799569121,41560
0.239606835011886,73866
0.10283717945880133,57136
0.20601067038439844,62039
0.09039299587945947,41984
0.11285190467265756,889
0.34050360075454755,41210
0.25197338890521287,49664
0.5309389760228025,7650
0.5967520267444868,43902
0.199902362548043,63412
0.3239444643643948,73686
0.01483617922149652,58011
0.13407524750756167,39422
0.20180012385857546,71424
0.10212070015133067,50310
0.09026787551750692,47681
0.3435598458771186,50317
0.20216266047838158,56423
0.19057565516732644,54088
0.5984781344755667,77011
0.38636014030320387,49259
0.7635723238919653,7552
0.23159157674234443,76993
0.4340858511639001,39917
0.27877694672438375,76077
0.7254121730614245,50630
0.4162846825676197,37444
0.08770184812883995,50934
0.024391973806742677,28897
0.1772399613569562,26527
0.16914102275818488,31301
0.3607276730130199,12418
0.30823669881723115,76152
0.2582047893115723,35806
0.03229237035287561,3144
0.040964109398123304,50394
0.002205528496546941,76179
0.05362405672169893,3326
0.6510854281732803,66342
0.09524090775985025,41623
0.3879905334429059,6284
0.6345397808943898,10007
0.018042793078979387,21656
0.3005227763815811,62610
0.11132577869102254,48847
0.20472221890942896,18066
0.01715918297559506,15668
0.18102118462064834,34023
0.26434616290087976,59262
0.26822115538863567,19281
0.33485549220425026,33327
0.004638284657398393,40265
0.6486830004014896,19279
0.6779570010565612,77709
0.7825916685310728,64438
0.4922023486541921,75049
0.42397857430595276,31559
0.19892838190508602,1855
0.10294292930822581,50999
0.13262145304585604,36451
0.47190629955345764,40855
0.01522894192851997,64168
0.06786959403807163,46730
0.6467246165201617,47716
0.7898860409327235,23694
0.258508159363814,27849
0.0018390087887891326,20196
0.2431062913853399,40205
0.19563629009932543,51338
0.11809385380119856,17840
0.25419656511029354,54849
0.9998546142542892,5400
0.9997901603793002,4334
0.054809981599910136,12931
0.38185091471217736,4602
0.9997901603793002,75062
0.6966758728776676,12814
0.1829750812121929,23361
0.9999047946818285,24945
0.4380137892660517,41037
0.9999104577050316,50989
0.12014595361273125,18631
0.16333675703660766,76571
0.3564370568244446,59427
0.8467022205573169,47718
0.9999104577050316,46527
0.061493840766024266,65087
0.6120730950963241,11946
0.9997901603793002,78607
0.32700958868813224,33312
0.9999122444291482,31793
0.8025798917148925,73217
0.9999104577050316,11701
0.7098116613823775,68768
0.0757074937850349,75563
0.999927645198267,11970
0.09025383328069732,56690
0.2994159486244262,10820
0.2154146407769675,69438
0.16570139502105044,69072
0.9999122444291482,47005
0.9999122444291482,16920
0.12779939133590987,10608
0.9999047946818285,12456
0.324989653965557,7085
0.11651915955950863,26473
0.6450103982105986,62466
0.6955859685483435,824
0.09741741008514845,50365
0.06673316385680281,17581
0.23161760191319347,61795
0.3206014490463961,56252
0.47351488478445625,56923
0.26115120156912525,39117
0.20577828316870328,29716
0.18225986977547112,45390
0.2639714348019673,38734
0.06967150987428675,64834
0.9997901603793002,60823
0.36769856210657054,17329
0.14283077941193484,45958
0.19869647462952703,25398
0.23574357092318685,69229
0.9999122444291482,70025
0.9999083086326092,22066
0.7276424668621833,39043
0.08907430630261665,47502
0.3381277966592607,73122
0.02033791077659939,51325
0.09851189616232153,13488
0.9999104577050316,30030
0.9999066943705751,16783
0.3922918246571737,17662
0.16559319757316882,53596
0.4771682730953123,32090
0.9999066943705751,59539
0.9999083086326092,43258
0.7058537895534127,13004
0.4294973838871056,50823
0.7249557632471508,69828
0.9998655826908622,65690
0.49934336133362445,606
0.18063932223770396,77988
0.24355493676076584,49514
0.45959594781004737,9218
0.19434038698926148,55330
0.9999047946818285,77110
0.9999066943705751,3871
0.288310588556767,45565
0.443632210004028,17636
0.9999065219084926,6578
0.24634904699665217,75103
0.42753717489350757,44986
0.6951288395709718,65947
0.9999047946818285,1265
0.33344567918144036,62969
0.9997862245827611,29560
0.6409344821133443,3025
0.6673241996202911,39317
0.28050227840705755,11165
0.9999066943705751,20616
0.752376818532921,32796
0.0872561846126863,62879
0.9997862245827611,12459
0.9998519244285164,25734
0.9999047946818285,65790
0.33314307382359354,4367
0.9998616468943232,51858
0.9999083086326092,3477
0.21542486140197173,51674
0.9998519244285164,6377
0.9999122444291482,55168
0.10691158156992334,15000
0.9998694028549393,24356
0.6460780533871737,49613
0.25536657106183225,67657
0.30162608105566824,18202
0.13445465574429588,39728
0.2592047676344868,70160
0.2485560535848823,14249
0.9999104577050316,6933
0.9996815398444903,28964
0.1627523209778948,1659
0.293746671261283,45607
0.18180211239144786,74824
0.9999104577050316,25967
0.9996815398444903,12652
0.23399455964739949,36844
0.3491946350592616,66209
0.40519184147017945,9242
0.9999122444291482,12694
0.23356497541859514,50102
0.9999122444291482,19011
0.9999122444291482,19323
0.8123751681675667,25064
0.9999122444291482,66125
0.07470086737704235,23101
0.4972770930410849,69159
0.9999122444291482,76341
0.21958463765760608,19630
0.24729270158925465,72911
0.9985050108523253,73256
0.6676490685194242,78210
0.9996815398444903,25042
0.27100915043715235,48217
0.3535123765576322,34063
0.9998142129983567,17537
0.2883062426472399,69991
0.27278092316085184,67773
0.3277909251494001,25477
0.9999190537665223,77219
0.6623130764074776,41352
0.9999130180961162,52766
0.9999158404956332,20288
0.9999190537665223,28937
0.40324789584865306,26548
0.1493239577404184,58187
0.024440797562642624,18519
0.4004854124243376,20740
0.9999197762921721,79232
0.3321991800885264,43008
0.6635453416229923,34962
0.9998853079402614,28468
0.9999169538926552,36325
0.9999151179699832,75019
0.3832006062817987,71267
0.26265717078051276,40849
0.07786502182464924,7623
0.3530317446761902,73275
0.9998726813962963,13449
0.9999169538926552,19953
0.9999158404956332,20711
0.9999190537665223,23462
0.9999190537665223,75587
0.20525342257100887,16513
0.9999197762921721,60277
0.9999190537665223,12874
0.6550337883255088,31287
0.9999158404956332,57153
0.7959050250872413,71757
0.9999158404956332,16290
0.19397078643051063,14202
0.40281514495646314,73859
0.9998797365969365,47660
0.9999320310131287,12283
0.9999197762921721,5718
0.08246813531544263,69873
0.3295198681714459,16082
0.31192582277551617,49428
0.9999190537665223,2670
0.24511324382776128,30567
0.2867799828519508,63595
0.999942469625535,20114
0.11493546873019374,27978
0.9998342489977778,70728
0.7759513816632668,59390
0.3775087368032111,77549
0.6621586606273173,43200
0.13787516509715625,45460
0.9999169538926552,3135
0.9999169538926552,57430
0.6196333508706896,48944
0.1915930978829675,4839
0.29159432293823256,4371
0.3458509156449456,6126
0.9994268123552064,27257
0.03164089998350405,43561
0.1294853014359605,32021
0.9999190537665223,19692
0.2344938010884136,20749
0.30658627388701953,60190
0.22909601149227155,32260
0.9999197762921721,43587
0.9999391814113301,26805
0.3465343628817096,5152
0.9999169538926552,77371
0.2786302785975068,74732
0.3140360002781569,16776
0.2982477448474439,39600
0.9999197762921721,75446
0.3871543135760731,19929
0.4004854124243376,16203
0.9998303344722234,68222
0.9999197762921721,65427
0.4031863289044826,8470
0.655891727411871,39866
0.9999151179699832,14782
0.11863475018312024,76942
0.9997278125688871,73015
0.33852300969119253,66938
0.18547703130425558,29076
0.7076599798961627,19572
0.6232501115874907,46659
0.613973752400423,74812
0.09791675083043577,79087
0.17878302063357449,57703
0.06671458696086781,34953
0.9999158404956332,3488
0.30754536034665664,55098
0.6878669814037307,6733
0.9999169538926552,16036
0.09772450332371525,17668
0.3502923736864097,4074
0.2221440817587508,32408
0.9998764104937716,38931
0.9999190537665223,65231
0.11024726146000292,24833
0.9999190537665223,42420
0.9999169538926552,28705
0.19783289451501618,6243
0.9999151179699832,33806
0.15733331718646273,34814
0.5626676317309169,51446
0.306579075948282,75299
0.15406677675410857,57358
0.07633865828752989,5834
0.2286108145224678,37539
0.6913035522860176,56300
0.10563484729936175,63668
0.6363883546961142,36943
0.9993357295809182,28985
0.3013144398932605,42425
0.9999130180961162,42178
0.9998057712955923,24244
0.9999197762921721,23959
0.7499725410535831,22438
0.9999169538926552,52495
0.9999190537665223,52633
0.9997278125688871,68977
0.1329912113902555,12776
0.7169361978169468,58619
0.6862936780089484,58678
0.9999190537665223,72413
0.6428937711755587,71535
0.7665222575019803,37587
0.9999190537665223,70791
0.7186334740727882,2847
0.9991302954345518,49950
0.9999190537665223,31857
0.9999190537665223,51331
0.4586602300976111,3332
0.08173744648408984,19193
0.9998726813962963,63253
0.9999151179699832,44609
0.9999151179699832,45558
0.13596558067337805,9606
0.282343240415406,2784
0.7484691190209749,45229
0.3321991800885264,55253
0.9999151179699832,37084
0.3525559817835974,5616
0.8728674587432581,22926
0.15973286492388183,63965
0.9999439244384287,24086
0.07557209521678386,77732
0.9998558968127749,21761
0.26973698670086343,51377
0.30466253835077123,48751
0.9999169538926552,40423
0.09778732094523977,29693
0.9999197762921721,52142
0.6863949212248595,25603
0.9994799953251454,52415
0.9999169538926552,58974
0.3705033323625939,43863
0.17568602021534444,48247
0.9999190537665223,72397
0.48073956895818254,37678
0.9999130180961162,79106
0.9999235417367955,64658
0.9999169538926552,38181
0.3900745360679321,68858
0.14797954902735178,76088
0.45396009545908345,48744
0.2871632233900741,47797
0.12442020270372636,44656
0.2305426115275631,48975
0.7417107858543431,58729
0.9999190537665223,77808
0.9999169538926552,44340
0.9999190537665223,8599
0.11907361252621242,48426
0.052733488689044344,10929
0.9999190537665223,40376
0.9999169538926552,26191
0.9999130180961162,60506
0.9999190537665223,20615
0.9998342489977778,61691
0.207088205140711,72986
0.6616151952583458,7020
0.7688177779723937,2156
0.8172942392823301,61973
0.7899994169415292,15840
0.1156833695675499,48358
0.8318112017866028,46150
0.49017540546769867,2788
0.9999075019794552,53453
0.7947965138059183,64833
0.7269744767014833,55176
0.7259885845678469,46669
0.1488101164653994,15341
0.29776641768347495,59004
0.3020529625912546,69412
0.3749673018769213,6453
0.23898822128248154,32819
0.036727242668344325,38761
0.8894555445266861,43756
0.9999075019794552,31759
0.6292327590124064,1580
0.9998457760921211,23654
0.9999075019794552,19353
0.020031302678568366,32633
0.5379866640472162,14796
0.4105319747978019,20015
0.497199096588406,15545
0.7906368384117405,9948
0.6902919709677192,25062
0.41329471161961717,17789
0.09854539545254568,50120
0.7083409873294,29098
0.6340125664898794,54700
0.018798904685805484,20918
0.1368058892099173,56197
0.8047776281183224,19515
0.23599073964017284,40504
0.8047776281183224,42326
0.16875209056535712,10140
0.28873982445882235,30528
0.7065914852037714,11259
0.9999075019794552,43186
0.13189068679844473,18076
0.2037498988454573,60127
0.9999075019794552,29815
0.2605707088469767,28224
0.7788285688402035,78818
0.6711332507670471,63577
0.30892608628894136,54929
0.5193567281490341,72282
0.9999075019794552,73175
0.2695512507959758,12123
0.3381896852584311,47151
0.2993511980863653,56148
0.1553976348829332,62168
0.1611056900052615,659
0.3398092837921899,75896
0.2382365166717963,76669
0.15997232096595088,24620
0.744547338789209,78696
0.7429201262769373,38974
0.49017540546769867,53698
0.2906140392934038,67072
0.841744469564286,58190
0.6336126532529087,60549
0.1424528358427996,27126
0.6588754257978646,20397
0.0011498833679620482,44847
0.9999035661829163,50397
0.15739815493201342,28559
0.017132967721962118,21126
0.6479554230497759,49702
0.26806117568653426,19051
0.9999075019794552,20115
0.19878455826286828,56287
0.14543926030217041,35900
0.7914521493172053,40155
0.7980924199829842,23011
0.6662485337237182,79290
0.7534981558594018,45886
0.6568969456990305,60617
0.9999035661829163,56842
0.7585831705683943,23024
0.8240093622352069,31370
0.5644892941522606,60041
0.01752680035693932,47180
0.3710912186984407,75897
0.6718580497757812,56153
0.508058467315514,76885
0.13106496100684295,62422
0.3196919021939736,74482
0.5941100356208922,38208
0.3536029833714779,8794
0.6415459606592895,72389
0.1207585141629284,14570
0.9999075019794552,5944
0.7444184168704815,54809
0.1263819691637894,39301
0.160906899800902,22311
0.16787865098216184,72697
0.3833709143600996,70772
0.7024614988473968,51320
0.3536029833714779,39114
0.5068984059419719,6095
0.013968137494591505,71807
0.19853254786957675,28175
0.2390248935075684,18213
0.0356296494675576,15381
0.2809795134539933,43402
0.759616408050443,33716
0.287542058487408,32975
0.16085450119227446,65206
0.2607022945318616,21884
0.43723043254448885,76201
0.7539614750669186,71923
0.7424481025265619,39156
0.09985434663996681,31218
0.651071267450898,47739
0.18944591416152204,43740
0.8007583895238164,2672
0.009372643000103065,8934
0.7651056673812565,57756
0.9998295131579686,39223
0.7587126221025108,4082
0.7577647012854496,38346
0.26472600201019936,49137
0.3596985838555077,52331
0.7947965138059183,68011
0.9998587471270015,32787
0.16445791033213888,44350
0.016541566646186025,54360
0.22849773804616383,75038
0.19207349881264765,74464
0.41034043049670393,32265
0.23263341780448407,47306
0.8829493937487364,78967
0.8095094292776637,56122
0.26293623830695084,8465
0.6711332507670471,3458
0.20048456128304165,10953
0.651071267450898,22556
0.009704717022643482,25039
0.5941100356208922,52953
0.7808077528363863,72143
0.739188305738395,45154
0.3205125717678311,30024
0.7897519159239381,3588
0.3680467071295368,56144
0.34240405062617174,75026
0.3536029833714779,44066
0.2567009788179681,67010
0.2457548295219274,53649
0.7261586630620849,64588
0.7483143364878428,37076
0.05872828603025636,70840
0.08547937492411603,66808
0.34428564849693766,61727
0.4804718109460651,3371
0.24586170382361877,21804
0.77393211605172,70529
0.7426576192629754,67640
0.5862544968790885,45729
0.7060068365500357,17505
0.7891278980005417,61513
0.38030714858623316,47131
0.5129483751150958,45038
0.14026129992714867,61851
0.12452533606665596,66826
0.44386499378400845,34847
0.23599255215429532,24451
0.35301936763509023,11797
0.9999075019794552,44843
0.5557215921920179,30685
0.2785465410555763,24853
0.6350101455381866,51336
0.6737665827952439,51828
0.40206263010782173,35160
0.9999075019794552,59944
0.17364088110042575,35291
0.41076430080632786,14963
0.16445791033213888,17946
0.15997232096595088,40245
0.700943623979176,58941
0.19035523795372272,19576
0.29981921979319626,69745
0.01855635322534679,11158
0.7752674211485627,36498
0.18728250649298778,3575
0.11631025656449248,48977
0.6091718090800095,9051
0.658920586955813,69775
0.9999075019794552,70713
0.27286893189732564,1223
0.548298310735379,5903
0.7117744084962281,17766
0.9998524364699607,11231
0.5698025990587602,73832
0.3974287627793789,8767
0.18907383922414275,2155
0.005076645246456542,12547
0.29556064597667175,45169
0.5488565752482135,7260
0.008415532834700567,34311
0.0050709840857034024,45039
0.5553613527362559,18683
0.9998524364699607,27745
0.3997219891432605,67176
0.7315607539069695,26416
0.997140347075508,34572
0.9998524364699607,41746
0.9998524364699607,24735
0.9998524364699607,27445
0.6190838737005393,46983
0.9980807417654769,68580
0.06976869531527471,41717
0.9985697351260823,16497
0.9998524364699607,13384
0.6011198733832974,21552
0.9998668812617759,49331
0.9998977682813801,38799
0.31877576490991155,70747
0.14400754356570003,39497
0.998660887911899,30163
0.9998524364699607,64271
0.6593682025323426,19505
0.13315053954411485,52298
0.054288092832615376,38910
0.6378563808459257,5692
0.15919555191946239,26109
0.11891061000820866,26291
0.15263888762095057,12443
0.5697867020931267,27410
0.6496969973318107,206
0.998660887911899,58179
0.7439801606698002,77520
0.997140347075508,24643
0.9976758306179261,59316
0.998660887911899,73024
0.008211024163564189,9984
0.07978416667304372,50783
0.998660887911899,66606
0.9998668812617759,60022
0.9998524364699607,3539
0.31030519167511605,60013
0.4546527146986464,40364
0.7900060907760392,54423
0.6839236026876685,58298
0.6981358729685095,959
0.9998524364699607,76434
0.7022938399909188,38470
0.9998524364699607,15924
0.3745870339804158,16690
0.6438949365544662,31446
0.998660887911899,29370
0.3983745396400098,50158
0.1983582811485355,74247
0.01730632854769282,5519
0.3565195069950159,2601
0.998626541724583,36652
0.0028696007514857715,35540
0.9998524364699607,49262
0.38349369316018356,6801
0.29220579946426617,50160
0.9998524364699607,25623
0.804244283646001,51424
0.39105118911425363,55158
0.02796613519912224,69101
0.11018940364578102,16763
0.997140347075508,13318
0.4005260243834109,76589
0.719263385099498,76044
0.006604102194831269,23759
0.09872094974720264,8110
0.2626938782954116,61701
0.3933062449797225,66562
0.41822547109586405,2340
0.24513731320638218,65827
0.9998524364699607,42277
0.7852860363531955,29373
0.7269497452987412,41937
0.998660887911899,64164
0.8251479694566956,50719
0.6615391002615083,64343
0.005076645246456542,12402
0.24820960039489653,68194
0.3974287627793789,616
0.3778188533355046,9333
0.35991804451846254,58982
0.9998524364699607,58651
0.997140347075508,76135
0.9998524364699607,28795
0.18832870194279425,36966
0.6438949365544662,14365
0.9998524364699607,6360
0.6088546912603474,60667
0.998660887911899,47319
0.09466112579415804,8118
0.8234281182553107,31416
0.740329471718401,35002
0.5282725044491565,78547
0.9998524364699607,20430
0.22027647566083008,74352
0.34583203191640444,75473
0.9998524364699607,8168
0.07751154290744026,46177
0.1990196048116245,32601
0.001966646444116803,12090
0.2719046119390807,8067
0.22765225905215464,58740
0.3845530162602728,64199
0.7276638899815216,48155
0.13046994646425256,75274
0.014969694217452468,68595
0.6223078129182259,26241
0.09467363237308135,24438
0.7908187103224167,55219
0.005076645246456542,35789
0.006604102194831269,40801
0.00853062485228956,54023
0.6792653398309043,1477
0.3306821266784592,77012
0.804244283646001,38517
0.998660887911899,65030
0.750480073643156,42033
0.11594203109283739,11629
0.25802992405776165,64774
0.2863207910181575,36642
0.005076645246456542,37500
0.7518730072961582,13106
0.004637562396417283,49747
0.22494121627225297,15163
0.1039313446503177,73885
0.00979460338005104,65434
0.11845732276179019,51
0.6438949365544662,19985
0.08385702838507272,61839
0.007780988690860211,49409
0.9998524364699607,30741
0.3573834147640263,37781
0.005076645246456542,29380
0.00853062485228956,50839
0.9998524364699607,20244
0.005493468462494676,27029
0.8180860134762467,20783
0.6975032962102953,23798
0.1994497410686924,31450
0.8023727478811218,376
0.16776222780541405,8917
0.9998524364699607,40951
0.2767515309951755,21143
0.08273970708727563,42654
0.998660887911899,29509
0.998660887911899,63722
0.998660887911899,27382
0.22711290334775897,66530
0.6590746556920523,8690
0.6640596688810212,62941
0.2929149334983771,65357
0.6807215166025211,78776
0.32135105501560113,75151
0.997140347075508,20502
0.006604102194831269,21789
0.005076645246456542,9219
0.02112228036916879,33979
0.998660887911899,47377
0.9998668812617759,26695
0.009750163892904002,68955
0.5488287612634677,10978
0.6645243962895805,52351
0.998660887911899,73631
0.998660887911899,54407
0.7386084935409603,36993
0.998660887911899,72488
0.27772215424238966,25100
0.9984846971920893,18259
0.9998524364699607,12632
0.31668484027153876,47028
0.29160020612028303,8316
0.7459111936170375,25824
0.7252698101244069,9013
0.998660887911899,41541
0.6736786733319804,37597
0.07151335154551863,4261
0.12738512412394076,63411
0.25984113991728525,5028
0.13980324309761305,45853
0.04583779371595878,21249
0.614736113170412,69099
0.27973457635788596,20194
0.36245202481301714,57736
0.3704058012115793,14621
0.017533405849592197,15994
0.6765563928034457,69286
0.757317858740367,39220
0.7928857775179421,32693
0.1732278021778326,9361
0.8682404600115934,36068
0.23961603468084744,43909
0.2322759385339559,65573
0.5554847145992311,53879
0.07956853986250176,23203
0.6411350007016956,66258
0.03025041959362825,29025
0.2495009799845781,57967
0.09159631532490782,61657
0.055136062235168114,77117
0.5996247549319047,13647
0.2736083094203926,37761
0.4399860678781935,46020
0.19110784888498256,9158
0.5765973524102251,39879
0.3411764315364333,59304
0.23772205498057603,1224
0.7461619671849323,38238
0.13540116041288336,3626
0.7315105325419153,52078
0.06868015478320394,72946
0.7703108134770854,40881
0.43115227743502854,42554
0.34327133039746066,3361
0.10289144529989176,65712
0.07898570467718281,43502
0.12451042101541053,15366
0.3290872133801268,62727
0.27192229677068325,61272
0.0782336640406711,66685
0.04987317438711738,51435
0.1031442515874127,27333
0.6429564250194711,17315
0.4364322388375411,23637
0.5903657681089188,23032
0.021265604978118306,16911
0.6252298853320866,11202
0.682590783048787,55155
0.5927786849437396,54844
0.05173181553035923,50498
0.10008956865630877,16147
0.6275995218051668,63593
0.7617519665477658,14306
0.0450831676167294,983
0.45886451691561486,5024
0.031411016497806074,60887
0.3114179013700893,24931
0.1545536133790242,41496
0.778030207425064,44747
0.12958783321178965,57688
0.24624564084518674,58690
0.5903809318260356,70502
0.6278733779876431,24508
0.5868196772913775,4753
0.2171791575522169,6834
0.10801303169348989,76984
0.4830593804952995,25283
0.778030207425064,58997
0.5810005340328188,70441
0.08760409377890946,46111
0.15113163689941592,26041
0.11625468356144061,45417
0.5180366076480507,67425
0.021265604978118306,19948
0.3704058012115793,57860
0.43149872732422057,41029
0.3550802915103058,22057
0.4603459484022161,31677
0.06177329203945079,70213
0.7788893465776923,41164
0.006436634472142205,21850
0.5651402866830466,15232
0.7733396833876254,59279
0.7792138091255165,69626
0.016833038296820153,35185
0.8604675833525974,52509
0.07071667496090259,62003
0.03332953967273759,21243
0.11994029830500998,50257
0.030103374473996112,75508
0.4420497024790904,64874
0.48938135643168534,59613
0.412562311566951,415
0.55498178360305,63695
0.2718213189147025,71610
0.7107387239649131,62343
0.9991063194079934,50318
0.7890666899447423,69109
0.08519005658630416,24134
0.037509511892873736,4672
0.2522219797404283,42798
0.008948121589898727,43579
0.21943849184240516,43739
0.24820370813510959,76868
0.9997862488800133,33283
0.04624171589012943,16434
0.4457358864545123,39979
0.3324578468741027,56318
0.023969023175517943,14243
0.9991063194079934,73511
0.06886348486899171,28926
0.7272865775314502,47178
0.04902710996018116,78710
0.06469137543921635,74771
0.18352949293833493,63082
0.4704045764567632,68159
0.7319968342401539,23056
0.13955936306834782,71051
0.2859208978767448,67637
0.8966644956423993,9587
0.26002965574924963,8412
0.7902904049958048,33338
0.2637053457002494,14920
0.16522830319010667,49876
0.048769291536771564,2861
0.7596155650950389,23486
0.09722383664076914,64911
0.7668285035855658,29257
0.9991063194079934,37092
0.9985261732615712,12322
0.37116194916112083,27145
0.9991063194079934,16633
0.7762494984747658,45820
0.633210866871158,38630
0.040824293934347486,39914
0.13539062892297313,68083
0.02136664725175864,45014
0.05953091285234055,28275
0.31864056039424876,57644
0.1722949026071439,11644
0.6867749952516552,46351
0.6760774726857246,65265
0.03496126593936897,71977
0.6612462230251623,42518
0.9991063194079934,9339
0.06684590927125401,60448
0.7414323487929196,67531
0.18080486398220644,77323
0.571178420448354,19921
0.123810024940127,239
0.4408715510227921,26246
0.9991063194079934,7661
0.1781273643544882,59791
0.2618623934947948,73671
0.6544242734453964,24975
0.16816430663521803,18992
0.4101647757952183,14499
0.06565344155091757,5949
0.6489403180003218,68653
0.9991063194079934,34554
0.9991063194079934,74825
0.7938351211012811,60821
0.8206318293702425,9544
0.7024014348029184,10350
0.46747316589261173,41720
0.6283157061470759,69654
0.9991063194079934,58915
0.09234777531367294,45580
0.44235681728830295,69482
0.33714901620870175,55038
0.05818196093706701,30084
0.7456929645914663,47973
0.03839540462914955,10681
0.5080336595953504,60710
0.8397177526651076,43775
0.3661259013752764,30848
0.08117640042589633,50850
0.4477682562020452,64181
0.16791365964443572,37919
0.15844555252197307,72660
0.6883898599381348,22136
0.764256677851404,51050
0.05402777701766027,24605
0.032579072686706505,33713
0.7506013335280347,42027
0.6567173846142628,73431
0.7703225231386415,1990
0.7169168932285357,67167
0.3314350666831068,21654
0.037968975848372055,13213
0.7184265739609755,47595
0.02890185828353282,45792
0.9990268004032898,7805
0.3985769224580316,2440
0.2866543602674957,45223
0.3745508950408372,20462
0.9991063194079934,31171
0.5235786691819139,74760
0.11192119364934727,48674
0.49549316892640166,19764
0.16437917854914308,64239
0.5936171487947703,778
0.33860879006787376,27359
0.3072219600139444,8173
0.06271463719334032,30809
0.08610272443683689,31411
0.3541681089367631,64908
0.11082445336325895,54947
0.22607950615347008,11410
0.3848169557447157,3935
0.9991063194079934,47412
0.20486288818054765,17569
0.6610758059363889,49077
0.0014120309882844728,18424
0.544388892660144,63095
0.20778285824986722,18745
0.3347793549470899,10732
0.9985261732615712,54432
0.5496977736321326,26522
0.9991063194079934,65714
0.7030571456404626,32064
0.38780895716614255,21952
0.6828776690603647,51117
0.03621611874441006,8658
0.22038222267798682,31666
0.1622837313416789,5016
0.17531663954995483,17685
0.6419189111726532,63487
0.7519634388547997,34893
0.8385986703753106,60017
0.18215967874274824,23054
0.12143952968637665,59197
0.08179487792258576,8800
0.9499876462291764,20360
0.25523642791125767,46276
0.999879558034636,72443
0.22170938702513932,13866
0.25461056338546256,33194
0.05299554186261561,57673
0.04017314749127464,73331
0.04474526881306802,2453
0.1052149429242611,7399
0.09716691705249796,11480
0.9998984422759833,51933
0.31086663751952215,77534
0.2449667667144899,4319
0.052657208519493,55242
0.03409025417289585,78932
0.8150313329198182,3365
0.9431962024764551,36588
0.4539143820938316,27947
0.17741572062722993,21220
0.2561293080901481,41044
0.11469201315656392,78082
0.999879558034636,24160
0.2083284328036373,71825
0.039859953541748185,72149
0.999879558034636,29768
0.950630431364454,33491
0.3507610673651642,9446
0.0017741740366071226,29477
0.03307875336821326,37833
0.027664617020866228,73262
0.0494390700152959,32257
0.25135122396338755,19606
0.5659343422375299,52297
0.9499876462291764,34815
0.31284360526456195,52470
0.9508226738388272,15908
0.7941746178036171,16362
0.2962886947117481,70182
0.9431962024764551,67169
0.1093255988142771,39096
0.7376941007067919,36500
0.6053075962009075,77340
0.9431962024764551,72760
0.4075558670304099,3062
0.13789164633100942,6124
0.14230592331697622,54716
0.06182173181287621,76079
0.014708981360249404,9624
0.31005235691839095,25575
0.04652941723033471,36885
0.9998923892806582,11252
0.11233866341978795,60865
0.357292918235118,36086
0.9998923892806582,21416
0.07045055591172099,50589
0.7059742902109256,18289
0.016684152431895707,71211
0.014338213408700144,28156
0.17882321797878284,23897
0.23550679096734273,31318
0.10596331429634454,17928
0.16202965974445568,1630
0.9998923892806582,40152
0.6180398076834637,13443
0.13141969180212826,73679
0.2743924676186638,64539
0.9431962024764551,46516
0.37528806502714795,21270
0.6228641324901862,31886
0.44463627632722647,73918
0.09465891865183636,52833
0.007608807358121701,12177
0.6038879221471107,77403
0.74479268091758,58163
0.2506884958734654,31720
0.743228143769266,2057
0.05982480603718695,51242
0.11251273963198946,67688
0.2529978440485583,63332
0.12218535486481577,24068
0.05299554186261561,48614
0.9518101586640468,21507
0.8527494440863873,6016
0.027014032619810335,21107
0.6924781571901466,6648
0.14174589239486265,67789
0.06271609048512278,58172
0.06100207671919974,71333
0.07145461561845451,69545
0.02416049607031257,61008
0.020733719348431434,57392
0.9506942342349373,28646
0.9998923892806582,70961
0.9508226738388272,52743
0.02839186569259047,37945
0.0693848506103286,27730
0.09624653330463837,17402
0.005190559799560169,30610
0.39866311315225067,46746
0.7210635350217516,6591
0.1648236486360557,44541
0.8281248431366124,28831
0.06806022466166095,69924
0.11395851645467238,21171
0.9998923892806582,52808
0.09349968556214952,10141
0.3575540453395504,42155
0.15764156103714955,34061
0.03401494199620157,45464
0.44463627632722647,9603
0.25523642791125767,12920
0.7515898766296414,57870
0.03339749217061193,3976
0.09541933158211183,57541
0.6280801241130494,33888
0.445900722566487,22771
0.039772228632803254,60675
0.9875091771745224,23734
0.950630431364454,17588
0.2995302177546657,67102
0.8100951581973999,9180
0.0906518591018795,37631
0.9518101586640468,30857
0.4630803954955931,71416
0.26994327221293046,42917
0.07477038546738475,73919
0.8141638070057022,9781
0.03980413685277708,16026
0.6125325668080026,53523
0.6755383070182926,66548
0.999879558034636,1179
0.5925218631373881,9997
0.724563307518962,38701
0.3637976303484126,53579
0.5503219225295821,43049
0.4957221214203234,64157
0.09176859512283914,28767
0.5464967914524765,74740
0.9457013595648569,9107
0.2996112536763209,61000
0.1824630963948236,56320
0.9529251488492347,68255
0.06385357983048373,26353
0.036309688618353445,34235
0.08245510861939116,73178
0.6705592277860067,64142
0.3188602399241356,5838
0.3244763066728474,17830
0.17074370907469658,47759
0.5037361876185751,53617
0.4295742761814324,7109
0.329351057794511,77264
0.7532156401301529,68410
0.21182537790160294,33054
0.3313778105866142,24372
0.753577895994774,50574
0.13961857810533312,23196
0.5534598414711968,62403
0.24467760248930387,12675
0.07233182812733498,58177
0.5689688727014345,24501
0.08019018394215782,55383
0.054471420603097995,17853
0.030175125267720218,41510
0.3782678217371069,69643
0.20363677572123934,29779
0.3756406404077016,11102
0.08623601995629401,58907
0.2708501110129425,33291
0.7522933638953646,52605
0.05771058946456756,3049
0.20574400179852256,68333
0.12227291758863199,49547
0.15353128860029921,44714
0.849479489684399,69148
0.9494331272318014,34842
0.07506585228767929,36815
0.11580826269651956,64468
0.7639664296368478,701
0.9494331272318014,72071
0.2793344382513401,29811
0.5464967914524765,77060
0.19438416881696144,50889
0.4969441018048179,34748
0.33792940597174365,26440
0.5464967914524765,31479
0.04210546828434196,2068
0.7246887770380026,40671
0.3394948702573983,9176
0.03403893701473141,16013
0.5710318418650145,72391
0.2819237820481071,64709
0.3294552874061374,42845
0.2766978975039927,17677
0.7430674536000188,55589
0.04079428445315265,59674
0.0363715412042481,53598
0.3879177810512403,22278
0.28149117894986014,5920
0.7180877286999494,65404
0.25364896394255443,56310
0.03106062315753881,35830
0.08666644389634552,17541
0.19324112594965015,77218
0.4220594305139731,40119
0.21332734861944067,70326
0.14302569641534593,54607
0.5032051698037702,36525
0.5622938683129471,23551
0.5446343141224459,2920
0.7473690084259954,74115
0.1825119186355745,44772
0.5331661354398238,70942
0.04287239117644602,52777
0.8090132439176511,21022
0.31600837448486924,41647
0.2996112536763209,35733
0.5464967914524765,57694
0.7522933638953646,36524
0.8500441912266652,17389
0.502792737187066,22355
0.9467064839860035,77528
0.11393445188076061,18749
0.34066345062027503,20406
0.1832393255139534,30724
0.4957221214203234,10935
0.08107678308000726,70421
0.7522933638953646,30805
0.032126282853297806,23413
0.7556161423403679,70262
0.5541406897897488,68710
0.7114263515240715,67438
0.006895794930980717,73114
0.1489775159652594,9496
0.4019476149010259,7594
0.9511908623836084,18867
0.9467064839860035,60286
0.2606098489519303,25533
0.5331661354398238,51525
0.7505348326271026,42096
0.4969441018048179,78929
0.4831755213710126,56299
0.08496763134718165,42382
0.7155777759365605,54837
0.9529251488492347,75823
0.3371035317879427,63282
0.29967705398903965,73518
0.9511908623836084,64055
0.6964502535867401,46648
0.33100274429271287,738
0.042126922602412804,29474
0.045388296822779374,60659
0.2641042717898293,8834
0.19999791425636246,74416
0.9527407128740024,77490
0.3349965703684089,36418
0.1820391208597169,78287
0.26984602303971356,27550
0.5473223542794445,65903
0.14752003185905982,34627
0.17903271705337154,45332
0.9999023521999977,59684
0.7380872678500646,130
0.3710332717044747,24978
0.01593292094286372,61135
0.3383427537948921,64968
0.29326191113711614,4790
0.7362951392322109,32399
0.25221545284775965,3195
0.15172447696354993,31017
0.9999023521999977,47199
0.02442218721887567,23325
0.66004425153079,14397
0.7754997528171497,30395
0.8077816963774247,13150
0.25221545284775965,61527
0.2387451122949256,36172
0.99961583442797,29395
0.4221073997359128,25601
0.7081197522265705,62326
0.05630090815196546,34422
0.2660704584284507,37791
0.44144700709526896,32751
0.12947897982292364,9821
0.25221545284775965,33923
0.8052958471513874,59630
0.8462986740641179,9458
0.2553245946239808,55439
0.39327673696738435,53630
0.025561861639960402,65556
0.011269906872235603,75188
0.014911761363739123,23730
0.817345926436543,1644
0.25182176363084774,16278
0.3226601864628483,62287
0.9999023521999977,62130
0.09365456420913836,35256
0.03533810460020856,69033
0.5845987086239192,24943
0.9999023521999977,56540
0.4382394208881115,62426
0.9999023521999977,36137
0.3654296244565761,67858
0.9999023521999977,18641
0.3012257266762199,30487
0.8039133418781415,27526
0.22111861674316124,78192
0.7739504524173553,41202
0.3046144683074194,44776
0.5389150063760947,77839
0.7812228887682883,42927
0.7746149789884569,50802
0.7244989019242577,66320
0.793032026949854,43096
0.2553781491135566,24344
0.24753846496050708,51467
0.3702385909993763,45694
0.8159697363240838,75018
0.1306269805724196,7895
0.99961583442797,40417
0.34248999342647196,11274
0.24251819259537793,74256
0.6226220372256129,14630
0.2586604694321026,10349
0.12598801571983428,48989
0.7746899207270647,78270
0.14295137021986,33520
0.3181928560548021,10274
0.99961583442797,67941
0.17185257457795444,77832
0.015954075901118005,12836
0.32637264276536604,65228
0.08413473371859932,77135
0.6616737218839095,34855
0.99961583442797,70459
0.30175173162593594,11845
0.7379173063502467,51955
0.38609097953880267,56211
0.3488619547472501,46116
0.01593292094286372,73020
0.1096550039762774,12865
0.28738153946556866,54819
0.11315879096700222,77078
0.0859519561685584,61218
0.22345604897337928,35598
0.5879396799473642,14719
0.3515820888272068,48721
0.2553245946239808,68652
0.34180564276099656,44221
0.01195959522958751,38080
0.44144700709526896,15785
0.16282087834862732,26521
0.09184150035757897,69122
0.3059366056312088,59955
0.04859077482266398,19674
0.9999023521999977,22344
0.05601636742860522,49692
0.07983675301280688,76112
0.34170207382518647,73434
0.6977524465098399,8753
0.01165173663919707,48952
0.4198481087629934,30658
0.02806355776480917,55417
0.6761118336564996,79005
0.5237231035965291,75831
0.3790952641109082,75527
0.4245189363794415,33557
0.02534318142990282,28358
0.738976446837502,11124
0.47234031716388664,19930
0.624007870311416,55263
0.33214887676045113,7161
0.35815054428696846,47952
0.7410975652600047,46000
0.38483864456276706,44401
0.2846745922059044,18884
0.016385762491979407,36181
0.12650590251813082,10109
0.4594089264507226,15637
0.8159551051464919,32744
0.2700192887781597,48233
0.013556617972973813,39138
0.9999102571981675,17423
0.6954143871369591,24316
0.99961583442797,67270
0.7866045975468752,50303
0.8388830561504357,58074
0.09676895094634172,56832
0.01647457613683943,12198
0.028384905270392582,8735
0.7535647615996515,48839
0.08813823459743464,47970
0.6516222471105642,54314
0.7583402454640001,13369
0.3007625838573528,26721
0.18310632311983088,75568
0.7075705174739795,3292
0.3529900667497166,17339
0.48592443516701067,18080
0.22126274826452427,34721
0.36164119570849884,48087
0.24753846496050708,10873
0.41059583939391786,58189
0.3118902833127274,76245
0.24753846496050708,17427
0.32516883207752767,73268
0.5538727991538176,66261
0.7217885436611784,1784
0.6584136711595714,48243
0.12170675167081711,36231
0.21209411136741046,50529
0.40014888178993313,61110
0.6310684067360743,48466
0.3559030155186951,31796
0.2717658847048129,5463
0.9999023521999977,68745
0.4284549654375083,78544
0.11572209765085388,67004
0.5715359214398756,65952
0.8331452051717146,68756
0.36622448131246327,15874
0.23325758265606752,71838
0.22948215444560832,8968
0.385287567945744,77345
0.11838065881693086,24658
0.3803150902692658,17413
0.38186341411454827,66433
0.30076305507982565,14013
0.356637939041076,50711
0.19121395799865437,68013
0.25869586343813467,23909
0.37136329153208825,26142
0.010152349216259647,29191
0.39741643533038,41096
0.7302664493044327,3450
0.3696617237418036,10052
0.3456888785381491,49193
0.24193362172215688,72031
0.047248744191461196,16226
0.051171849199304675,55724
0.3621681212029751,68151
0.19805305346548102,7142
0.45848714052700523,20911
0.6979224024411264,31067
0.08533425838787334,42136
0.43591122496438617,25029
0.6259688237297705,53080
0.2739781125732296,53107
0.10627731816714879,41233
0.15238960637951612,20344
0.24083262567774893,41539
0.23383966790923913,62186
0.3753076994463086,76599
0.029793642113898275,68979
0.2542226624256069,21706
0.8586369737952498,64704
0.23341675609348375,67985
0.2312421400350534,60583
0.22948215444560832,40822
0.013390607505590632,67023
0.8238437149417315,53122
0.7452493111289752,31088
0.1267132832151038,19159
0.3259836288380626,76991
0.6537554519067643,62409
0.15509352953160827,664
0.3803150902692658,2119
0.280436520656641,14072
0.8003072925003882,1131
0.39144040464679686,63220
0.09525066116232715,60309
0.44944792931093674,22234
0.38815899540930227,5398
0.2307290189828362,32047
0.8097165164272926,24669
0.6383286181643529,27572
0.386826808781376,22004
0.3259836288380626,77616
0.6296554361110116,44259
0.1267132832151038,5621
0.38533389315638245,31953
0.4621571127348184,71354
0.7384895533659053,15065
0.28384186911584974,1239
0.44591064229959054,6660
0.3120896653498382,59758
0.7993302379467825,6110
0.1267132832151038,71204
0.32402727965837125,55216
0.1267132832151038,15584
0.12237805682706976,38893
0.7768193663135924,70774
0.8359863114964093,48323
0.22717844128513723,58169
0.13819536410201713,61672
0.29306579669753874,67558
0.5341480787179336,6662
0.42870851107017194,6968
0.4845092273969249,39428
0.8153570419575995,18281
0.6304417897637755,50512
0.19596750304047278,50702
0.35925199537929947,12304
0.28752425101788254,15304
0.1678396068642517,22033
0.4639464924926585,70845
0.02377461373784565,27950
0.14291869617083325,39236
0.3783650740719797,41099
0.8202944592198459,47453
0.2602625893335695,32629
0.2756753130714517,63961
0.8343822705512308,15325
0.6087710165093341,21388
0.7793540831232835,58921
0.3804813786613592,10961
0.3401473987473974,30012
0.6914263144346003,73289
0.6063013953548212,2065
0.7010581685854638,63555
0.2896673968886484,24513
0.39584517037574135,68679
0.4070209136381794,42950
0.8080984676135435,77460
0.5478277749128782,52190
0.11702355516374972,51713
0.09583131620182188,62127
0.9843286078667746,57354
0.33370679709931034,63561
0.5682631013660351,24120
0.8059932798499203,2803
0.9846604730264645,75987
0.2730495387807196,9146
0.1942351871456044,14879
0.6114103572257732,47729
0.7738350144378896,25907
0.1781757919354852,68281
0.6649236232430144,42370
0.7816535902497764,68999
0.35481057015273265,21237
0.2978307345156853,15016
0.3490836768945862,73372
0.5593360465644401,41517
0.2707526808538071,33701
0.13788633362141667,79234
0.5403455494795479,14334
0.2844274870952859,20172
0.13447331052749806,30285
0.7395380417210157,23217
0.8288921909899925,78805
0.761871240006005,61573
0.3868591236163157,32407
0.7156463797405834,55209
0.34269612794508186,37556
0.7210890198308559,52343
0.1464392176768513,64855
0.3347931919096421,2077
0.3680057803139405,43795
0.34438222774459265,25667
0.6020498025535996,22821
0.2588581197313624,2675
0.30733849326620816,67582
0.08309319300798376,21384
0.9843286078667746,27191
0.2579763270317953,14835
0.9846604730264645,59
0.3868591236163157,33242
0.9850889901892304,28208
0.2389062711771423,48504
0.4561475607218791,71019
0.7503863388790407,30130
0.9853688533864469,21748
0.9843286078667746,39045
0.14128983243499668,65232
0.17660993552195467,12560
0.8043668597157438,49213
0.2554757160560295,77564
0.016277334148418022,1294
0.7481578041973095,37665
0.4561475607218791,74884
0.037394663877850585,70633
0.5276904069561864,7122
0.7644067811509674,5167
0.24000077302342937,48071
0.3544630853830243,33051
0.3825151749007194,25334
0.261170505971058,45167
0.4674891683580096,15495
0.9846604730264645,58901
0.163061344102107,61041
0.09715088170423489,66770
0.9846604730264645,33088
0.07153850467911345,78926
0.38149959902157565,5251
0.6958997847453466,38293
0.9833959414577981,17045
0.759328540227814,60986
0.32971149171286357,16012
0.323318482523945,41354
0.5825001463948312,11331
0.1342222229371363,64321
0.9999231792569421,32574
0.9830640762981081,26235
0.057632154555870105,30274
0.7386326009566622,77157
0.407746383397919,49337
0.25025810370571155,39492
0.7738350144378896,45112
0.05579808316973016,77956
0.19914261808561445,58731
0.7648453906208207,37694
0.3526558752688504,14324
0.39474402299705036,9048
0.8055386014144655,74382
0.9846604730264645,61684
0.05244844921429172,44942
0.9850889901892304,2954
0.31522547743789586,1608
0.4391404542329444,54392
0.9847571250295404,77076
0.9847571250295404,61590
0.747518737246342,16286
0.9846604730264645,8292
0.761871240006005,61103
0.7386326009566622,77664
0.7001030453978461,37205
0.6927868646686982,21054
0.03272295777618668,27042
0.7748570761724984,69105
0.3362651223259218,23119
0.9852345673536537,8130
0.9998854708301517,54460
0.4485605351238092,16149
0.08273407698503406,864
0.9850889901892304,24799
0.9846604730264645,42531
0.19857597614078532,46455
0.9858225406998176,10474
0.17752764665217402,22517
0.15927130383885513,55091
0.48374702323201624,2822
0.14036053155186132,18406
0.7217622958352021,2165
0.2248865934324737,5281
0.8016087446991829,18941
0.9846604730264645,28184
0.8332430119936717,39858
0.3102045227196362,19729
0.10414822217141288,76333
0.4093864737635762,68637
0.24763411435102806,70631
0.3210939893319209,68124
0.1574856152702064,74111
0.44727160292128454,42838
0.29711701333072926,36735
0.19223893691444227,71375
0.24467374958074536,49030
0.07149862653501907,64481
0.5261671843405424,39910
0.3795122015913276,4984
0.0410190611115165,32978
0.3006030943467114,16140
0.3310066663028002,28331
0.08502846337547695,64483
0.849451869188021,59811
0.04179268504601423,68249
0.6531360855219024,1562
0.43835795288490725,41754
0.46556537425433364,22881
0.09634423218038589,70948
0.3042482460122136,63945
0.2510010658464722,78408
0.7406098925139657,26762
0.4560402069178864,25278
0.18402328772299198,77781
0.719070902234378,53010
0.2090473715480978,5951
0.202267279447461,13386
0.28572766831572777,41731
0.7326362950643397,75796
0.08944335772065595,3971
0.7129870511138436,63328
0.05469010094069519,59431
0.590758586204097,72398
0.06286366928048552,13602
0.28778005083789876,54919
0.08749860249790319,37079
0.13989171768981443,2590
0.2460879225156213,50156
0.4430647979023005,40463
0.7267032333074168,42968
0.19667314398064878,76916
0.32923007820582295,4722
0.15470733627559985,16067
0.3006030943467114,65995
0.14199647733222556,68802
0.7007129150227334,2556
0.23828423848667385,44558
0.033069536226519244,28806
0.0766633049064321,72887
0.07007217228342756,78986
0.3917156850951406,58229
0.11614869022616693,73144
0.7458159269929725,72338
0.2967969893441849,15490
0.7624437363841321,77254
0.1558246566923353,44139
0.7406098925139657,64513
0.719070902234378,26672
0.15806462988713102,9370
0.2769632370675902,24126
0.3275692490016892,19862
0.11186586271848985,1011
0.08715085773218904,43615
0.0796216279064058,48709
0.712897638501278,5364
0.4015410397586501,1506
0.14530966906320478,42735
0.35381968052747415,22696
0.688617467139034,38234
0.12361037077612172,19284
0.08241084680607916,40566
0.08832597147604387,56551
0.21004600711476665,34112
0.03329957591051099,49080
0.23639973363757502,24936
0.06679630166774343,33543
0.14333110371559907,7408
0.10946430375330195,17014
0.16927189230334147,14861
0.23119558825910277,3087
0.11161324499315811,78996
0.30887008583461484,30341
0.33579457556576164,32487
0.27780533399190965,59396
0.0633183825436248,10247
0.06345910132995784,60361
0.050322887154699854,65283
0.15978846718040798,78895
0.0844386735790782,17749
0.03533720240337847,40712
0.4430647979023005,57115
0.06449535228113851,58621
0.2490025433018476,56796
0.19888974249762198,31829
0.24250159830961382,21149
0.1583696370164947,71533
0.2994138759719276,8390
0.7315181745369013,37740
0.03631020690143129,20100
0.05892068205108946,28185
0.6610611462880187,40383
0.6310063007991942,59999
0.2043412910750677,23089
0.3045035431918461,23660
0.18872751738260002,50527
0.07887289567302927,31148
0.30387264685433796,50776
0.7379060370805447,50389
0.7256219606242854,21537
0.7179404487933438,22103
0.3272390095467964,78614
0.3006030943467114,35163
0.15260219715195275,61341
0.45097164830645853,24884
0.03990580663811642,5770
0.07887289567302927,20548
0.9998217417111646,18947
0.999935442462884,49058
0.99980778711964,22069
0.99840778711964,26256
0.9998217417111646,40541
0.99980778711964,6614
0.08228797768354133,52238
0.024287582488694812,66490
0.028886334449721135,8084
0.040303613179932314,501
0.029975074082080593,2336
0.99840778711964,70473
0.99980778711964,66488
0.21970899240203126,16653
0.9998217417111646,519
0.99980778711964,32152
0.9998635974250292,7160
0.9998217417111646,68213
0.9998217417111646,53969
0.5390008424339758,6361
0.99980778711964,26584
0.33427941756021207,56142
0.7339135307963413,31281
0.9998955042327156,6655
0.8003198427131192,50090
0.4072143261208803,45453
0.08666466208104948,17374
0.7490967552130874,59614
0.09253946486875589,57278
0.9999486176849716,59479
0.8177490232365263,4966
0.9985225361282744,37118
0.99980778711964,10047
0.9998217417111646,52272
0.22244328537142538,11227
0.9998593710066783,64058
0.7244117964663634,70054
0.9998217417111646,6219
0.9998217417111646,25237
0.99840778711964,71234
0.9998217417111646,55500
0.25957273803493897,71015
0.2409450658197708,52197
0.9998217417111646,27567
0.5907359690794621,79228
0.143858232251333,15635
0.046381117039817454,62899
0.99980778711964,74052
0.9998217417111646,42279
0.99980778711964,1770
0.9998217417111646,26284
0.999905258602237,36477
0.99840778711964,51941
0.9999125032984888,32747
0.9998955042327156,55832
0.99980778711964,77606
0.99980778711964,23815
0.06478600699413713,52715
0.9999125032984888,49283
0.7385087259021574,27836
0.9998986249990123,61065
0.9998217417111646,21303
0.99980778711964,31424
0.45545519058522377,75763
0.9998217417111646,21967
0.07158198093181493,9816
0.99840778711964,13787
0.29325909119814414,34594
0.9998955042327156,60522
0.801466261168982,36673
0.99980778711964,71642
0.9999125032984888,15649
0.999935442462884,65697
0.9998217417111646,56791
0.3359709771879281,29179
0.9998217417111646,22062
0.9998217417111646,22151
0.7203711596684184,65229
0.22066295756432808,69546
0.3503640800641707,79159
0.9998010549401635,34985
0.8469426260794519,39098
0.9998955042327156,28369
0.12151156327453191,63970
0.9999151165313471,75363
0.12227474696472247,33167
0.9999013228056981,69729
0.9998217417111646,27372
0.233763020595038,29975
0.7207453642097442,20456
0.9998010549401635,72641
0.99980778711964,10307
0.8289670650249252,12944
0.9998217417111646,24724
0.9998845835855673,14878
0.4274118740319162,58261
0.028595759022119575,69045
0.99980778711964,71286
0.9998217417111646,77049
0.7086404479006677,46340
0.999905258602237,27800
0.9998845835855673,58529
0.2229383556897522,64601
0.1557555502720992,49528
0.9999151165313471,75352
0.9985125032984887,48198
0.9998217417111646,20427
0.999905258602237,65500
0.9999287170445106,35086
0.9999125032984888,57880
0.99980778711964,32781
0.2963461950035192,9908
0.9998217417111646,48416
0.2171408683056724,367
0.9998217417111646,56960
0.18898164937429573,18911
0.1708266635269667,8670
0.9998955042327156,52358
0.7979750646021647,51043
0.9998986249990123,63784
0.030977270923513295,64176
0.999935442462884,62073
0.9999138507320184,38735
0.9985125032984887,23058
0.99980778711964,61249
0.20864926269946465,20999
0.05217617310046758,45898
0.9998217417111646,23534
0.9998010549401635,73751
0.9998217417111646,2666
0.9999151165313471,62462
0.9998955042327156,6034
0.28666046088742286,16926
0.661979761458179,63546
0.7141271012951415,53975
0.055338284207585645,24231
0.9999569776492121,31254
0.3518260799478567,30695
0.04129121717574583,49607
0.2836318499392278,39727
0.99980778711964,65701
0.2099000731379029,61197
0.32968149518305834,55893
0.026572057851774883,76569
0.9998217417111646,8304
0.9998277555872964,46628
0.99980778711964,64166
0.9998217417111646,67295
0.9980644043561937,71464
0.999905258602237,57444
0.9998955042327156,74411
0.05922608617931251,77873
0.9998845835855673,16121
0.99980778711964,10664
0.34582330341330214,43725
0.23956423276057434,58178
0.2536308161536901,4788
0.9998955042327156,59052
0.29514291881126076,26926
0.9984217417111646,68109
0.9998217417111646,4475
0.99980778711964,8262
0.029422066426527387,43492
0.99980778711964,12280
0.9998217417111646,61275
0.2485528779826263,41535
0.9999326035451627,33702
0.021910385567617898,4356
0.9998217417111646,75163
0.8351662737729437,28888
0.9998217417111646,54958
0.7060573091443197,46430
0.6854768930348933,24284
0.9998010549401635,77471
0.8557285319982864,43153
0.7589876331397383,52093
0.7339135307963413,77258
0.9999013228056981,77165
0.9998955042327156,16239
0.3112709221074184,74362
0.9998955042327156,15555
0.99840778711964,11067
0.038425611382070846,8263
0.9998217417111646,66341
0.7366382322153996,21860
0.21762336136107965,27281
0.999905258602237,22381
0.814214161427844,6473
0.9999307507585393,75029
0.9998217417111646,52332
0.9998217417111646,17337
0.9998217417111646,12908
0.999935442462884,52500
0.99980778711964,57073
0.7184278305606342,5001
0.04344666008221779,69387
0.30950997698257715,74262
0.7429647359463726,42501
0.9998986249990123,27274
0.9999315484618325,26863
0.12659757779905043,45960
0.04799109363631815,77503
0.9984955042327157,14991
0.99980778711964,9040
0.38267984435223346,35179
0.03203842432077368,16209
0.20726846276161096,75505
0.99980778711964,11171
0.9999013228056981,65383
0.27516039919757024,17459
0.9998986249990123,28843
0.8206731283896396,50925
0.99980778711964,62198
0.99840778711964,59332
0.9998217417111646,54338
0.7551977660912752,8367
0.5138752799883878,44159
0.999905258602237,25910
0.3195627523750244,75567
0.2575135766095648,3937
0.9999125032984888,10177
0.3732461459946242,8044
0.9998325450618109,55492
0.9998010549401635,49457
0.99980778711964,12704
0.03834100487055443,70578
0.9999013228056981,61744
0.9998217417111646,40534
0.10807783174496982,45589
0.4293835233330676,76995
0.8202074680626417,33960
0.9998010549401635,58195
0.05204754124519663,59185
0.9998217417111646,40659
0.9998010549401635,28571
0.9998217417111646,52159
0.791130130634499,43774
0.06888248097419573,17336
0.370735138444849,32077
0.999905258602237,48403
0.9998217417111646,45077
0.999905258602237,33237
0.05493968751185825,13013
0.7685260588302788,43189
0.9998217417111646,26559
0.29013124242169896,22484
0.99980778711964,15847
0.12422443407239724,4258
0.9998217417111646,29313
0.9998955042327156,49770
0.9998986249990123,5055
0.9998217417111646,22290
0.27859268176127044,14282
0.9998955042327156,77991
0.7184278305606342,19645
0.7395282408591144,18372
0.7161114624791317,32549
0.25610159842620817,77917
0.5193869962682259,8759
0.03167254202371061,56417
0.03679610794386526,23708
0.15428774802852424,23396
0.9998949399408745,75880
0.1841875170938877,58466
0.4863604341892275,8700
0.9998821086948524,72918
0.7313861545297786,29534
0.07715814677292801,38287
0.15262407686890136,44362
0.7792785871800718,3527
0.7359913388363768,79244
0.44398837035562055,10028
0.2122135861476533,17246
0.49271881424141706,14619
0.04175901741575977,77262
0.3257260804752402,42003
0.43111208935529655,10783
0.09458799187918404,58327
0.19713987673845373,17168
0.9998949399408745,2597
0.09426638634298977,20873
0.9998821086948524,34811
0.47462625799413044,77913
0.2697715415815778,8725
0.3495934642663575,52186
0.7302989995308324,33369
0.22731592071875845,58210
0.038517659985900204,56579
0.27442496003702105,7505
0.2539214036910165,10427
0.2509846921138214,67213
0.23978185011808628,56334
0.24236304925830543,20450
0.7711391403199215,14320
0.22473955147945224,10385
0.21261202648394373,185
0.12691331961055252,4353
0.7796997571110974,78200
0.502366126000581,23529
0.24408623496050005,22449
0.0278583522131429,46862
0.8894746729393463,68874
0.9998821086948524,24195
0.19303661997329463,15155
0.7945106036027858,5841
0.9998949399408745,6564
0.3158079091605732,77619
0.7483409438902255,76206
0.03827247298723394,36154
0.22130085601635935,76683
0.6510944630794296,76932
0.28745258188986056,60063
0.9401132426160994,23439
0.9998949399408745,58601
0.44909103192351135,14709
0.3271423166626272,5386
0.0475378821430068,10833
0.7026756918941879,61725
0.9998821086948524,62002
0.7231621112428861,63428
0.23232279409125386,38786
0.7740415109313823,20944
0.7432127864476207,18670
0.22961602019094535,41299
0.27434949090273086,6474
0.9998821086948524,25913
0.4357849125712969,13691
0.03730873126204811,66009
0.7746873766374924,4682
0.6904706052110101,60263
0.4382747791810788,45679
0.6326862026854125,34890
0.317596018816786,77627
0.30691607670968735,68241
0.2246418542079567,10120
0.25674907231262656,20512
0.16545160206226608,44589
0.7651981262854067,1529
0.41992399615797865,15820
0.7283098836557699,24957
0.3853863068672122,3774
0.2246418542079567,29697
0.6169223789958936,35659
0.09876490449067772,38136
0.29624650756955884,37623
0.048419191822976916,59920
0.012541030910349991,14736
0.1697894837543955,66814
0.2848592790586861,67189
0.01315810479519798,12938
0.015467720794063992,60858
0.011545592827428215,62104
0.831260901945419,31140
0.11520822660126624,27327
0.3589979573288712,33953
0.765134309474993,73193
0.012765842111648384,3007
0.7497007758184244,53150
0.30089216066261304,6567
0.05463176832442608,43875
0.010223452154582308,73081
0.7500062985693235,11481
0.3445657745128353,74310
0.01499561697982947,3045
0.26070766548009544,65962
0.07419945472656087,14752
0.1643269933190601,51164
0.09342488844727463,14179
0.2029106529634043,21653
0.1464190711688501,29955
0.8105452378841286,38131
0.3684733269073967,5317
0.41142497710310433,44105
0.08053310900802871,53517
0.08085915313527565,69578
0.34725529155894774,35195
0.07826560694316416,16491
0.011798162158210937,68929
0.03765009554193663,4112
0.7963182459197868,31669
0.7497007758184244,69150
0.04946019465689908,60559
0.4082051932771068,4800
0.1022755675199347,30277
0.03765009554193663,43889
0.7451103080635477,36680
0.7336577057839334,78808
0.07201298609277827,78197
0.7972035405169171,74532
0.029149415992549506,9880
0.6366449658662865,68850
0.3034705917370344,78716
0.10255882978806008,40431
0.0026697661577702128,32647
0.41113863986167476,9306
0.8159267524070977,53178
0.04093213411995001,45987
0.7275340491463976,58814
0.541012614032678,27570
0.1348030307368831,1437
0.33130779291086254,16313
0.28034325731067117,30499
0.03765009554193663,23454
0.0725963234888253,17660
0.011947993699184737,32807
0.009802439301212678,49863
0.018845206632387236,56378
0.7179354413046614,9902
0.6791740967721387,51285
0.04439159268703141,35887
0.8153910565371321,36623
0.44988001202809474,26039
0.7625918791812626,78398
0.010913875716003985,27485
0.03662084411701987,64772
0.820231213872584,28893
0.42543064201723524,18067
0.06308143745422054,26297
0.33383734510678664,20552
0.010339148911113687,41599
0.01608553238228718,4133
0.05499665025776659,55920
0.5933636377747549,60973
0.7556207966379462,63911
0.12306112751069066,5316
0.274978396412054,54611
0.7841616295469012,12421
0.7722471582383481,32665
0.28945046649571066,45490
0.12640553792092094,77573
0.058456780379496726,23564
0.27951795580893546,59887
0.315678716102947,46026
0.7722471582383481,39239
0.0202736787466427,77102
0.2809018682208452,15783
0.17679165768506122,26220
0.011947993699184737,18180
0.1268438637375842,6835
0.010339148911113687,71256
0.04031840002232388,30717
0.17146301028749023,17442
0.735471876459445,40456
0.5854909117411953,7700
0.03951102533707318,30474
0.19056856607453249,26544
0.3003396424609902,35320
0.7554246332470625,4523
0.009983877780665448,60136
0.8074884058278283,16830
0.2579523764335512,34170
0.06070841239176843,58066
0.7338254093826716,53953
0.2507422991524153,66894
0.06637421962444456,21008
0.11400427882398222,50647
0.330329071890369,10468
0.5524718172285492,69494
0.7333989367553873,51313
0.794365964354909,24997
0.2653092544976904,16247
0.0490606927940733,16669
0.27626391096172986,32420
0.2815905169547613,33767
0.525387991070503,35651
0.7699003763285334,63868
0.7709742243190021,70733
0.7379199998287251,65268
0.9908661837110528,56307
0.3050672346695287,67130
0.6428743713348944,40130
0.14284073644472925,7170
0.22472273463592882,63767
0.41438138949909553,28411
0.4234634682316498,17385
0.31951261394298286,29946
0.212579173718821,27822
0.012869518150902063,37050
0.2745731904569879,78075
0.7933718716334837,49455
0.7504095526461079,19492
0.2642271804161622,23915
0.3066476317240002,23425
0.22316074591851062,9749
0.7816787276066456,27968
0.7533601545243036,52814
0.21331402065397684,17810
0.8602971155473094,41121
0.06915677653702301,2380
0.170490271673512,40169
0.23953094936584127,17546
0.30002598103530437,112
0.9908661837110528,62997
0.3484612971136091,24727
0.34402599426316177,67787
0.640609329771297,66756
0.4654768223437902,9389
0.7489362283745065,28894
0.27561253133822894,7394
0.5105037147181535,34143
0.004861938210195747,39243
0.6963622249548724,71413
0.2160285325016546,56333
0.7613502063994984,5703
0.04143517642372583,23405
0.4234487537561843,27384
0.656312667056256,65908
0.3052612744569086,56106
0.8278437577374961,47420
0.018077150982634915,4943
0.3068177519030625,6260
0.22316074591851062,56752
0.38701087140322565,69971
0.1938199965383287,50698
0.9912148017029578,5943
0.06510176214244678,39245
0.1963892477555459,29655
0.21820642664227655,74650
0.10482041630439805,59487
0.328525873993024,17033
0.305367736460386,69602
0.7557625941636765,52928
0.5003306385592239,47388
0.008475522822638212,55373
0.3101629252284294,10432
0.21081367632699505,60302
0.656312667056256,23796
0.9908661837110528,3685
0.7528504685601216,59785
0.4552617186193,32295
0.3801866464259904,35250
0.03525743748136999,50255
0.990633618017183,18243
0.1624991250728952,35417
0.3052612744569086,7533
0.32078077009114464,15235
0.23333142270517054,23704
0.30683349335601134,51409
0.36314468788464743,34371
0.4626504352514963,48470
0.7537410839247236,14373
0.19013288303177286,52628
0.7515889319078326,72478
0.26358450915968035,15330
0.26127555869161107,69489
0.29701837500937217,9462
0.6884221220273664,73766
0.22779588444700713,9841
0.27590700634998205,7465
0.8778957699530567,56956
0.3627667256182199,22206
0.771810329867082,52453
0.22898830362049022,35140
0.9908533524650307,71637
0.991446329857475,21160
0.7524964716549318,15931
0.40338036558292406,44846
0.09276647846521277,34593
0.2642271804161622,62986
0.5569132823304805,62799
0.010516901661842552,19797
0.7428144759957407,3852
0.4368998863802896,64890
0.17490323212502037,28515
0.9908533524650307,16747
0.7320126709834737,77994
0.8254961350615071,30983
0.1698541312495489,22427
0.7698118184488811,26733
0.2154817401474983,43201
0.3052612744569086,60841
0.819158520591109,43086
0.1413746576199489,36376
0.3169276190272401,15590
0.8278238491932817,64410
0.08057809518433058,74909
0.7614431811837791,38922
0.36798097607017594,1321
0.30890601633642584,78343
0.3557763695598924,43337
0.6616040971740952,54533
0.7487976311197397,55333
0.2210839828259701,40079
0.9908533524650307,18331
0.38801891091776475,68564
0.9908533524650307,49608
0.4017523681316255,8487
0.01313257633697491,66088
0.7659098160039057,20861
0.7087776268942085,62295
0.998954633592674,54487
0.3147595856476182,35572
0.998954633592674,17431
0.2923915458518427,52222
0.9901145147316146,95
0.9983744874462518,24010
0.3387117297273186,68065
0.998954633592674,33683
0.7273577968235743,67259
0.8160523312644498,77803
0.2122677274754285,45057
0.9998924206402475,35381
0.23887569926666904,14394
0.998954633592674,595
0.998954633592674,10634
0.9901145147316146,76757
0.9998884848437084,40642
0.998954633592674,39980
0.9998924206402475,66747
0.29129504748616697,70436
0.2913141264342953,45102
0.7273577968235743,72376
0.7454179385609528,59020
0.998954633592674,19164
0.9998115649501482,62245
0.9998924206402475,70038
0.39859333314344564,42890
0.9998115649501482,4902
0.34022831109305995,18384
0.998954633592674,41522
0.8049153024321922,21530
0.998954633592674,21953
0.998954633592674,38350
0.9998115649501482,40879
0.25865527482414413,64335
0.2765822357474642,73828
0.998954633592674,31510
0.9890238364260102,69930
0.17068662390977152,51844
0.999790574224398,44346
0.5445330784259497,76549
0.9998884848437084,17311
0.998954633592674,28751
0.21758603399707743,53244
0.9890238364260102,45512
0.3288954934495651,43099
0.998954633592674,14003
0.999790574224398,30400
0.6016233355390223,55044
0.9998115649501482,42801
0.9998924206402475,67053
0.998954633592674,13622
0.45936353258733303,17717
0.9998115649501482,41993
0.998954633592674,5150
0.7617254544634809,15116
0.3285120278577197,43291
0.26245060024016664,19073
0.9900916527269561,212
0.8398059122822759,77468
0.9999268298805014,74653
0.35488443546763504,38806
0.9998924206402475,41292
0.9998115649501482,13066
0.3552397645213192,62970
0.998954633592674,20240
0.998954633592674,45074
0.9989623469854666,44859
0.9998924206402475,16008
0.9890238364260102,59226
0.3282923600375477,59233
0.3957005153698443,24893
0.9901145147316146,59268
0.9998924206402475,68718
0.998954633592674,27427
0.999790574224398,74550
0.998954633592674,70493
0.9890238364260102,44110
0.9989699861840478,78340
0.2678983113957605,8251
0.2222397278220416,5363
0.24240465684134677,62498
0.998954633592674,66862
0.9974032784737412,6386
0.9998924206402475,68532
0.9998115649501482,15170
0.998954633592674,73466
0.799787795871566,76751
0.9998115649501482,33845
0.9998924206402475,13247
0.35215190907075555,18319
0.998954633592674,76652
0.9998115649501482,28306
0.17936915626510663,29033
0.8834351666419928,77396
0.9890238364260102,77521
0.7011131742599721,72588
0.25372249575272543,66405
0.9989623469854666,77768
0.708665967302146,54463
0.2957960541802128,988
0.21496973740404832,56968
0.1041332104484701,18410
0.7543529135024392,25177
0.2857787225872421,63124
0.2597784987551297,21696
0.8270689641149491,36896
0.998954633592674,77358
0.9897649658467691,40450
0.9890238364260102,9281
0.9903451119931912,32310
0.2533120706942212,30633
0.9998115649501482,65159
0.9999180013790392,2929
0.9998924206402475,30413
0.709008702122186,30359
0.25611511957613026,1909
0.5725724149595909,30933
0.9998924206402475,58575
0.998954633592674,20530
0.20871699002062277,61332
0.8146106734231243,34362
0.9999501963059134,4384
0.3315978304412844,17085
0.3832258853577236,7444
0.2274621643781256,55598
0.9998115649501482,70390
0.8274135812481698,11886
0.998954633592674,47346
0.7963739369023233,64007
0.46626923979972534,14307
0.36560514167995206,61340
0.9998115649501482,26999
0.998954633592674,52269
0.2654762108138721,53495
0.998954633592674,79326
0.8188615024090854,52237
0.998954633592674,58800
0.9901145147316146,67980
0.998954633592674,21659
0.3069511617500307,48172
0.33347328963074935,72345
0.9901145147316146,70273
0.3224523044976729,37815
0.9998115649501482,37691
0.7126938068328079,37356
0.998954633592674,42865
0.9998115649501482,43635
0.998954633592674,39493
0.30864940971185106,8699
0.708665967302146,19360
0.22355593707350277,17409
0.6175832510834875,35576
0.9999180013790392,30417
0.2130173849914244,20725
0.9998115649501482,12271
0.9998924206402475,8497
0.6035512555830145,34470
0.7273577968235743,46534
0.38495888928495203,18478
0.7771144974601494,78364
0.6868726996402797,31787
0.9998924206402475,37851
0.998954633592674,512
0.7105159117554729,71690
0.9998115649501482,70864
0.998954633592674,3334
0.9901145147316146,67801
0.998954633592674,24790
0.9998115649501482,56587
0.9999180013790392,25445
0.998954633592674,39619
0.9998115649501482,51501
0.998954633592674,54813
0.30600307878902466,4545
0.6455003430359145,57521
0.3521331538078999,43611
0.2207536211474367,59146
0.9998115649501482,6941
0.9998115649501482,74282
0.9998115649501482,7223
0.9983744874462518,62152
0.8180481693219434,59548
0.9999180013790392,65286
0.9999346570845833,51543
0.6742162291484534,21882
0.32688465858921467,65842
0.7379758588943758,78956
0.35464816676795996,65297
0.9985429868648786,5379
0.4120269132034189,15583
0.1653529686573871,8574
0.9999180013790392,25512
0.9998924206402475,8368
0.9890049102178908,28433
0.9983744874462518,24941
0.998954633592674,66199
0.9999180013790392,50514
0.28776656172806736,35765
0.9998904372914416,28982
0.9901145147316146,66064
0.2965300732627013,8632
0.11152509284920592,28703
0.989678483207798,49582
0.9998924206402475,24065
0.998954633592674,53534
0.7475363982571108,34765
0.9998115649501482,29012
0.9890238364260102,54034
0.37574088614079937,37551
0.09437443607976265,34053
0.998954633592674,17611
0.2182939887326848,35573
0.3603189015097578,67687
0.2244354642606464,55343
0.8068355893598051,73703
0.998954633592674,54236
0.9998115649501482,904
0.40674343927266315,41092
0.9980873404222382,49151
0.39238865848158544,62060
0.7107272327454082,63177
0.2935170699332091,15415
0.33568656237928524,49238
0.5017628890791132,77940
0.3331992600859572,18643
0.37450671980551004,35848
0.9901145147316146,6390
0.9901347836601275,24551
0.3451105769856533,52169
0.6510987771824959,75266
0.2610328554868912,37757
0.9998115649501482,50806
0.8069677718957946,1533
0.998954633592674,35060
0.9998115649501482,15658
0.3624578213779982,9450
0.9998115649501482,23022
0.23608358250750694,41231
0.4064932589429391,41402
0.9998924206402475,24576
0.9998924206402475,48240
0.6329652511212384,67798
0.998954633592674,18367
0.7067286098500176,42638
0.7732000241337063,3686
0.9999030896104935,42186
0.9998115649501482,11203
0.3533383851819375,13422
0.9989623469854666,56079
0.2563350320442213,47959
0.3521331538078999,27300
0.9906946608780367,11565
0.9988893605108905,33522
0.08618265770656641,31645
0.998954633592674,40752
0.9998115649501482,76809
0.0657775948986754,71061
0.9998115649501482,53295
0.33884687463476915,74261
0.2981818630452774,70559
0.9998115649501482,19728
0.8285718844689816,41577
0.9999180013790392,34838
0.3918681514822745,30195
0.9999030896104935,73196
0.998954633592674,59697
0.9999030896104935,60896
0.998954633592674,25655
0.047035651361508356,63909
0.9998115649501482,11342
0.9989623469854666,2176
0.33879419789021525,8817
0.41975589238036554,37852
0.36717957734919987,61178
0.9998115649501482,53258
0.9906946608780367,40800
0.998954633592674,13112
0.9998115649501482,14426
0.4018196868093869,15066
0.7273577968235743,67092
0.9988893605108905,63166
0.9998884848437084,4522
0.848369669596366,6403
0.7898672853363151,68830
0.7330366602821377,40226
0.07511171583523117,77047
0.998954633592674,66636
0.998954633592674,9665
0.9998115649501482,21
0.9906946608780367,50236
0.0330523957991533,76801
0.9999057173523564,6451
0.993476105181416,63180
0.1858680703530524,47253
0.3065523113872519,11749
0.7823380799851571,37997
0.7563973794666567,4921
0.993476105181416,69933
0.9999057173523564,54211
0.7735605018870101,8164
0.8513151059350381,38177
0.39158465612407034,58250
0.23212465932343623,73356
0.011194692849326155,14256
0.9940562513278384,77109
0.7829271609815568,12700
0.7509591262120748,74022
0.9999057173523564,57291
0.3238716155809117,10909
0.7243831678248474,47311
0.6739316029849268,45539
0.44416347047147403,19524
0.9999057173523564,62015
0.05179442609511546,24584
0.7594294634085467,20440
0.6701459563840012,14643
0.3128222299375317,33551
0.6846586798783885,21135
0.3248575195786633,17198
0.7778700898474886,46222
0.6815428335056488,19709
0.24460256027024155,7884
0.025742021575767004,62445
0.36706011224099105,22632
0.9999057173523564,50076
0.2768512607240796,27618
0.993476105181416,3108
0.35489000386010716,7926
0.6209268967861326,62671
0.9998932383758157,57229
0.30387953918060584,75655
0.1915312736433509,62399
0.1560720597858103,77603
0.9409760641936884,26270
0.19557261461343228,56007
0.8584691185523585,35593
0.993476105181416,51604
0.9940562513278384,55823
0.6033448713109688,30803
0.8811633362693654,27076
0.2580586337444932,66837
0.3469080850672214,50022
0.9999057173523564,57397
0.7735605018870101,73653
0.8080271073129542,35343
0.016725951531827977,55014
0.9999057173523564,51783
0.9394719133103376,74922
0.6016379198679309,48023
0.1915312736433509,60068
0.9924419871982353,9598
0.025742021575767004,59263
0.349034256020334,9712
0.07926417263162236,52434
0.17413373346909797,47456
0.9924419871982353,60946
0.3533193990515824,39777
0.9924419871982353,51535
0.6815428335056488,36726
0.32420322460723466,78487
0.993476105181416,6821
0.993476105181416,41849
0.6575804073507157,66601
0.2745210783770584,39424
0.3266977138825719,62932
0.6199611230410884,14508
0.41235490046277046,62806
0.1696970972407806,20374
0.025742021575767004,58028
0.9999057173523564,3693
0.993476105181416,76980
0.6701459563840012,1601
0.7847150265437187,76641
0.35417275430621775,43155
0.02530764100726597,7815
0.04304649448919879,49350
0.47211925175280955,39009
0.011713877004352322,6735
0.6815428335056488,4289
0.9999057173523564,22581
0.24081342622599983,24515
0.025378667687691286,26876
0.1913908270255314,53620
0.02068173267503423,58335
0.6199611230410884,58583
0.30936501502756947,45207
0.6729450789466134,56879
0.21592678374750973,5632
0.7086547665150615,72099
0.1915312736433509,76857
0.1167439543531963,23799
0.021623102218127903,32522
0.2195464309035889,31567
0.7044017295038191,73355
0.1994060606194991,58514
0.9924419871982353,70692
0.9999057173523564,1111
0.9924419871982353,46699
0.011713877004352322,47775
0.3216455589012298,8383
0.6846586798783885,62867
0.7655348835489019,58705
0.942274013449995,30009
0.993476105181416,45267
0.24756817065215886,68216
0.993476105181416,23635
0.160528762858916,56691
0.751119106221526,46063
0.9999057173523564,63304
0.992296277013861,79163
0.9924419871982353,76386
0.28208047592698454,50660
0.7586495856468033,27913
0.9924419871982353,42757
0.2685014398607334,47942
0.993476105181416,26009
0.9999057173523564,59578
0.1626380372258805,63131
0.8277125151940965,70873
0.22152262877063505,184
0.5911159981473015,9512
0.6815428335056488,35935
0.7715032749451797,21312
0.6277562426556893,64510
0.11918204676483264,73962
0.6466139354013087,72253
0.9999057173523564,34724
0.12186185719465766,74253
0.3693553804212325,41722
0.18404838085583458,36856
0.04500316990271337,56442
0.993476105181416,28256
0.3495369380599812,55716
0.17582569723990327,23505
0.9999057173523564,76203
0.9940562513278384,534
0.3319123629118746,56145
0.0567100339250295,3831
0.9924419871982353,37194
0.7735605018870101,37404
0.026147652229018905,22526
0.7014593268210945,12986
0.24086412392954976,72279
0.9924419871982353,63968
0.4273510765022567,67753
0.688468758395585,26174
0.2532753906522602,46667
0.6934248990763593,74976
0.37019439908225665,52045
0.18969384723459676,52130
0.25435946875460097,78897
0.9940562513278384,25531
0.6835279854256648,3993
0.6016379198679309,24668
0.9999057173523564,46304
0.9999057173523564,71172
0.2331754908679106,59740
0.652706519223887,17951
0.07701926435911603,38219
0.3916691755266716,37283
0.16967611716735553,59403
0.6199611230410884,57027
0.9924162693636414,54914
0.11490167369777177,15730
0.10456061793269446,28107
0.30339607522351797,34313
0.15843653017495907,15669
0.022625462388593445,3882
0.5934539706668059,10797
0.3794859890384182,10992
0.4543414916535495,62684
0.7649044669857381,27477
0.6390609555756408,22560
0.7735605018870101,25728
0.9999057173523564,21972
0.5259954728255812,26045
0.29342805608207334,59619
0.6199611230410884,9322
0.6892974983729869,4643
0.6340639599249923,6321
0.9999057173523564,3056
0.993476105181416,48876
0.9924419871982353,12319
0.9938506467061117,67577
0.9999057173523564,27294
0.6016379198679309,3600
0.6548249385797734,22287
0.9185239568017649,25742
0.26152329621646225,32684
0.39158465612407034,74094
0.9924419871982353,34556
0.37778884691973763,39434
0.9999057173523564,17746
0.9999057173523564,3308
0.5836420325986738,26540
0.6701459563840012,7283
0.0340066753063399,30162
0.2551804599966987,76507
0.31879220148303317,38399
0.1583075863179283,34073
0.23481828913777533,36808
0.29704433289438215,62652
0.10735095548784687,69789
0.3105156936916868,52749
0.2766360647044094,60747
0.24676288629620688,12645
0.2207920135081247,55413
0.6486571571493162,2408
0.3325235976788295,75269
0.45128910379383347,18729
0.04296104139155412,35845
0.6439039737521659,26884
0.34729013509781687,52183
0.3594218180366086,61609
0.13182832752236107,18511
0.7595516109848753,40664
0.1588764917715429,28563
0.17777842875312852,78533
0.2031583345623825,56681
0.3026260959322014,11096
0.7185964633283453,41206
0.6491405339951649,59315
0.44844994500125823,51870
0.18216674867354382,32926
0.26333843077997177,4077
0.17617373369219605,3578
0.2473450253577038,68240
0.24179672040323033,55009
0.2684005694861946,9336
0.3660137642035361,71479
0.29880058954459576,6115
0.7570502085364115,48600
0.16645226648348685,33940
0.7299694061878306,57296
0.7570052401948846,20774
0.25741289651243704,29165
0.2989522902835696,9860
0.7327235459489534,52166
0.32660611154214525,50659
0.8337496442213319,78410
0.46486645038811913,67708
0.7140712788750198,74593
0.6345335892512334,18954
0.7561470890255043,56290
0.8344041270979705,3207
0.334484364621978,65489
0.32785571989931545,5631
0.6215741481664359,67751
0.26564598013190954,32736
0.10761170512469695,32146
0.2321100370245312,58361
0.10044141201001777,57034
0.4016950418678694,4113
0.1575441521407414,22456
0.2466589960208846,43320
0.09784424209835674,78674
0.442381961925285,73743
0.06908609281031816,25875
0.0679337764747178,45135
0.28626947067012226,67266
0.7334510452721976,57206
0.7577354287180916,22219
0.7761971141952654,69671
0.13928306477681945,51944
0.2490876043180425,48587
0.3217897346055249,16773
0.21505498739052395,36127
0.06590365007354611,38670
0.13066764032425393,34095
0.2986054207751199,55047
0.27471952485021767,27216
0.12440622940788623,50803
0.1750946992163058,27258
0.3839498528039266,4960
0.49059100678948553,17224
0.15866684365669076,34190
0.0123454105167759,9967
0.2978052649904141,15625
0.4303343062856515,39310
0.8449156720031556,33710
0.18249094749639702,6642
0.08744749440979308,44437
0.4290425061903082,76288
0.09786924974534864,10003
0.236246216592977,9766
0.015085362492922286,63789
0.6956983298439925,16443
0.08121614446236917,67757
0.2832866479587598,23398
0.8231670554708799,53840
0.17027469896938596,2697
0.42061778708293307,28794
0.18142131845251097,25108
0.8302586647208205,8499
0.3250920711704502,48658
0.182372670451978,24768
0.7121827384014714,39880
0.23979236088297134,43723
0.2333333308956046,48567
0.1841790908670201,5029
0.10086787303326834,10746
0.19672815415803446,55179
0.7562635396200271,43316
0.997979245888869,43202
0.2792835005601053,49987
0.9979627678426283,40179
0.1533248343798479,54796
0.19374504714111837,32287
0.2795699942282425,26466
0.44334571631132424,52149
0.2636850792183009,24366
0.28387699401190714,15676
0.7314288586094222,38503
0.7682481211920382,41278
0.5173033612125097,44154
0.16040126740347815,58474
0.09072183597741884,12021
0.0704720998226658,20097
0.6927850904364419,69296
0.9979627678426283,3903
0.07851839257125975,9237
0.2336261160818094,37323
0.21796402540667656,44041
0.16352042814623954,22941
0.059306114341407035,69567
0.03572880136083467,59818
0.2624505511141653,19756
0.5074797341440249,16205
0.3525965067548075,23302
0.2524234310824037,55984
0.44738637375957774,23902
0.7235694229506908,57955
0.2898263671848474,11468
0.03329243560195715,49957
0.27217768796684455,28549
0.9978661947619604,43382
0.9978629306396885,26864
0.9990450882035741,72005
0.12806635111007975,26438
0.7430398652218836,11641
0.7523910278133543,66085
0.8448993205574575,29377
0.26779379852843116,75816
0.2691243779146899,51143
0.2612550631169266,11953
0.2641858456595228,69112
0.26408491927385885,16576
0.2250453265583939,79323
0.9978629306396885,67157
0.1655090833986476,29237
0.5244127519454428,29203
0.6493396084899814,22254
0.4122270676220919,16821
0.19718753220337232,5009
0.2636850792183009,4298
0.17031863230113817,45415
0.6625524238281426,76467
0.290659984539474,33896
0.2541507270913254,35549
0.40708965059825203,1800
0.020842000413236295,59242
0.7610356788354566,56161
0.025073932596415126,2388
0.2250453265583939,63141
0.10849728217021654,73011
0.2649961265292769,31501
0.18440003896149731,6067
0.37380315244106427,3513
0.03109081530866313,23385
0.8092248170681771,38699
0.753293822786944,40325
0.18475619266094076,19015
0.2712061831840546,45345
0.18522248603604197,38527
0.22729214553158097,20673
0.0246440257750416,78427
0.33848206405574366,75969
0.3089202414564912,57789
0.3370205726426518,26914
0.20134848574065592,2264
0.22354053303721869,7803
0.26408491927385885,3146
0.7486698170149045,3261
0.7358284345131012,42177
0.42224323765927124,27386
0.37551119595263305,17230
0.028059439047455035,67311
0.9973990997424469,31950
0.389599337366964,68110
0.22729214553158097,50011
0.22729214553158097,22503
0.1528558280474082,53234
0.023008552743361287,1512
0.7493663247663727,31696
0.24857811136732322,66481
0.2590137143268896,48787
0.40708965059825203,37957
0.24171319865002358,69174
0.19126578060585525,13118
0.02719627595392198,15377
0.13034878409301748,78367
0.4434119286400061,13699
0.527550723408444,49626
0.2250453265583939,12804
0.22729214553158097,58585
0.30538041162276325,46492
0.559610246520261,41784
0.22155648346956716,71401
0.18637639644597456,77595
0.7309942161966869,48898
0.4454633644749939,51004
0.20063259474423092,39926
0.2668168780907816,47932
0.18426205502183443,14040
0.35132285783312256,50834
0.2407172608103942,50605
0.2612550631169266,39537
0.2522174201710719,59454
0.1074796710084662,48738
0.10159107881687318,36720
0.20729976443050224,72226
0.32538191844480924,27495
0.29427824389327484,11149
0.22183334123114914,67609
0.29458192725305465,29673
0.7139227721860847,21785
0.42472682012990576,49452
0.08594925294325685,17235
0.21796402540667656,20011
0.02719627595392198,2247
0.9978629306396885,13393
0.2835332278880955,16221
0.21796402540667656,55536
0.7293558866233746,53271
0.30059361353357694,25802
0.25571863504458253,1712
0.2539505235304428,66253
0.7515102731927702,66906
0.8020099535280785,37870
0.2375960324247324,66941
0.2614574345569455,35866
0.7347150164443357,4330
0.9978661947619604,7868
0.03021467641724448,71124
0.730150392680506,42341
0.6838669659811032,18681
0.6818029559125095,21231
0.6500229923438001,3658
0.9998904031738363,61051
0.1342852724486156,51106
0.35108339650417114,47941
0.11676680786730263,24242
0.2832409616319211,24409
0.02128452196029627,54092
0.28793362468445105,21033
0.042960951475088216,8982
0.06749764009084437,5970
0.07637151465563614,48156
0.1894024453331794,67778
0.21712131741316268,28089
0.3969098126010676,36552
0.5549159456671309,38401
0.3823796663699829,72232
0.8249177463810402,3393
0.9998904031738363,46127
0.32843422422808033,73233
0.9998904031738363,71714
0.1920246427476897,17078
0.5962896661646728,24681
0.38792953563114596,60665
0.29361763439384814,18676
0.10376570524990146,59264
0.6056801786344267,16485
0.37034378248395416,27087
0.0771289324855354,51631
0.27272087396535855,54584
0.3927846158096483,59968
0.7429469520700736,26486
0.3891123107707549,34298
0.286552851315405,1287
0.9998904031738363,48399
0.5932026581580971,15060
0.10927368280053716,70128
0.3678923902066734,69534
0.14455622395183032,12455
0.5580561866428019,21700
0.17392771041291452,17216
0.5159608045692089,47476
0.27690539073598647,18228
0.9998904031738363,57436
0.09873470284598916,22565
0.6291655320829836,34405
0.31178875539116807,63039
0.6064739074954597,57264
0.04504642097188507,39182
0.3239192284145229,1846
0.20069809360238516,7502
0.2913039740562691,9567
0.31458276751808584,73736
0.31151028999623304,61472
0.9999334315144371,75115
0.2155848680221706,5453
0.22705106669457356,705
0.24245727842312303,41458
0.8604571971691282,22445
0.10528369530493047,52772
0.5104532728580075,77859
0.1681303806415054,7426
0.37200550632887514,44788
0.15132482846523806,20766
0.9998904031738363,44764
0.4259606481188368,25302
0.5381735037302677,48329
0.2781337598044844,62020
0.7184540299215312,76444
0.38837020597761673,3550
0.9998904031738363,1767
0.007268275154082384,72189
0.31388322048155726,79156
0.3045711204548518,30581
0.21195883898424217,42449
0.0179666040660741,21292
0.14052061763575707,52276
0.7152752237852923,13201
0.15120016104309847,15234
0.1571775812151351,76383
0.7310429781147784,9644
0.5580561866428019,53791
0.23439753812047204,25836
0.7681011847036012,57390
0.6182055668782445,50908
0.21086122597873228,50808
0.3362370602379695,45611
0.5572415978833167,30485
0.23577416935965337,25186
0.05953227652930306,52475
0.18877079452285583,27098
0.33336573630711014,9666
0.2510564551005498,53014
0.576380034507332,25588
0.3227881032758975,19337
0.9998904031738363,18473
0.8490119032018528,43437
0.16781270977314616,982
0.16617970173841157,36026
0.458591825886317,62815
0.9998904031738363,52648
0.4507895802144814,5268
0.2806753154721846,62304
0.4131110005749706,25823
0.06612166426894865,47964
0.14919199050045306,17185
0.2122475538455197,64290
0.11066668637655364,31662
0.8150645439059384,9676
0.3517966164493014,75894
0.06205429153100618,52443
0.33964272454584754,15959
0.11065259436983002,22334
0.12292829468970787,54644
0.418150134180647,63854
0.0320220290849297,50669
0.061838558341777636,51223
0.061838558341777636,37823
0.15792166021638773,13567
0.06612166426894865,35201
0.06664382308155922,71792
0.0625988243313842,32500
0.3371921781701827,17904
0.6886551540235283,74295
0.7884655443180638,69614
0.7499618281953411,5286
0.40417465218023046,77111
0.5643767847156915,6585
0.8097099952143221,35986
0.7351933322470201,2025
0.7533938659814041,23697
0.061838558341777636,7189
0.1952345446703695,62908
0.306195184825959,66333
0.5902920499237543,21798
0.3228776682849367,69583
0.061838558341777636,67925
0.8098691738704348,27686
0.5560453691259948,15390
0.7634145836810141,16259
0.025306743141179422,42083
0.38459355466623013,52254
0.08800577809936427,76204
0.5669482654369309,73182
0.3915596567781421,60612
0.5951775845359277,27
0.361183237717366,38534
0.7662065126487856,43816
0.23004814738312349,19484
0.5026348482552332,17178
0.061838558341777636,45292
0.3245537400889439,10249
0.5567875080003872,38840
0.49065103579647706,5701
0.051211497615261434,72710
0.3950188300210638,13537
0.8434968729656999,71631
0.23639448589410234,52799
0.5560453691259948,40729
0.7039883415139266,22839
0.7406191687250148,37887
0.06205429153100618,18616
0.4596681453798265,22389
0.061838558341777636,17975
0.6947006201394033,15829
0.061838558341777636,75174
0.06205429153100618,77849
0.030617200481505243,46902
0.07507241107799716,45811
0.5643767847156915,45892
0.0636034145105569,1083
0.2110145699744772,20759
0.24205480846481076,30184
0.03291273704097454,35990
0.70093600202758,52834
0.7662065126487856,18688
0.32722880549094946,47951
0.5101554142156465,19931
0.8190476411244004,60670
0.06664382308155922,10597
0.08723873827605244,52880
0.10209461877993765,12788
0.12560579442981773,69186
0.3511885160537981,35482
0.5818837250467769,22541
0.4758862692190441,39116
0.7052441258124861,39594
0.8140965641494448,11144
0.837525460419957,47290
0.5393218811279661,3960
0.5560453691259948,38494
0.08348516197734143,24645
0.06687458152318121,73808
0.11692301039230348,65181
0.834888802267753,62983
0.418150134180647,435
0.7875016306975604,78935
0.31910025083969284,25371
0.41222950520496315,51987
0.09115884848750645,2204
0.5607728282504386,68039
0.06205429153100618,30042
0.1524935969888624,48635
0.5020376105137622,78027
0.41945705926977694,40275
0.031159480905234682,33070
0.7682765414546027,38398
0.5539250862015617,27598
0.5599878856478415,15175
0.39597684366384484,49896
0.06921819232721199,25711
0.35350678546001524,70319
0.5560453691259948,70455
0.3386867203133038,43176
0.4171648826185803,7241
0.808830823247427,63333
0.36598063190179864,53390
0.06205429153100618,17317
0.6727743197570019,41151
0.7008733467064242,27273
0.06664382308155922,72852
0.6074566766691636,78350
0.05638657267352363,42478
0.7822903447419034,15946
0.8098691738704348,44298
0.36216846132822567,34137
0.12074527954564307,36973
0.30186800472774555,12211
0.6913241581606513,30807
0.5643767847156915,65366
0.730890205095007,10713
0.8039255060826263,7067
0.7533938659814041,37831
0.7037039368058244,42214
0.38922135322836937,67472
0.22915887700679227,28583
0.8084468154940947,4900
0.70093600202758,58283
0.06205429153100618,71478
0.06664382308155922,10663
0.8087497844525842,62907
0.13622404752290065,53144
0.08582879345439275,3448
0.0396795625599317,58123
0.3725704208636088,19406
0.40891697446194364,24912
0.06205429153100618,46765
0.7106196781673051,74234
0.11672203154328474,42724
0.4371424544778179,65284
0.11912088204956711,15403
0.6879604032913251,4596
0.3370082135806327,47837
0.7436223188143594,44853
0.8057555105879172,62814
0.4316228568239222,46282
0.061838558341777636,54500
0.11265036082252727,19363
0.40016651156166405,64038
0.06463868738902233,12195
0.06578483701154175,55686
0.38944899403561895,26715
0.11436180782118975,76517
0.25238780091160823,54146
0.5239906696860199,31277
0.5847672729998763,3812
0.5429441333225311,13124
0.3700275547859414,2292
0.37244578853945737,17601
0.06612166426894865,55917
0.24888489169627862,13287
0.07901656747198778,16041
0.2277254719797296,69340
0.4148971957770884,43474
0.02428658954997997,37931
0.5560453691259948,77128
0.6984191940881728,1660
0.48451126643684567,59415
0.5575967908983679,29023
0.8084468154940947,37368
0.1093176946296255,69783
0.4048804581035341,46630
0.6336029019252236,24289
0.7037546208601142,65688
0.8311115414541693,17176
0.5250324695847584,79297
0.3362244470781493,11756
0.3628001648347392,58952
0.061838558341777636,38290
0.5487482293597628,39143
0.3908443489121498,65196
0.0599563382600113,78247
0.061838558341777636,9429
0.84597919148432,46613
0.8327538593472031,23766
0.050298025664046724,27504
0.7899539517421091,32401
0.7276281901937597,77122
0.030617200481505243,20876
0.746876824203971,33949
0.8062871697333028,16483
0.5875272022696689,2607
0.4048804581035341,6415
0.7779332854272478,7039
0.34254771507909604,6
0.6999517697950395,19548
0.2842622610521843,11664
0.42223956303459875,49614
0.0599563382600113,60956
0.5809271067491766,441
0.37708444810612907,78495
0.33851247100238724,44323
0.3430659060887944,67475
0.7542674882085298,9118
0.061838558341777636,18910
0.7103148716218658,4871
0.5591783223202804,6566
0.30078984559374355,27461
0.4008846741781015,7705
0.9753338146797469,69859
0.7495589520940578,77961
0.49654041214852707,46459
0.45636669508931027,27604
0.9825202436528919,24648
0.3806729420589622,78266
0.748468183233423,29282
0.9829482665283082,7665
0.8635429032881461,9822
0.41994266189110596,33065
0.9798557120842254,72468
0.1248572176904926,6458
0.9826340141003707,42270
0.772674970473017,75246
0.17129723857131035,27220
0.39246033522884155,12876
0.32770912006137987,8303
0.7950503835711199,21331
0.41823849538066304,59800
0.4734439822163402,53901
0.3388876641159048,25466
0.41254344058123327,49980
0.600302768744983,13728
0.4379100126534302,22874
0.4373297896253207,4455
0.4563581166824775,3516
0.024037833495898265,24497
0.6941434871902838,57806
0.9854340141003707,45105
0.3192088666377247,36661
0.983062036975787,58391
0.4678606684162182,22561
0.9999622071996808,62709
0.305997886162034,60524
0.5420874909686794,26568
0.9798557120842254,9954
0.7470678211088613,56088
0.29245565348368785,28523
0.13985583471489885,17960
0.36098142522208776,55736
0.9825202436528919,24277
0.25583998968217947,50673
0.3181626683852491,79112
0.3417865004694485,1618
0.4533565308014697,14220
0.9825202436528919,12122
0.41640559589125936,72448
0.9999622071996808,9523
0.7671249226805857,63826
0.2974267213062481,73191
0.3882417651310559,37698
0.3920230136497556,17694
0.4829327401046504,41752
0.9999622071996808,72285
0.24721768657732224,63239
0.4347088722514877,42598
0.369760981383777,65942
0.9999653197421097,16604
0.180151321029144,4124
0.3679953617622997,46327
0.7923003232214825,67574
0.3479444841859668,24332
0.06735077519271979,66559
0.27721754452363867,72020
0.338336046998129,7435
0.30994601099852814,68338
0.24936015670055023,16651
0.41383346269978466,51799
0.3298212050226894,63798
0.3060872242923271,58014
0.37267397850358863,52980
0.08201157458835613,56133
0.39856076776123006,30625
0.3921544176436949,73303
0.9999622071996808,49108
0.4800136680350766,72748
0.26848308286894873,53818
0.9999622071996808,13306
0.2194846534761363,1264
0.4056506485227235,8540
0.6994095670217976,57066
0.45660171279712736,56625
0.4672829098751583,39387
0.17497713534061587,51994
0.9999622071996808,71740
0.43155101128210355,42629
0.44960730410074634,37306
0.35748308518437544,59333
0.37630029824122024,45907
0.5046921898407415,18395
0.20593579704642104,77592
0.9999622071996808,10846
0.370751787853528,52670
0.36775341942961565,396
0.3554437155769989,58842
0.17613978507269362,16489
0.9828541000598793,58047
0.37830672881586536,47459
0.9798557120842254,54593
0.40611476722745665,70043
0.9999622071996808,61456
0.47896148954746287,32100
0.46653840265523033,25169
0.3881751024404587,6859
0.30828942056486536,44553
0.4073473654089205,28476
0.3963812466254336,48482
0.48868706605090856,38188
0.36198467938433715,79040
0.3041788730502239,17280
0.1435171639705281,76184
0.9999622071996808,12197
0.35169071017137354,1226
0.7452040881709373,40404
0.315531408198608,6409
0.29609348239990135,21663
0.2701754181026533,61337
0.8543787985167053,44294
0.6959833397978504,68252
0.43088863447321296,6956
0.9798557120842254,24347
0.3103221625461682,69861
0.49181432367691513,31352
0.9798373443390032,75228
0.4631505698639051,4861
0.10904029010483027,59820
0.36762776894351823,72067
0.336549673941593,22651
0.2057794864620023,31515
0.2774895895187195,16677
0.9829482665283082,52949
0.4657197954721358,15468
0.5002918372654833,57325
0.5116984996595997,9467
0.44932886778927017,14569
0.49528387327963863,65309
0.42061327127787074,60168
0.3931502799317187,20472
0.41103804583145553,28005
0.4896580026799868,54863
0.33220103736144857,43169
0.3181626683852491,55421
0.28449801722185397,17879
0.8111190774467714,54349
0.6756838168884047,78417
0.2565856409942081,14408
0.48652711266255466,28070
0.9825202436528919,75407
0.8139830656770868,68172
0.4933983460718526,34228
0.3602797927708502,37117
0.6962824619080368,69136
0.9999622071996808,5968
0.9814172564530305,34955
0.12624857854532096,68344
0.2849399787613216,56489
0.9825202436528919,10996
0.49199564263392337,24688
0.32330462434081586,26163
0.20430474171808768,50548
0.5002918372654833,31336
0.9999142851475065,48227
0.2645156763813512,3890
0.40362837312981714,10867
0.3147140071683658,64275
0.4834087395905552,64667
0.9998096264663807,29428
0.8362604597105221,59221
0.7868719326386882,11056
0.05946079917770956,5640
0.9998096264663807,65
0.09215886645367216,68759
0.9999023958891771,13673
0.07539773140790311,19417
0.2305292963461356,30756
0.7326683803761558,73827
0.39777861294574707,7971
0.49904334041134707,55236
0.9998056906698418,15592
0.9998056906698418,12662
0.7768424421395654,59527
0.3751948740186107,39370
0.29920468331962413,48167
0.25478874533820794,10224
0.28460605285421625,54650
0.3204934873860404,63925
0.32158328615070453,22223
0.38867005377121777,17869
0.4518577180397052,55241
0.7415070036997191,74468
0.9998096264663807,51225
0.7288999753099278,70086
0.672651245729069,52800
0.6434079244737096,54082
0.9998056906698418,16463
0.05811808457099674,10111
0.7769344961590632,45435
0.7250470746986771,40726
0.5065823757240933,16944
0.2991283002889056,75562
0.9998096264663807,61405
0.5316245938264491,72980
0.48559077309580395,48739
0.4176567009635137,9617
0.43092347238454376,55843
0.6957272611044225,39824
0.3772091772543562,8661
0.66120851544584,65564
0.3238669391391518,10968
0.44393370195422044,17190
0.3920750985202474,43061
0.7857508542740357,10535
0.72979830467387,48409
0.298576022838274,42104
0.20071914620288725,27314
0.693267693850045,14240
0.12650163657702565,12878
0.8328227886897237,60253
0.35133986305916315,69163
0.5478374767347295,38060
0.9998645609782153,63173
0.5233379964188318,5303
0.3720673636240883,15798
0.9998096264663807,70647
0.6581962336417256,61087
0.7140846867966633,57428
0.5348388559006635,14777
0.6505527030459125,22788
0.48628302402519336,63529
0.6505527030459125,13687
0.4349194168995837,58793
0.7369844541152372,22464
0.0517275880795443,7751
0.2696119252166986,71240
0.7736100078247635,5350
0.9998096264663807,50638
0.3750351625172759,60798
0.9998096264663807,3455
0.10407749253103812,65899
0.44689940156964086,47911
0.5914672607021586,69913
0.022174743915516586,13339
0.39530452870599964,42408
0.1260981561874115,11168
0.009662942898974016,15803
0.6607130634907532,57798
0.055376731110447726,36081
0.02478750856830643,72082
0.597803887593012,21826
0.4016789650016695,20558
0.3703737794150522,39951
0.2905380100805493,21726
0.3413697894894809,52883
0.9998096264663807,9809
0.7269686817113873,48930
0.5233379964188318,32323
0.6815860347175248,1129
0.7983942922026839,23
0.43448945914421966,948
0.2931307506154374,33263
0.7521754966990873,36182
0.8375624328398752,50878
0.7549575462542993,20887
0.35515453128585156,3981
0.36899863140452016,42312
0.23620100834467644,15458
0.380804755508838,55780
0.3302534660968318,44529
0.9998096264663807,31818
0.43486476821377734,5311
0.10558278582251976,50273
0.7937643433054522,2926
0.45817133918000835,7451
0.18761081116539566,33056
0.5135127023833502,40884
0.3775098931426436,54480
0.06458534291524791,49617
0.5316245938264491,28606
0.9998318618771971,8051
0.1280539882917308,63764
0.4075451959474855,4370
0.007850793907512567,7249
0.8041502166662764,13190
0.5468944154895019,72044
0.09325326892511666,73768
0.7727633003252148,69612
0.5135127023833502,71953
0.09180841098889497,27033
0.035789120628933434,45314
0.3173037490395424,40161
0.8038704687702716,47367
0.5233379964188318,66331
0.3959846742832944,11938
0.9998096264663807,27379
0.1586212758308015,18262
0.719712179676051,43022
0.2773548348339076,16694
0.9998096264663807,15226
0.2057196283676616,73170
0.05811808457099674,54775
0.14206668138505005,49967
0.34373769445805685,27202
0.46504835940350775,77322
0.9998056906698418,72552
0.055878154053247045,7387
0.11815340724576089,74830
0.2736407169942292,60722
0.6852292846527698,18229
0.31347935279964,78090
0.4124054798083957,74312
0.5737803740114311,42841
0.8138995411314854,24465
0.27849654050869144,21410
0.5696208237310252,11574
0.7090295065989982,59120
0.48087310379019027,62078
0.7177094309661838,58746
0.27849654050869144,5272
0.695927423334569,33044
0.46277978893498983,46903
0.3589134467470663,6612
0.34811825697988386,30544
0.7058767359813387,50809
0.48656824246761343,35844
0.154856504304001,65843
0.7566325436649266,40668
0.656637143649924,6830
0.7151708277729154,54851
0.3408739550972855,25921
0.6465152974010114,4177
0.7537897425829878,2854
0.21342969588857413,16109
0.33868067357473985,14036
0.27780674167634317,55905
0.569023633216764,25157
0.4413003567408261,10347
0.7267069336533607,45651
0.36732946829240554,16353
0.37524814832164394,60315
0.2180446173265873,35569
0.29165442347593773,10237
0.6904878069985413,67552
0.3715843752047282,28671
0.15291158455821957,4315
0.7979007564413396,15052
0.27849654050869144,18007
0.4550808938323449,8077
0.28546916051384885,29584
0.6854210188032723,73741
0.028099880641595354,59720
0.6970681632178857,10248
0.5696208237310252,28391
0.2006870829960579,46490
0.7804864603771213,57738
0.3102091402696088,32789
0.2939408658781676,245
0.25792767683860807,61478
0.274455863110131,68857
0.38627238185051427,21771
0.04878460428295487,64443
0.3173865181960772,62920
0.695927423334569,45521
0.7241345025965039,75919
0.055589476949153005,40492
0.15132851348393195,34641
0.06440742316301414,68648
0.4149655142158511,21833
0.45130507432822986,38047
0.7923615212010424,2683
0.691056874473012,27685
0.23734884626532698,66400
0.6949575331382689,60599
0.2825222392519816,33640
0.7855227453666933,9405
0.29560484399565146,43833
0.5406267053708609,40889
0.6950135958120929,69842
0.6715202582617108,6929
0.1786025731568857,46972
0.5641110215234528,50118
0.4669606981124059,78185
0.7093039335952195,45098
0.4422374360280732,2467
0.46685923461035883,20601
0.715688099088683,5376
0.26712909161328613,1440
0.5116822332790426,18096
0.3093714800927574,37011
0.6672269118769638,50065
0.6785730773414332,13223
0.35390116103643543,21174
0.716823198033569,70304
0.5894899769561363,25047
0.04628078433093625,45951
0.04855027151817604,35798
0.587046616518611,32501
0.28546916051384885,20642
0.4506709946592055,13666
0.3571843494647937,72047
0.2623346538115424,50407
0.5838823725012567,23467
0.22940955724293227,34891
0.10254599477896512,2674
0.028610452694435136,38887
0.9993812713601136,19996
0.795753608034107,8984
0.42019061404308955,70108
0.5434570777119806,56966
0.6789052056350915,23451
0.5299034486487987,47025
0.9986564750713285,65874
0.6413119604575275,53741
0.8144625706401393,73009
0.9999451480251219,20389
0.3849492403636854,1943
0.9999451480251219,67450
0.09465323113115541,69327
0.5871723499060251,7772
0.9999451480251219,23402
0.36904463498488044,62234
0.9999451480251219,64559
0.04439601611316387,62874
0.03609681809522476,23646
0.9999451480251219,33903
0.24991579022406013,34610
0.024823326229138028,16418
0.3523747014065872,74174
0.2938669519719269,66613
0.3369710304843516,41272
0.7524739659584904,63380
0.9993812713601136,65528
0.18807848270608907,59661
0.9993812713601136,14264
0.3497557933559075,77313
0.18886195355092322,16268
0.5858385826487227,33358
0.2631139696632043,45613
0.3137336015418606,71044
0.31656988116388796,8272
0.9993812713601136,14893
0.8017464513166207,64542
0.10749679196149865,7898
0.02903797375116544,55039
0.7001754671408869,38039
0.290551977657058,50898
0.5981417911521548,3200
0.5863021903154213,50023
0.9993812713601136,61601
0.6209750066831287,69906
0.7866452313683436,24112
0.3436859113377143,51554
0.389406444032901,48796
0.9993988283901329,41401
0.27686729732379467,10197
0.16771911580585297,30925
0.24661139932516096,3744
0.6386216176362387,40240
0.28988587131209115,24946
0.9993812713601136,4091
0.9993812713601136,27388
0.3119385539840854,61518
0.32715742869379,55966
0.3849492403636854,11232
0.3688381260302216,43770
0.9993812713601136,59331
0.8114164852284023,998
0.03264886488704302,45178
0.9993812713601136,18677
0.9993812713601136,64819
0.28149466658028754,7177
0.601508426930224,38052
0.18248496355445432,2125
0.3777977660720651,36745
0.9999451480251219,17117
0.11246523143813185,18716
0.010621006228968931,11026
0.23089945045802132,49486
0.9999451480251219,12684
0.9999451480251219,29757
0.05507092395524904,65840
0.9999451480251219,56880
0.5912058778154403,71224
0.813363908749289,76194
0.3068369592211072,16168
0.1631239350029931,14038
0.4113544209103293,14975
0.6689940680835629,39016
0.825678510432839,73436
0.999915389226706,5401
0.998545148025122,5581
0.998545148025122,37570
0.37044297220298855,53206
0.9994812902424548,29606
0.2734425838464549,46010
0.9986564750713285,65643
0.14636425455377078,72577
0.998545148025122,3405
0.33797285680296507,30216
0.9993812713601136,40485
0.0646633583050677,46117
0.6436276743203766,39294
0.2651055594006636,78984
0.5696460867797164,19456
0.2659953389357733,34297
0.381084910408582,21349
0.5914713483575097,17350
0.9993812713601136,56951
0.01611621248595606,69857
0.6843980043948403,9855
0.011615614061558678,73628
0.8017464513166207,23438
0.06789574315940693,7759
0.389406444032901,46
0.5863021903154213,4748
0.035540824263683,44789
0.998545148025122,27290
0.6408922944393993,45753
0.3234219810140352,1779
0.5819861763715464,54912
0.7380500429828631,51049
0.3852482324195502,44113
0.15329923816481172,42817
0.9997162247455429,74142
0.3185956115952317,3647
0.3096289251875116,33269
0.11295026288244601,58986
0.34689138523493046,12212
0.05650449537491637,34867
0.3540977293769011,46112
0.322524688230753,18241
0.7633610031617899,13581
0.9998294599248125,16996
0.38246620155249617,76421
0.08352072542808209,10858
0.020739107491916993,54328
0.0689405415121234,78490
0.2119623945445992,44784
0.08248537825006483,69059
0.044835789221169056,9388
0.1550153199652906,42426
0.2315737527749479,60532
0.3875076875665989,24221
0.3768136461585858,18415
0.10061994703479094,65808
0.7254627214971039,57590
0.03166042795642254,36821
0.02371085395186206,34020
0.29847407574543605,16474
0.7838169513216335,3737
0.5603635128949395,63594
0.2469994048129793,640
0.2651751500291042,46816
0.7747823646192478,22008
0.04417690191573896,32676
0.33279045256257,1081
0.20038929375279182,3213
0.03075538978296264,21495
0.6995179789157685,15331
0.26834703278821104,75833
0.40933165502756014,32964
0.35068006576764854,57988
0.5402573479964952,5966
0.18392564733795813,8255
0.06026245315103726,66556
0.2896142954401909,4097
0.11089617399775953,7712
0.2610235528199815,32578
0.008772404356529559,52704
0.20502144852240062,26925
0.08762500388161452,9985
0.28151993173710294,7112
0.0285002839902095,29723
0.33356582994867334,15780
0.23781451064491907,2396
0.7003962961011887,43924
0.13359663215237694,59301
0.5204010963924968,42193
0.26427536890106823,69306
0.2666487557988286,1781
0.6291250441733562,50279
0.20648516380037527,26015
0.1410162764771316,37191
0.3520960612679901,54419
0.6673951655668131,35448
0.040826401964515174,19057
0.36975954425408725,17906
0.7603379945809792,2632
0.3259714613395607,16739
0.6702308855112465,54183
0.12077798998504713,73155
0.23781451064491907,3592
0.3427176957956079,73281
0.38188381330336146,8585
0.08003608831543979,66423
0.23721843327980507,71382
0.046907379727469466,9417
0.22626075785235905,67593
0.014354439296059559,28177
0.5045427777359351,18689
0.24104857774949964,21310
0.7512338816975078,37322
0.08733135864529076,36819
0.07179641012662295,42854
0.2661143416457235,55747
0.17437583043452187,20012
0.07587728857291005,75513
0.21495341883449365,21731
0.2672662255281447,66178
0.39644181289795155,25476
0.6553710925494849,40135
0.6291250441733562,4479
0.25928262667803104,4607
0.5345575361865115,4430
0.9997590815321501,28854
0.09429227473979138,37696
0.9998294599248125,21802
0.5385671783767854,27893
0.4713558506548004,16601
0.09961375979407361,38623
0.3738627996276113,73339
0.07832031114088173,28232
0.05193364173156369,20606
0.9998229512441604,5507
0.6678608305655528,43263
0.11906037856222275,61769
0.051675558857414476,62949
0.9999084231335074,26899
0.9998801804119402,36742
0.9998229512441604,24510
0.0841607124026335,74813
0.053094315646900404,58943
0.9998190154476214,74371
0.27333822617805226,50956
0.02412114108057568,73463
0.035249799829155035,75013
0.3457524747458537,50152
0.9998801804119402,59077
0.7458509690714331,78363
0.9998190154476214,57288
0.9998801804119402,17157
0.999916105541792,63472
0.21392876821291767,26674
0.3450750100176157,62189
0.9998801804119402,36366
0.999916105541792,47404
0.21392876821291767,65931
0.3183700805843083,14663
0.9984010531838214,43556
0.21121803284830792,37171
0.9998229512441604,21510
0.20607451969597224,45925
0.9999053292891098,5005
0.9998801804119402,51898
0.2965361841058318,8832
0.03141841973473725,16102
0.44091226070821476,69976
0.9998190154476214,38486
0.9998190154476214,18414
0.9998801804119402,37437
0.9999092650856487,33432
0.9998229512441604,67594
0.9999053292891098,48366
0.9998801804119402,71203
0.999916105541792,64332
0.9998229512441604,70988
0.9998229512441604,7254
0.999916105541792,31741
0.2569540769948802,23947
0.8063196445830783,79051
0.9998229512441604,38279
0.9998229512441604,6561
0.3199240240401949,16879
0.999916105541792,58216
0.999916105541792,25323
0.9998190154476214,18227
0.9998229512441604,11940
0.9997535494067215,7620
0.11115718290178506,65064
0.9998190154476214,78510
0.9998801804119402,58799
0.9998229512441604,50573
0.22129565300595885,1219
0.3444683606263791,42904
0.30930672094418965,1409
0.022558179270858823,61315
0.6431215598107869,20655
0.18951665319891045,33742
0.35640691296140437,48352
0.9998762446154011,11218
0.2981101007870138,61402
0.27347734782692057,37891
0.9998229512441604,58236
0.9999092650856487,57620
0.9998190154476214,50062
0.9999084231335074,28153
0.6581082684310986,77580
0.27861036613955126,46871
0.2232134890567328,5682
0.9999282216978915,37959
0.5327214272711092,3202
0.4243994515899441,50552
0.2861490863441024,31972
0.1298544280522586,4890
0.9998801804119402,54605
0.999916105541792,33363
0.12406425064595689,65517
0.9998801804119402,37318
0.5991388381665457,32211
0.9998229512441604,28716
0.5745551334135147,8109
0.22631534691149496,2474
0.9984228239564803,22734
0.9998820783628961,77250
0.9998229512441604,11992
0.9998229512441604,31977
0.9999430107146074,1923
0.9998801804119402,32251
0.9998801804119402,17444
0.7602124447963075,56314
0.19159853923028392,26919
0.9998801804119402,60156
0.9998801804119402,4842
0.9998190154476214,24282
0.999916105541792,24856
0.9998190154476214,39029
0.9998190154476214,40911
0.9998229512441604,11786
0.9999282216978915,30384
0.9998229512441604,28001
0.999916105541792,31511
0.37497277155609054,69209
0.9998762446154011,67613
0.9999092650856487,20515
0.6490666610427871,17602
0.9998229512441604,61190
0.5675214685881219,30615
0.309767840999618,30922
0.33809708804751115,42001
0.9999230139537273,51544
0.9999272212932956,49432
0.344083672776317,34723
0.037395614086050084,11219
0.9998229512441604,30122
0.5822125217494231,1741
0.1494852645872592,63398
0.9998229512441604,52483
0.9998801804119402,76138
0.9998190154476214,57802
0.9998801804119402,77378
0.6349868145739611,20546
0.14015847275651763,50127
0.9998229512441604,48229
0.9998229512441604,16448
0.9998229512441604,30483
0.5246580585072053,12461
0.2795991058897683,27003
0.9998801804119402,52182
0.6559627941764029,36528
0.9985260820939535,10403
0.9998229512441604,55269
0.29352556441050476,3193
0.42756925120595995,38576
0.9998229512441604,17523
0.03277685239419584,1455
0.014149464644734867,35422
0.9999282216978915,44412
0.9999084231335074,50970
0.3242802637842438,69011
0.4243994515899441,8254
0.9998801804119402,76501
0.9998229512441604,3099
0.20859155827865383,5739
0.9998762446154011,63221
0.6326794769532257,62509
0.999916105541792,25969
0.6982911595923762,70159
0.9998190154476214,66170
0.3194595005639066,31284
0.9998613517112138,40499
0.224206354694239,37711
0.1667764001073551,44421
0.2794424307378127,56233
0.9998190154476214,52285
0.15889961499753572,68477
0.9998190154476214,71081
0.2089523118692522,27431
0.9998229512441604,68960
0.5430693194706757,33801
0.9998229512441604,77569
0.0727347381222686,14989
0.9998229512441604,12907
0.9998229512441604,62346
0.9998801804119402,69263
0.9998229512441604,55957
0.9998190154476214,63866
0.999916105541792,44398
0.9998229512441604,78899
0.6111101909390859,65773
0.9998190154476214,29542
0.9998229512441604,29521
0.9998229512441604,38256
0.10597135561381475,75597
0.2884436857330479,54381
0.9998190154476214,70838
0.9998229512441604,54262
0.5684607472884867,15862
0.5530006621857689,9746
0.09082679985358413,24525
0.15882296090734366,49323
0.06927253135164528,62249
0.19956078460387844,2883
0.515975733277684,19590
0.7566679422998842,72844
0.6614334227960301,72692
0.28443808638455603,2787
0.07462226900603397,50186
0.11297632618258603,46366
0.49588972001963016,47250
0.02268498661717354,17770
0.6882843384572952,16351
0.6931095046358282,55042
0.21584184262494382,75180
0.06969813007196664,9089
0.2628505768983508,19727
0.6538092292944115,71304
0.028411483348329273,17882
0.4351901314574078,69170
0.15882296090734366,73415
0.19767210381268793,76408
0.3434479560827294,17132
0.029090224003169227,22107
0.6937143655351471,44990
0.2741820427465816,38750
0.9998928346790319,75840
0.027627677089434043,27916
0.11887586527999791,26120
0.03144001590359985,56532
0.9998541807249024,66127
0.02345173779938664,37178
0.6374405937345696,32178
0.2434710253628715,36997
0.1242294811640858,11882
0.032466885016945043,50644
0.7101823257087544,63329
0.700935316658555,27741
0.16839687706809003,60482
0.652707190214284,56242
0.13051372135475417,25539
0.08589343909797989,58415
0.03152137236438998,57875
0.26690590517791934,44840
0.0259579104703173,15978
0.18645058484581736,72979
0.08411259262100254,44407
0.9998541807249024,23941
0.5852279465308629,72131
0.6257384824040731,22188
0.6538092292944115,60636
0.021758064356997082,31095
0.801351332521109,48583
0.3022908922948923,9696
0.655126579955346,14640
0.6341791175585771,26599
0.25723030853948525,9983
0.9998670119709245,56355
0.10500193673997957,16877
0.6341791175585771,21684
0.3282772004371653,11518
0.4960775621312353,72783
0.712585089543091,13881
0.31450897192513894,825
0.6538092292944115,62821
0.2647139252819446,45212
0.11653431073016408,17997
0.2862344518717185,1754
0.32825538622449285,74236
0.34811444975013855,14326
0.33259579245605214,76831
0.46778087950853064,50604
0.6374405937345696,50666
0.03529264109962969,71392
0.029090224003169227,42486
0.026460034066611515,23581
0.4292330944941039,57866
0.35099643635075956,34513
0.8056926153084811,16255
0.9998670119709245,20562
0.6411134813764562,21247
0.0376895097684768,26399
0.48081795931385585,869
0.061229822516353324,16998
0.04623040302191604,48705
0.3472488591805839,8079
0.9998670119709245,73896
0.081895624892997,78136
0.5634755729932731,28526
0.08907837010069308,70011
0.03608060485486596,63227
0.22294980657377667,7141
0.9998541807249024,48808
0.02268498661717354,57749
0.01699125660434105,13430
0.39459285525637455,51819
0.05166566938539342,36293
0.02268498661717354,42750
0.6374405937345696,25595
0.6261297802988007,47110
0.662350125252944,25839
0.12234012560545646,5080
0.9996745985747135,55060
0.31481699688374704,35327
0.03516429412298503,75167
0.6401438005891144,62964
0.9998670119709245,29895
0.09889820876016948,67310
0.06299522030407409,54639
0.9998670119709245,19799
0.12196451056098562,78673
0.2521358747008656,8521
0.09062218471034439,41436
0.7528532390035503,23491
0.9998968499688388,34130
0.7225470255229025,73018
0.9999007857653777,20176
0.2819546107521007,15749
0.9985052368313048,7275
0.4571032214794676,46310
0.1924133375407138,2017
0.2627394811409267,67144
0.7067880162346591,36374
0.18088435424912527,49168
0.9985052368313048,17943
0.9998968499688388,42221
0.7391765344187426,31347
0.5091019170297509,63473
0.9999007857653777,46212
0.7541765580426452,74409
0.4144194260252668,32900
0.9999007857653777,61162
0.9998968499688388,66034
0.9985268614081362,28191
0.7168549578869252,10529
0.3783621182131467,3665
0.9999007857653777,37595
0.719005535701292,30105
0.56465415765739,28925
0.06533507484293596,62584
0.8278445716900017,72922
0.4527185309182579,46230
0.9998968499688388,59769
0.2620459462737254,9396
0.9985091726278439,28174
0.10211288056851875,55477
0.4189065798398429,75900
0.15035135914797185,45216
0.5863352039829208,61743
0.369628546038015,65364
0.4657358954107734,53951
0.1542274216856061,39942
0.9998968499688388,50030
0.08184351129408048,70150
0.9996751015723366,66300
0.2676498995792997,55077
0.36729980163216613,2390
0.3101261629676266,35184
0.23237075129165888,31441
0.293669137895134,65078
0.15774821684473037,6841
0.17939157206421955,45500
0.2631448477538715,51922
0.6437552050689743,57733
0.49485959542779084,13588
0.22147722867148636,7836
0.48710666699396543,4821
0.3078506639115816,21051
0.5460122071181303,8508
0.3746101423759586,20505
0.9985091726278439,57758
0.1084437952826714,6413
0.3785716394084165,48433
0.9985091726278439,9760
0.6465415560753176,14818
0.6015701342291698,47047
0.18741565752858588,60728
0.15503781702390107,31877
0.9985052368313048,74099
0.3074717468609973,25958
0.9985268614081362,49758
0.9999007857653777,16
0.2881403341568432,31747
0.03721688297083918,22797
0.7901843515582435,78304
0.9985091726278439,52202
0.14810315069165428,56881
0.8873110254377362,3953
0.09074944421812937,65465
0.9999007857653777,42444
0.3703217077528197,58598
0.7566694827309974,51031
0.9985091726278439,27957
0.4427804238026328,46948
0.9999201074658379,46997
0.3463590149525751,71255
0.9985268614081362,17534
0.45819885738452404,35286
0.4413376222510702,67665
0.18449493983394233,49855
0.9985091726278439,31146
0.2456770164933213,66259
0.9985091726278439,36356
0.3514598473645437,17334
0.31873454800205003,24475
0.9985052368313048,42198
0.4660907853136169,70810
0.026822994003678276,8889
0.9998528427229627,67765
0.08292410167035713,40149
0.7248400185368812,46023
0.24536268857258886,54922
0.10665735341099425,21997
0.9982334475211705,57411
0.9998968499688388,54608
0.9985268614081362,40648
0.6702151510736984,48116
0.6309307448145499,49223
0.02595612208018607,47607
0.0218541615771592,36979
0.9984610455190972,49
0.3477461319638235,26468
0.45361571817582913,7378
0.29320760916880906,67547
0.7364311659600874,74427
0.7811520394289508,27691
0.09721893427738279,40844
0.7540238831849624,63770
0.40355226632035684,30541
0.0739116671672011,67439
0.09035043674470586,78199
0.35064710287929135,24103
0.28326822895627046,16348
0.3589501138990604,28768
0.34948802124094025,6048
0.14719870151078937,18997
0.9985052368313048,35726
0.9998805133421924,50242
0.6878227540409589,25010
0.7342455533205252,28115
0.9999201074658379,6908
0.1324305258619054,32597
0.02716419129958664,39847
0.3703217077528197,9115
0.46679680370929577,945
0.4892293370818662,31482
0.7193480677693465,27400
0.7601424539596394,54934
0.3936623666873331,27580
0.14524681648777427,6985
0.15521544557583747,73559
0.5997993129983512,42549
0.9999007857653777,38746
0.4794164122469944,28215
0.9999007857653777,73906
0.9985091726278439,78271
0.0671472889241738,58549
0.9985052368313048,65593
0.1562897641327776,50305
0.7628477986330411,34987
0.9999007857653777,37082
0.16985136616120453,22659
0.999933934737158,42121
0.23098405611011819,57945
0.22855160195656327,10205
0.9999197751996285,10808
0.10476192258739062,51627
0.6568330089476739,6766
0.7013533723673958,3189
0.6926089607693631,30437
0.9999158394030896,70048
0.06845556596864558,64797
0.9999197751996285,36395
0.9998430528240285,28784
0.11456223423504397,26927
0.2790678986403433,53224
0.9999158394030896,13734
0.37625775351666024,13966
0.1129610293962023,9798
0.9999197751996285,56272
0.7993435843146846,41553
0.1808971143346665,69943
0.6684409982451397,57154
0.08213455443233321,8464
0.9999158394030896,3926
0.9999197751996285,27739
0.6842239158058837,22162
0.1998366407388735,47021
0.018451385091258005,21947
0.0008397093079450322,66897
0.11115187487460773,72081
0.20823629609557223,55809
0.6987441935912013,76462
0.02344058303090411,78072
0.9999197751996285,35110
0.7284984926281303,19749
0.9999197751996285,79197
0.29801522395865604,30315
0.40754469396330845,529
0.016231846152155758,2370
0.9998736131184289,12570
0.14042045685989402,44416
0.5553429253858441,57440
0.07154953302394892,35400
0.7623433918740646,31771
0.9998430528240285,78184
0.9999197751996285,61924
0.07441116866709395,33072
0.16814312675170734,49478
0.2203902106432321,65021
0.8515460072148981,30789
0.56871009003869,4598
0.7159834653760769,21327
0.37475194599387707,72701
0.4329730322742886,44309
0.09650228942261425,61345
0.9998391170274894,9471
0.31238059868506046,58542
0.7948162397034858,55693
0.41096580535574134,19172
0.3508716367902468,47672
0.3759433746462786,47148
0.0974165722699355,64974
0.9999197751996285,10653
0.36481230162000444,75157
0.16534322225661194,51433
0.9999378755519496,19466
0.28867115908895297,64560
0.6974487554376614,65264
0.342509390327842,16741
0.9998391170274894,47654
0.15677903615819294,59876
0.9998430528240285,79044
0.7282254890352526,78575
0.830095165620964,18705
0.9999197751996285,2020
0.3291746064964477,75905
0.0928672991135611,69622
0.367713287295412,568
0.3176541190873139,49998
0.33678811722255936,35199
0.7988046505102077,14405
0.6881470705658547,30280
0.09335351354485093,51098
0.27276934467621256,62514
0.7001498293608692,33093
0.36235872811241776,56965
0.09458120051558248,74526
0.20331019432549308,25299
0.09526044156982441,54400
0.7001498293608692,54161
0.46711739502615235,55416
0.1129610293962023,70286
0.304555336858014,64266
0.6420767225705191,51459
0.04384766801443322,11279
0.2973987053514441,50909
0.4050926110617827,78101
0.024605340095113632,28134
0.9998430528240285,15910
0.9998430528240285,36052
0.36745080541539255,76719
0.9998391170274894,72558
0.9998391170274894,6575
0.9999197751996285,24687
0.7001498293608692,2527
0.21966037735976274,63292
0.016231846152155758,28392
0.08395494709544424,31705
0.05273392461278696,40725
0.1189089915226471,69713
0.6974487554376614,37998
0.2294046702190537,32927
0.6165029260401947,48622
0.03602630160059425,39471
0.7282254890352526,47446
0.09650228942261425,33650
0.9998430528240285,66203
0.6325439343573347,15740
0.9999197751996285,23435
0.9998391170274894,74636
0.7172083978179267,6616
0.556310852741379,37571
0.06837047326136836,41369
0.9999197751996285,1833
0.7013533723673958,69180
0.19848420699018116,31116
0.32517069619883243,11520
0.9998430528240285,56902
0.0646511784428755,67595
0.9998132721629522,56235
0.9998430528240285,36534
0.6894338506576719,56228
0.04675778700934132,74859
0.4803512357289782,73342
0.9999197751996285,39108
0.04888173427842347,14691
0.5351600519024773,54974
0.24373721695461345,57772
0.9998430528240285,64326
0.8237449220234045,29987
0.37076093816564837,12824
0.09335351354485093,27622
0.9998430528240285,42608
0.7260675013029806,60288
0.04364057087458681,55201
0.6914357236293351,23017
0.31178747950826796,54597
0.591180573862323,69548
0.7013533723673958,46540
0.03256195012484256,47843
0.7416097295070759,25363
0.70196321127775,7550
0.22228657780938843,52803
0.9999158394030896,44654
0.10082229221888811,18933
0.28248546502260796,78779
0.9999197751996285,66179
0.03578522139980152,17102
0.2481787433400619,69358
0.09971080332211694,73501
0.4487814139513406,51551
0.039826161278606054,20449
0.8389481015347486,4782
0.17153630686627433,36492
0.25361737509271143,61688
0.18333113643636978,19740
0.1739679902037657,33290
0.9999197751996285,4031
0.6951349353952552,49924
0.44472954671021037,79006
0.17473748038872508,10061
0.9984992647617487,36777
0.22931973877518985,30014
0.031771224950315244,45705
0.2375906813363396,42018
0.4498949054461534,78310
0.46259991905022957,49818
0.02712392854332293,17257
0.9977784042695027,6337
0.697916142418782,39427
0.18229013134649255,75490
0.023910822376163397,307
0.011952627910142635,50063
0.9984992647617487,57347
0.022626680236445162,76364
0.7469981433481472,54334
0.04385978027314712,1925
0.02105175592059866,20103
0.23891233881704568,54069
0.697916142418782,60523
0.09605109117500132,24017
0.6682715262353295,27921
0.3597303032639709,7208
0.18324321070107685,20755
0.29265505008048276,48582
0.7067445369559402,63689
0.5348236124287472,42146
0.02105175592059866,22321
0.030695195009679894,261
0.15697886292936405,53807
0.9985302141763677,59005
0.04741513769719193,28491
0.26201875883292014,16364
0.5532906799045201,25773
0.998494447684537,66628
0.10060096024556779,52577
0.7922147639061156,55153
0.5303773905202991,78466
0.48552779330608653,72049
0.13743749158920487,40936
0.9977784042695027,25475
0.7335309427193177,13464
0.02401161708771899,49685
0.033256281342115245,4677
0.033022539001080695,2922
0.7312806826093111,35578
0.0687215695577406,15420
0.14881622624084478,38248
0.12373912727665844,60818
0.32765904311345856,78248
0.030695195009679894,50871
0.03058854139225835,63147
0.470138143700532,28769
0.6445827227831192,2460
0.32774109296103743,10548
0.5681958449409854,11159
0.7732543384212923,9916
0.11686686633817615,72530
0.7044021276865858,36283
0.6840707810186046,5488
0.36880546332950215,62602
0.028624430182343015,3339
0.39037172401165693,4301
0.7158642469856521,27585
0.26187207401219764,17777
0.4803743552953569,55774
0.38593192422489914,78238
0.17195344229282958,3842
0.08546892390838184,7471
0.9984992647617487,3692
0.4929593506512815,65079
0.9984992647617487,15291
0.03315352054414296,4396
0.31595399787710343,52056
0.6339125382860493,34608
0.07972436270313762,78663
0.030695195009679894,19395
0.9984992647617487,56239
0.25498205976775196,3340
0.7286754137155093,5213
0.6284385499580183,70539
0.8210590763489489,247
0.8567649858153445,77432
0.08621481286815107,18041
0.8353110384883173,5446
0.025825070529156193,52801
0.32316147498269265,76662
0.8353110384883173,2000
0.48014617603018206,53062
0.9984992647617487,59031
0.545903684555819,36650
0.2580101459381422,71324
0.998494447684537,14435
0.026849038257384307,48479
0.3576299999789133,47004
0.12625712719670154,62614
0.477133859764139,50071
0.39727834375976256,70102
0.025357683499451306,27899
0.3288897383636082,38516
0.9984992647617487,22489
0.20076355491629688,54741
0.035251826284164664,25199
0.24418823130722428,51560
0.017366375684415288,78176
0.6855660556646979,3466
0.9998701585897201,43666
0.03225966532856084,69495
0.4547124263092204,28181
0.6760288276045413,444
0.9984992647617487,53366
0.6151241027807473,72021
0.031771224950315244,33594
0.18638398274334061,64815
0.021213629454100557,7395
0.7319605103100714,55666
0.472758082627351,12205
0.16430689319525058,62822
0.9984992647617487,63117
0.24730366152030148,25977
0.11483829123265714,46799
0.34302369880870887,73216
0.699638194345663,17676
0.2580197564941159,32176
0.4574952527562291,10530
0.9977784042695027,16192
0.493459198436791,54699
0.9984992647617487,2461
0.3697442978513194,74423
0.4196441397651658,21257
0.9996940711501231,68603
0.013425513710872803,40751
0.40677310084147317,33388
0.3419702791041474,45762
0.4290915771097198,20294
0.2577636729406044,29159
0.20895157604215275,48488
0.7800902424048155,18908
0.2747299612517431,49087
0.9998801795522595,49856
0.10821612653883704,71831
0.9998925298891679,21557
0.36197085826367154,67471
0.29411691300213927,58151
0.783306704832644,4695
0.4273743278746536,69357
0.6951537144615642,38295
0.6902019733825036,57184
0.3807565290697925,8273
0.22708235613726171,27279
0.3557448466161649,36008
0.1748047660489032,25038
0.9998801795522595,53814
0.30110379522460595,73228
0.9998801795522595,36535
0.7113328933666716,66352
0.21261264422592846,66698
0.009954846172526483,43272
0.7390669329266574,53282
0.4703601634049493,1050
0.9998801795522595,57820
0.9998023669688441,1886
0.29505752052045164,30165
0.7288021386873886,46106
0.2410252440334663,45321
0.7260201372342459,49324
0.040775658871428096,35080
0.9998801795522595,909
0.008223956778233985,18678
0.3653001664787743,3536
0.30289342143303444,64237
0.04855987176746573,7274
0.9991553832634745,44349
0.22934854168534863,33526
0.731698702657213,6554
0.5138902442420403,20506
0.5246568443469566,66484
0.6734585714178946,50439
0.9991553832634745,56382
0.27728183729115463,1702
0.31380329471031243,55032
0.7861368244414155,2244
0.9998801795522595,31458
0.28284559848390683,57
0.2166874148786363,66267
0.7909507674196217,33747
0.07927221952695739,16980
0.017342830445704165,56388
0.4390135366083092,29783
0.009496583582353734,74415
0.08701715106536512,22579
0.31165283751868866,31127
0.21773590730428455,18782
0.34123548100760176,4961
0.27154684738764984,64187
0.3314365756884019,17862
0.08273859773230195,37133
0.19651042858361328,69668
0.6449897103533482,3217
0.9998801795522595,62158
0.2238446159153183,70336
0.6581320872835944,38502
0.999431595623431,32471
0.13972593003347594,29765
0.014384028930094238,31689
0.9998801795522595,56852
0.5486395640355566,49649
0.008195902098396662,52806
0.282282955723102,23247
0.4258539766946786,56441
0.7491673757812907,79004
0.36298135603071424,20940
0.9998023669688441,1615
0.738747477021724,16293
0.9998925298891679,75017
0.798611048201407,61837
0.9998803256955494,6765
0.5606490222335212,59317
0.0046114047935604885,27468
0.7331295809681885,2367
0.07405354002783075,62224
0.35747314018758086,14236
0.17320883419534833,74469
0.24345586642627978,58500
0.8340535861093366,74685
0.13417350072946152,53939
0.24814661463150817,65409
0.556552943611874,39843
0.32999522814176463,40309
0.05558281226583148,3680
0.044469003326689495,57004
0.20083081676567313,17998
0.6657970334059402,53215
0.2145536998795889,19324
0.7485145038794297,64524
0.07080687176578392,28416
0.31086676488173304,57561
0.2436273951979238,9863
0.1523100993649948,22486
0.2804449928053767,55548
0.9171260631509504,45668
0.3130874988477567,5609
0.6563201518489569,29204
0.30476452936427345,76252
0.3022710647296347,54031
0.2534582912030148,36573
0.22596158831119526,57924
0.6796563356515452,35691
0.168684104514507,56816
0.49104791721464475,55031
0.6342305205953626,64649
0.35769933277261373,67697
0.1978331487940528,62041
0.36157377093742055,78221
0.8620930258787143,78462
0.7834726037053967,4831
0.3547132175531541,41724
0.2857986438705262,70378
0.02962659830949528,7146
0.6388505846305811,15026
0.4046983857087608,57989
0.21060327296983425,598
0.3669131761908123,38058
0.27166317781115373,2341
0.1187877191605477,25766
0.206934563270241,68450
0.2874189840598873,60696
0.3569521138269936,27454
0.291988212301669,36304
0.24100700014072401,70737
0.4840656826772757,9395
0.04212585034735866,58807
0.12081659617592508,62637
0.291633107658687,69945
0.23717861051813116,77874
0.11342559488081477,55097
0.05968149643099324,64034
0.20603016724157402,7905
0.430549913603378,72133
0.16004952944677242,75983
0.30458187139568127,44733
0.34871384941426903,50356
0.2438732456532068,39808
0.226754503007562,6022
0.07102873498743492,76164
0.2579545102148746,40077
0.8394002041516246,51084
0.2763043006492696,55787
0.380112792538453,77837
0.06938157484267383,1670
0.16305593218789902,12942
0.31511555248674883,56407
0.7909758823993591,33530
0.34032140932654875,8177
0.6957855028769955,42256
0.2803269090729048,72280
0.8605261325855754,47397
0.6942892974259516,55897
0.27262132974990216,7920
0.22247760768759534,42924
0.08888888014651411,34365
0.06295894356098891,51929
0.7746219391362948,63583
0.30103146493298716,4862
0.17853496796352758,75312
0.14623765991389068,10986
0.11510165404181116,46054
0.1474580187569896,43148
0.7714707254329082,11806
0.6779057673811628,41038
0.32626297544877975,59259
0.4704950776336256,9650
0.526960756709957,22100
0.07770743014474468,16260
0.3508501535868769,18171
0.2907982547939631,64386
0.3569103463286239,8121
0.33662516604582704,64076
0.06786092786027026,75569
0.32122318370247,15009
0.3171176830444139,74508
0.3542028167737896,9416
0.162756994291269,71767
0.13172001025541738,32748
0.2808862538316763,49696
0.2972148916329058,25144
0.32895329475004864,8799
0.32723145318873786,11742
0.28889275119473956,76788
0.28376958314633416,15620
0.8344672445709067,25817
0.6201514821949243,41336
0.00999436105734859,18362
0.34231516269202134,43564
0.42760567110747705,78015
0.31098178612041205,16207
0.05644218547237085,47038
0.8665387312129246,10337
0.12547284147118445,30553
0.08850170408446718,53610
0.21338160057500638,34929
0.37950317352902335,24205
0.772672625128845,33759
0.1316328068471329,2655
0.7485805336998489,55599
0.20776289783346938,43247
0.6604120121712764,21819
0.08488672442960944,66674
0.34938455589885065,12975
0.5979159697188107,65356
0.013879724984989806,11597
0.27343368306283544,66047
0.35769906230319903,63395
0.40190720205447666,10130
0.24813472543235898,57501
0.6650802951889808,77067
0.40566935280154764,78003
0.1799637870099307,47701
0.7916032430586439,37390
0.2643261212492912,30667
0.5142461803329085,558
0.2545340961112553,62510
0.9998920022648672,21447
0.25955194868561143,18014
0.23543096934698465,59100
0.41686602659422634,30227
0.5411484400573914,33911
0.15886861031174143,63576
0.9361044008847916,7433
0.36904018988786463,11921
0.9998920022648672,71271
0.19370751852990964,9229
0.38785418570508357,24241
0.23765409870071935,37925
0.08986693042843207,14457
0.23930694097164712,6930
0.12498132443838472,33299
0.21874152983597933,9618
0.589984009995943,42596
0.7038797709246054,1920
0.09135906846511122,45593
0.3303703319180677,74706
0.1573610316856328,74318
0.229177653327826,73512
0.32052971710806166,72278
0.19463620159473966,31913
0.20617376003899052,49397
0.10776477823517062,1950
0.38665249911313604,76879
0.20237716810438638,44135
0.9998920022648672,43373
0.3795295415324042,2366
0.3777794833634121,11699
0.15014333356308757,50392
0.24705424162579231,22726
0.23941056987475076,27453
0.9998920022648672,62752
0.23150686784984972,33616
0.2969034377574441,67914
0.1889077966272642,15142
0.229177653327826,24279
0.9998920022648672,14552
0.9998920022648672,67440
0.19683885634188916,22598
0.9998920022648672,26326
0.26226598399490686,49117
0.3081863365449263,47043
0.08925538008612112,72024
0.9998920022648672,72987
0.03585245531082044,3061
0.4471821421519934,70686
0.1865931479162397,58446
0.2991933386758234,48283
0.21308427236210153,66119
0.5644545063682549,21072
0.9998920022648672,70431
0.35293712578804465,72483
0.2344121397276801,53032
0.48697598045156276,34949
0.25238972051913144,59406
0.3688886245551194,40392
0.056747842972750075,21102
0.7611170007955429,26998
0.2065870894236979,49714
0.2143232155890629,52588
0.06270860130345553,20230
0.061944424841059345,19155
0.2477556412777207,48349
0.2689727124392539,16066
0.23547678634077274,62072
0.26056431778243827,63088
0.37424040309451134,6164
0.735070883186251,9472
0.1932579783700839,26784
0.442694734669979,16570
0.5089105291818862,3811
0.3895737401783237,18741
0.5070271569949532,43626
0.16155500566166492,1653
0.7828752456661823,66952
0.27324394818893644,17199
0.29527477930092094,69854
0.705140113386479,49005
0.3057185284303892,48693
0.31817462684586517,10356
0.025651201423345663,41012
0.3232309588195528,71205
0.2793357284355422,64362
0.17922884547282025,48044
0.7929437213751566,73674
0.4611735970883214,15022
0.232030897975189,42245
0.7229714184818874,40439
0.518474292397123,21184
0.2705723887094462,74515
0.25422939214432183,69536
0.13798348492455215,6631
0.5293147305785783,52105
0.08717199254832686,74690
0.01778722480686573,62029
0.4551172395325683,6806
0.9999257387809674,13471
0.11783791782176292,51358
0.8304379464856271,50709
0.9998608130994078,37086
0.7219384433860138,71399
0.2854283196869416,62143
0.057865376073027164,74073
0.8095800774405961,63043
0.1658834161513706,13770
0.018275637480548806,45531
0.027396919437566062,10524
0.9999257387809674,55249
0.339129111976043,15296
0.2892733786405486,78038
0.22891776649094048,64687
0.35028922778123844,76345
0.7936835228513467,29251
0.2468645604700046,45381
0.13007724585812785,45988
0.9999257387809674,56628
0.15534272686973005,2553
0.5912611637494182,39744
0.12529193458548663,57804
0.48940838539087506,25715
0.9999257387809674,15933
0.5363221921657619,34434
0.9999257387809674,25103
0.01754846742021335,49955
0.42895886324513005,53768
0.9999257387809674,40732
0.018374811236785877,9033
0.016512899383608063,34580
0.7822736606886074,20928
0.7637889026677698,27210
0.01659218670167382,33371
0.4668545826138441,12301
0.9999257387809674,68796
0.8397407424436767,69759
0.598027767371321,48792
0.9999257387809674,21425
0.5041730606861555,10361
0.05550921026105268,33587
0.9998676463493836,31404
0.27561051175390106,19660
0.33287399627992736,26910
0.10635173337117125,50913
0.27929081914356935,17183
0.9999257387809674,73351
0.9999257387809674,17301
0.7632058540456153,3440
0.12085852014720067,75807
0.7187834797121744,16428
0.8702240409347894,46625
0.7822736606886074,46024
0.4134993700744474,15251
0.7637889026677698,65251
0.9999257387809674,66096
0.4685689226376586,73354
0.2397144457464401,34876
0.24957287468074496,43372
0.9996392210089396,3810
0.23295478540800968,32357
0.27700215357497693,38312
0.3980026275091846,33643
0.24925896753610402,63823
0.3735667580046271,1627
0.2016647716828576,32876
0.6269737380450193,61921
0.3001278199307001,46009
0.34074002748172033,63590
0.2811894424758905,48128
0.14680442194826446,15958
0.9999257387809674,76450
0.7972064952802294,58716
0.25075990943603543,29411
0.13394437201326154,50132
0.9998676463493836,44611
0.10238848524950164,48218
0.7637889026677698,69073
0.24231564733442237,15702
0.9998676463493836,17564
0.3224744422874634,66555
0.31444701051184454,52108
0.08355215817243075,22186
0.7939923927818454,74599
0.42563390642024157,67937
0.2511800810661548,39714
0.9999257387809674,4647
0.9999257387809674,63351
0.038140251040667414,44292
0.01659218670167382,26652
0.9999257387809674,33718
0.7822736606886074,29073
0.1405014221231407,66447
0.1250259419402867,5675
0.0273020672823833,55895
0.9999257387809674,21989
0.8541105913889713,30867
0.0154596598080446,15004
0.3552592358104736,11420
0.2881567877481115,32275
0.015365360920317487,46666
0.01659218670167382,46623
0.9999670483875815,12240
0.9999257387809674,62599
0.3312248939391008,16706
0.9998477558914629,73225
0.9999490378453709,32010
0.15962564576214644,40986
0.8700576542820535,44499
0.9999359169597644,75661
0.4603244478851173,38429
0.8043450228954228,75566
0.25916624985811687,12810
0.6710929138222926,4360
0.8123059896980123,76729
0.863074777949361,63366
0.541521537694703,33827
0.9998857626785966,69386
0.9997732338236143,59255
0.14530203917736986,1817
0.999695235950544,14498
0.5930628134342628,31970
0.8130148787162157,77114
0.061667486860080264,18106
0.22339457864041273,78571
0.9999490378453709,27196
0.3963637477892286,50887
0.9998796702525052,5240
0.9984818268820577,40160
0.9998077667867942,62797
0.9999457784407796,46360
0.9999359169597644,41723
0.564195871646462,49263
0.17375126185579137,25231
0.8191209638284396,43715
0.27233637961350465,44160
0.8042866389119446,36846
0.9998990298583532,71483
0.2917182646146443,27302
0.9999457784407796,39329
0.423532285564314,24029
0.9998278507079936,12522
0.9999490378453709,54216
0.10926938384715514,59623
0.9997732338236143,75702
0.24744461226658732,22076
0.9999490378453709,68148
0.9984818268820577,65170
0.2952039236623347,60163
0.9998288243648541,62905
0.9997732338236143,29803
0.3824007195588788,36924
0.9999457784407796,45441
0.9999457784407796,60078
0.7477398063053485,61711
0.7944039089455366,27677
0.9984818268820577,76176
0.9998416556108762,5704
0.9999457784407796,61902
0.9999624390041173,60563
0.8120289252782185,78994
0.9998416556108762,50946
0.9999490378453709,21301
0.9999490378453709,78942
0.9999490378453709,61033
0.5241552514069616,70598
0.9999490378453709,4792
0.234660142392079,320
0.9999624390041173,38380
0.9999490378453709,10568
0.9999490378453709,5914
0.7955518050806745,72863
0.13913036129454287,54767
0.44115609525509,7233
0.28453570089470137,54646
0.9999359169597644,64913
0.9999490378453709,25793
0.08993927486134151,51365
0.9997732338236143,9005
0.603341846104976,32600
0.9999490378453709,56732
0.10926938384715514,73108
0.7990028569691789,5807
0.9997732338236143,67397
0.7954578774673137,52329
0.9999490378453709,27426
0.35406379451406356,41367
0.9998796702525052,65425
0.9999457784407796,70821
0.38002501954336143,69903
0.6314794900752999,23881
0.21544553461602015,73967
0.6984322624198204,65050
0.9998857626785966,62108
0.6846406274870456,69001
0.9999490378453709,76994
0.06526385056810036,79158
0.182671918201709,30869
0.9999490378453709,40643
0.8619154650073828,38894
0.06671952531747043,50431
0.17180636569362834,7044
0.9999457784407796,34294
0.9998857626785966,53584
0.7308022273916949,23260
0.34164557012599,43979
0.2662754864071802,27269
0.6487540714409494,30917
0.29390797215534303,6058
0.9997464129780471,45703
0.5009279148063815,22073
0.2837872507603116,65588
0.8667683976141711,13783
0.21947871320588822,69135
0.9999490378453709,10538
0.061911854072777404,44046
0.3248500333938993,10511
0.9999457784407796,28209
0.3469829234300768,67966
0.9999490378453709,10221
0.9992653376174032,3933
0.9999490378453709,13455
0.7148172619334846,3824
0.9999457784407796,38109
0.9998857626785966,23447
0.9998077667867942,56975
0.18329646510915243,71241
0.40442400398343414,7972
0.9997732338236143,60423
0.24874826550039625,62696
0.05081998326043911,27371
0.032882124704624656,3870
0.9999624390041173,55782
0.15200583445127808,78548
0.029495295658416583,26520
0.46576090754219457,47969
0.9999457784407796,10316
0.9999457784407796,35362
0.1412238133773729,31324
0.15126938581823293,53679
0.8690159047866115,59946
0.9999181565891685,62649
0.9999490378453709,8485
0.2405100124378196,43953
0.04698412649140524,6051
0.9998288243648541,40935
0.9997163906190836,46105
0.27841578118104876,55829
0.9999490378453709,62980
0.28741516165402364,62472
0.3112884447749293,55280
0.1885922807605552,9706
0.24902391715378805,10266
0.9996710246662089,76622
0.9998796702525052,62086
0.1210480880447681,59941
0.8579719149197789,49726
0.34446153422854636,10565
0.7419379924671606,3599
0.9998857626785966,45972
0.9999490378453709,22064
0.9998857626785966,49221
0.7165359592005087,50346
0.2482365886994682,65351
0.9997732338236143,68536
0.5857927298709961,4747
0.9999166381173892,76236
0.4349266344140372,49715
0.9999490378453709,41301
0.5574955935303229,71620
0.9999490378453709,31128
0.1649251297141624,79020
0.9999490378453709,58269
0.7567530934978602,50950
0.9998857626785966,60125
0.999448209178399,3018
0.9999490378453709,49411
0.9999490378453709,16361
0.9998288243648541,31111
0.9999624390041173,62113
0.9997732338236143,78884
0.9999490378453709,6488
0.9999457784407796,57601
0.8577696178516967,45211
0.9999490378453709,63870
0.5943373468000765,79052
0.18268033519089683,70345
0.9997732338236143,56893
0.6198306642231096,2420
0.9999490378453709,20044
0.4713411970002846,67022
0.9997163906190836,79134
0.04475749487976429,23053
0.2161652723336231,17060
0.9999490378453709,21519
0.9999490378453709,32845
0.7315026847730781,60205
0.9999457784407796,16925
0.7016377466464075,59695
0.8631614349280825,35815
0.2221617989147866,2037
0.5849489225802411,3066
0.9999457784407796,30049
0.9999490378453709,55262
0.7254342134815859,75650
0.29835643423986014,23483
0.9998857626785966,40640
0.8690159047866115,75929
0.7625440253199818,66578
0.35043327723759854,25569
0.1542028440529495,25990
0.05879307183675317,16499
0.6084277706440815,39760
0.20745587362032525,37019
0.7094880492294833,40319
0.18148996451103644,41191
0.8175516048358227,61749
0.9997732338236143,34270
0.9999490378453709,51445
0.2525065204555042,59895
0.9999490378453709,5814
0.27172131743900413,78223
0.9999490378453709,40413
0.9999490378453709,43664
0.28599711403241657,40762
0.13040371835978257,47801
0.2586046163690866,42040
0.9997732338236143,31160
0.8690159047866115,34249
0.313057991578677,48269
0.9997732338236143,7411
0.5380451065670027,59022
0.9995931524804775,22704
0.9999490378453709,13454
0.5211286285764417,37806
0.33732364507965357,27361
0.9999624390041173,56364
0.9999490378453709,9917
0.9998796702525052,3689
0.8120289252782185,27181
0.9997732338236143,70707
0.9994867160515863,36158
0.9999457784407796,28879
0.8236070107770883,69359
0.9994867160515863,28372
0.6598967906945993,72129
0.9998315321800229,39552
0.9998857626785966,58596
0.3608622278364457,11245
0.9999490378453709,54990
0.0008048164793434331,55256
0.9998857626785966,43040
0.9998315321800229,76675
0.9999490378453709,44441
0.8672156046083193,70035
0.9998278507079936,69375
0.9999490378453709,62669
0.9999457784407796,59649
0.9996592606687519,36000
0.8259241411842575,18299
0.7883057016918241,12772
0.9999490378453709,635
0.38212579562237237,71654
0.9984818268820577,16992
0.1426877348500611,76668
0.9997732338236143,76422
0.9999490378453709,52137
0.2205419620560302,9067
0.18268033519089683,19200
0.9999624390041173,48136
0.0671543301832081,62772
0.3789674568808256,51802
0.9996592606687519,4924
0.8827410650911274,62171
0.9997732338236143,17111
0.7319246045782103,47651
0.060932352932645796,2348
0.9998676616062042,32443
0.25362061256810164,69158
0.9999220809643077,74890
0.08116929740854298,46629
0.1438412671014004,78079
0.7722336156334891,41629
0.13371194837977113,64231
0.32864910059345653,55310
0.200844220654175,18813
0.770397115930419,51575
0.028289535876521416,63926
0.14129495890865243,54709
0.9999220809643077,23448
0.9999220809643077,26845
0.5932343930031349,31590
0.19462352587473225,12027
0.99963556319228,55049
0.9998715974027432,8563
0.7911734186727638,34387
0.785907954164454,29715
0.5165075917095582,57624
0.4926212559492573,7046
0.30337295348412835,52077
0.4079995447563498,35054
0.6366744970046071,69811
0.7128397138652822,78235
0.9998676616062042,62745
0.871770267372651,46157
0.05014987451009488,10412
0.19549582113935898,1951
0.8125441031731591,21214
0.771081732490109,74102
0.4971656717539825,72208
0.5074741133939615,21976
0.9999220809643077,20045
0.9998715974027432,18962
0.9998715974027432,31816
0.07660427457197946,2275
0.515280710200398,12939
0.7436098139674081,61994
0.3353258548993834,45214
0.23938867523251572,34034
0.36351279742616105,60111
0.6961480508984649,57017
0.5074741133939615,35614
0.05136784011484867,19423
0.7974734978153044,77555
0.7220042361351573,74146
0.14464112260561418,41543
0.3021753886960419,37212
0.10117738920601019,24742
0.7729998448544994,65884
0.2939313122095595,2261
0.774109859395993,61861
0.7729998448544994,6278
0.1683650436884058,592
0.3954586925774841,62864
0.9998715974027432,79193
0.7209952694951676,46104
0.6909556426090628,42688
0.7376347221104718,55033
0.25381232111939955,25147
0.25703439249383186,61597
0.8150902110536866,24757
0.9999220809643077,8745
0.9999220809643077,35051
0.3487959527165578,19347
0.99963556319228,15488
0.785907954164454,256
0.9998666126868958,7284
0.99963556319228,66958
0.050600815644431876,63084
0.12916054911882452,20898
0.785907954164454,27208
0.9998715974027432,23087
0.26662796232857955,61808
0.9999220809643077,73536
0.9998676616062042,65783
0.9999220809643077,71625
0.07972650891422828,48813
0.9999126650124137,65452
0.05921835284863106,60011
0.7730123955429438,43226
0.20745565498959598,30777
0.9999220809643077,14194
0.038065197134231066,47633
0.7911734186727638,57803
0.9999220809643077,29656
0.63055448703234,48818
0.7761206894999687,51370
0.12499823102476285,51053
0.061438604318561546,16117
0.9998715974027432,23950
0.293949106588031,64069
0.9999220809643077,59966
0.04442920703278838,10223
0.21842071181003964,58727
0.7303486543585276,14180
0.4605914495474559,21144
0.7924110850903566,28085
0.7877255287347794,52133
0.4971656717539825,28014
0.21351904084747478,46567
0.3187250015698249,34284
0.9998214917165873,37339
0.9999220809643077,28547
0.7626583426511817,61763
0.16004203788534926,11930
0.9999220809643077,61010
0.04077435783126439,35498
0.17140365350668565,73375
0.9998598038421088,7888
0.2882948293734277,42771
0.9999220809643077,40742
0.058677811992914365,17046
0.6534989308031227,11269
0.25901008582439455,46639
0.7459979905174785,6334
0.4971656717539825,75501
0.9999220809643077,65130
0.9999220809643077,26471
0.9998781937767721,36649
0.785907954164454,29874
0.22980733034932208,60072
0.1577942261976864,39052
0.8081036004566501,37
0.4382022714873959,24152
0.8407312598454573,11826
0.8198300266795422,17940
0.775277615923678,28556
0.9989265001667171,30506
0.33291948701669066,58106
0.774109859395993,48701
0.7609302717824887,20093
0.3113614402776198,74992
0.4926212559492573,15859
0.9998676616062042,79203
0.9999220809643077,72330
0.35113087697994105,29961
0.8126183659987871,23458
0.13138310298795242,12013
0.13367133775139073,68233
0.06229630219822841,1747
0.21842071181003964,73465
0.33863110456205925,73016
0.774109859395993,33482
0.9998715974027432,9245
0.4956129550335392,20423
0.06955132232620444,75255
0.05480742262126281,75243
0.9999220809643077,36724
0.8081036004566501,60720
0.23467832484837367,52116
0.9998715974027432,18892
0.9998715974027432,61607
0.8485816178466195,37450
0.19004363494562942,10687
0.21842071181003964,76357
0.774109859395993,47007
0.785907954164454,59568
0.9998666126868958,48698
0.21487839102630432,32315
0.9998676616062042,31358
0.6957657989768238,5493
0.3092717609792406,49064
0.9998715974027432,60840
0.3669744999178475,64304
0.2513016936218906,77518
0.6517878333895968,64378
0.7190042012288764,42876
0.6851449865294942,50868
0.12897437860492755,25379
0.6283580120155237,32643
0.29747441996252405,44325
0.1277646013616725,38597
0.23678530337205078,10639
0.4251877076319311,14902
0.07286476055636314,62782
0.32419399876528704,19341
0.7628281267441017,25922
0.6209190288548239,55064
0.33340041896654155,18034
0.3509524921624019,24562
0.556025189915887,17635
0.33401359702300126,39698
0.08219234592015691,76241
0.29882666495931753,40005
0.24877861175041474,73807
0.0966532042432547,73260
0.4373467547642631,51456
0.22702729264356808,10845
0.2843937526966247,6909
0.021481106306223647,49273
0.15158863656391683,56152
0.0487386209021353,28758
0.5450860199820357,63311
0.7768885128957899,38139
0.722087641560478,66794
0.4866415796462561,49089
0.2694017580690294,33039
0.6687485219479666,67510
0.574063539419678,59901
0.037684393926271556,570
0.28255613009089187,14634
0.3446205326622893,49045
0.02178943482447399,16652
0.39370992827445,56698
0.8411248652917124,68307
0.3245312526358334,67866
0.4603741154594021,72340
0.45701422811343906,27660
0.364050619625675,42236
0.14686345384591265,15440
0.7486963852849686,28288
0.2153499781535041,30986
0.40108049832321957,1895
0.17923651195471593,16703
0.29698653452989987,17921
0.7571628660861052,50522
0.18685771692102932,49893
0.19997642471784083,17275
0.2865865469663785,21382
0.6954072233121031,20235
0.10010205215841182,19872
0.49269020416869935,6045
0.021787987184015253,15053
0.3885052394037001,60104
0.7078513004831283,72949
0.6655995817993177,30654
0.4948676986556777,50386
0.7122278055056199,25906
0.2662473020813546,5393
0.7139622493735112,38204
0.0563744748538663,76659
0.7927018861095008,47114
0.9998001788675555,73084
0.2738678687004502,42941
0.27844317746185526,73106
0.9998001788675555,53880
0.6313628995817886,76351
0.6183622801759222,59253
0.6796561369321802,9309
0.6593566454843718,49387
0.9990753825787705,28352
0.697420051383955,57015
0.29165731727195443,46767
0.03368619143700712,75081
0.1604682180408411,20952
0.23404412459229268,49493
0.6468143201624776,66099
0.4370478158487231,10209
0.06316569393307152,66568
0.6210900333605227,22150
0.16489931420595955,2940
0.26790616171752873,10600
0.20173717729159926,37146
0.38643209203091,40722
0.20565666534586236,443
0.05342986022430744,10589
0.9997638574867544,64830
0.46633659436362923,43871
0.29563275746503864,8246
0.9997495044574995,17630
0.6936481746111736,64809
0.1956358424924177,27743
0.2634606702070236,56793
0.9462996967632282,34018
0.2734207545430637,69813
0.4176580144204076,11323
0.9990753825787705,78024
0.3323262875350608,51371
0.23508792273479753,21062
0.544450019978703,42916
0.9990753825787705,10058
0.29895392386756725,27747
0.026313887605977793,27316
0.9990753825787705,29363
0.03424960983734506,32544
0.7669654091444181,51332
0.7431202947715567,78423
0.25468325340688824,43827
0.37487447367661314,58735
0.9997495044574995,54079
0.9998001788675555,29883
0.1706661940557035,55163
0.019871146303687092,55487
0.5755376192884901,7045
0.9990753825787705,58481
0.3736505505395671,29318
0.05545271797993566,57610
0.2576191410087518,70993
0.29797012158413705,28394
0.7024306996175496,5098
0.1330544636153816,21712
0.2857450967517754,30858
0.2759327661254537,17819
0.28963275866062876,42646
0.31151437840934176,12381
0.1372829601441172,76672
0.35730288392519316,14589
0.07622812221594924,30532
0.02508472822817803,13312
0.2710341559093254,62644
0.027992425901596403,74168
0.027265541517395613,70078
0.9997002540618632,46434
0.34987644912592053,22116
0.18466286195243914,62525
0.6930398816779199,27259
0.3171689628115355,57773
0.24418727982609711,17822
0.30363938637890675,22463
0.05849890595102763,7961
0.3450916594012853,14441
0.1999192323077246,40210
0.2195068469156245,39024
0.9998001788675555,57142
0.2272206562572515,32834
0.7572381066806151,73150
0.7610629078004261,16662
0.2417333527145974,75267
0.6358568160400284,8657
0.5465203476270466,62390
0.21888301207575545,35344
0.3606528633397403,62458
0.15157204264576327,65038
0.043468375619115825,75380
0.2386065166863204,77420
0.9998001788675555,45511
0.6193822528609011,48890
0.0015959947975455466,13274
0.5587575170419676,20203
0.2708170905227394,25396
0.9990753825787705,40769
0.08928304835284794,16060
0.026893090061046412,50813
0.3896508115923648,65610
0.3585194987663978,1844
0.3464525365389842,17670
0.44872278634091806,9437
0.6282832679062177,70609
0.023528461260568317,18326
0.22469178904013729,57418
0.34783718194062097,19782
0.274175728575288,13407
0.7867249381064033,12151
0.35884605814343173,61537
0.0956272792580988,28452
0.35830913582613444,61732
0.3366584231470893,5746
0.035227252467518275,4028
0.1645917983825645,65019
0.3738915149967057,78128
0.7572591470142189,17501
0.210175361671439,38666
0.1789368815798613,36732
0.5130538564304978,3938
0.4007232956706983,62138
0.4961167113614943,4415
0.3842191799225539,54177
0.26888534609752135,68683
0.7763443181305646,50530
0.9998001788675555,12119
0.20199307522633156,7508
0.18800158054136487,69051
0.821684398047267,73334
0.02373641771708234,19477
0.17737357252679906,72611
0.9998001788675555,33972
0.9998786154489331,36164
0.07975840437338226,42460
0.27056199895830435,53334
0.7141173733949443,53381
0.9990753825787705,5256
0.2725500815446585,38726
0.036606366039040904,44877
0.19663219000789214,1056
0.03424960983734506,46649
0.3530528051288037,74049
0.5733141757948896,16979
0.9998001788675555,67062
0.24155396869015255,47995
0.2584605106228994,14127
0.9999138544768127,28901
0.1713122634841581,61502
0.9999138544768127,67343
0.9999138544768127,49178
0.6667091349863496,2971
0.6241181481717856,13834
0.6263215257483336,29551
0.6366697591016135,39768
0.9997046224439967,56195
0.3132735376160821,494
0.3268304974943381,50111
0.22051424375387468,48889
0.27189905055047114,10483
0.7996231746481853,28524
0.4212303671805265,6027
0.7298355228417697,23366
0.8045011570594958,30845
0.9999138544768127,8253
0.9999138544768127,64357
0.023080611493212555,22690
0.5291556887362742,65454
0.5619993061735696,53556
0.22250942164484416,66921
0.43795822574043924,55325
0.061983227320175194,62410
0.02453400329022355,20896
0.20859648450376062,75076
0.9999138544768127,27415
0.40173308883411296,23242
0.669605906939847,53740
0.17203140917217574,43910
0.9999138544768127,32706
0.813592058533666,54472
0.7102159309744097,46070
0.731146577067524,76166
0.2683188232599939,68259
0.261743701722034,20109
0.8642443628101484,14926
0.6974470668022745,33691
0.7996231746481853,46061
0.14619785465914212,12564
0.21415639570997522,33584
0.40588367938003095,36788
0.7793005819712804,53527
0.9997372377045455,30347
0.3804786254345166,63986
0.9999138544768127,9047
0.6382235993226202,74252
0.051926780004175464,68944
0.29801235029658657,69507
0.2572487805236169,57257
0.049906461335729096,44722
0.7044994528898261,6923
0.35393945242515346,661
0.20087503359893844,7638
0.14636258807536726,31646
0.2769827588901005,17672
0.3396238238299002,74855
0.6117713557119016,75345
0.8497499954006971,63139
0.2991955189997883,53085
0.20035697936855218,51469
0.33651070494688495,51668
0.7927799094855537,27168
0.9999138544768127,39323
0.15056675425706295,35037
0.9999138544768127,53445
0.24629654652254615,34230
0.26419991918380975,56783
0.26117138603976653,59981
0.9999138544768127,67946
0.9999387189236133,297
0.37529700917927666,51017
0.18141876633351284,18297
0.24431605372673018,7549
0.06233485951715261,7943
0.2236201205682398,53547
0.22140890425921708,17530
0.9999138544768127,72735
0.9999138544768127,29406
0.34149374745927835,75386
0.07497291201329172,29182
0.27088030024658494,20535
0.26342585391285345,26412
0.07102131720145069,38493
0.5301947911198812,42624
0.03741537904205555,9639
0.7971709166054127,49908
0.20182095559917645,63000
0.009485602971819976,13796
0.07784149659837379,23239
0.9999138544768127,8382
0.9999138544768127,64171
0.46129937617430666,49630
0.7948144543160487,68423
0.21024060368110536,1884
0.08640311878532342,69727
0.282607016580332,27074
0.20016191955729776,32976
0.9999138544768127,30566
0.34189698182994965,25219
0.07561463615244586,16376
0.6278293833782024,4762
0.22298417649596886,75449
0.9999138544768127,68260
0.1338988469937382,9885
0.8029322950201043,45228
0.25943038409140085,20638
0.8096304075655749,23213
0.30762576527191554,497
0.21332415903538207,44465
0.38265528028905704,4009
0.04635606883961951,60521
0.2708090952245354,73421
0.32899528591387484,64792
0.9999138544768127,31251
0.6659079894820226,8631
0.4847258474731352,33441
0.4759118905098724,57208
0.7641685644801489,25596
0.09831822341314557,54893
0.9999138544768127,34263
0.9999138544768127,71751
0.028075023612697935,57812
0.7326910620551739,44513
0.28484367188238163,36520
0.2753416783815445,2671
0.43377536809194717,17141
0.5014992129270256,60033
0.9990883437170641,46147
0.05035897248538743,67620
0.3594471876557532,67446
0.7658818780185166,61856
0.17244125341917144,22924
0.19297630322478782,42465
0.22636306836578826,63334
0.04830540900394861,46836
0.16573749976754787,45469
0.061339243054382916,33415
0.0241534291705465,59137
0.04455555485770986,35878
0.9998920022648672,20715
0.17244125341917144,48592
0.46503539751859946,24400
0.1601361676478916,47704
0.7220151863914951,60097
0.3297908528285736,30847
0.08094796029577388,8525
0.25218896677177594,67639
0.2380168368148715,42323
0.23890804094685844,15523
0.9999222172092825,36660
0.6551704794343663,13845
0.33526268564141215,22415
0.7792667319157087,1996
0.2631960774478596,27529
0.19031509479175412,60262
0.15362016669237505,77334
0.5470294266776676,54556
0.009795806465606424,43555
0.14036493067884037,55798
0.2786887279028533,24436
0.045677753020665526,28835
0.7883563841779373,78076
0.6879314889450253,57200
0.11965395186557523,37744
0.729449930255252,56175
0.9998920022648672,43627
0.3748501225290715,9423
0.19335538426116683,2979
0.3729161329893216,69110
0.9998920022648672,68127
0.9998920022648672,70115
0.26120451269332967,1116
0.31469718999807467,45784
0.9998920022648672,3089
0.09575803945735772,46554
0.7715922016943562,69003
0.0503788123672224,4262
0.9998920022648672,19334
0.4188000581460701,23556
0.4471152214634262,18800
0.21618982882400026,23773
0.28656000972746676,64515
0.12363199218625444,70561
0.03410961152598593,76083
0.24952085464527687,51691
0.03129888911741699,21768
0.1892040987345363,14962
0.23194924390271782,25412
0.36906285669652444,14482
0.289253379100748,7026
0.32866447866971793,55660
0.78936045481587,800
0.15287571002647576,66268
0.3471327750515411,428
0.2075138070515395,42680
0.9998920022648672,74548
0.11678530026224516,71551
0.286379123130899,17274
0.17214841607907155,11883
0.07277932469618346,27115
0.26814909288665567,75442
0.3638801635409788,75282
0.9998920022648672,1392
0.1299137139627562,33002
0.017238832544711178,71674
0.3179012405513373,7635
0.014932482521551507,29992
0.7931825530713931,19516
0.22890661234507748,30991
0.6838114842613674,31018
0.014258290324837938,64681
0.166215718939445,28461
0.029671258548286956,71360
0.9998895289518912,39219
0.2126809564654183,77088
0.43977646040968954,4024
0.009865354945131053,44707
0.9998895289518912,54797
0.017505195301240558,71305
0.743412887065933,61822
0.3421224163209844,54673
0.10450188928241748,46979
0.2809755970276007,12289
0.8257184968159099,56495
0.016077766565915228,17574
0.9998895289518912,58482
0.9998895289518912,23124
0.24603309888813785,73892
0.7134136012045541,3884
0.3773342205806562,37181
0.0433288795747829,67851
0.024700726117330558,12835
0.9998895289518912,42846
0.7500521150070125,18403
0.09805705953014958,40181
0.7772595939470406,566
0.3421224163209844,41834
0.15261557077297194,4834
0.018084716605940965,70977
0.856077125020918,13419
0.4947880118940091,68961
0.10113153896551563,58242
0.17181439199694556,63356
0.9998934647484301,29755
0.13519620775120672,67429
0.9998895289518912,5948
0.024425907617210075,79076
0.743412887065933,78538
0.3017621849751826,21347
0.9998895289518912,49307
0.743412887065933,66334
0.9998934300881751,34652
0.32609307161764806,18757
0.3113773883014655,24396
0.9998934647484301,73332
0.09918605801490843,35562
0.34208152022824134,48069
0.017095010119993898,22552
0.26919509939148367,20479
0.9998934647484301,38032
0.014185347570307394,49633
0.46941734733245544,65278
0.08316096356143819,75368
0.9998934647484301,21943
0.01818372045071037,56092
0.9998934647484301,64227
0.9998895289518912,57321
0.3462903471494488,50691
0.9998934647484301,19690
0.09887262298262323,70618
0.12135635047656096,17153
0.018084716605940965,29205
0.303149586490352,31997
0.1106992396050034,57646
0.9998934647484301,66771
0.32609307161764806,77382
0.012500077358385249,49583
0.08803756596187959,41788
0.743412887065933,78468
0.12888776640806904,685
0.3415943321200622,21605
0.6286209275111972,59859
0.10454230140063957,20170
0.01818372045071037,70780
0.9998895289518912,38563
0.02111889878204324,74606
0.9998895289518912,25136
0.3532668773100721,49985
0.2722793068251515,29718
0.020033336867904844,33206
0.659525057903654,56126
0.219977988455139,74921
0.9998934647484301,44473
0.9998934647484301,31219
0.7969294097051897,15927
0.018084716605940965,39200
0.4165844545416829,8626
0.08922721806948873,25105
0.9998934647484301,19143
0.8182693409135742,16572
0.19531634892264943,75960
0.9611811193752844,66063
0.33836639821972925,33360
0.16810308503339966,21574
0.19729139033438675,37906
0.3262189832592286,14781
0.9998895289518912,47574
0.013296662241218457,26798
0.549836782861375,58785
0.47297677187482584,10716
0.13415021412031397,25855
0.01651365454467092,61161
0.9998895289518912,31369
0.2958928207473333,36428
0.9998895289518912,9002
0.25775866781877804,1213
0.014282963433357002,70516
0.048968208529485475,37657
0.42420356618663485,18345
0.41485513027359855,31154
0.12515215059968057,52000
0.23123265913446936,45279
0.817834266774256,66616
0.35514849887282335,14124
0.26262172017233454,40984
0.2324760936616754,1096
0.3297565290516834,13883
0.4083088009954057,19925
0.5983363682487689,70901
0.3297565290516834,1161
0.9999438713823163,55108
0.46122259814520156,33980
0.36279321988866264,78512
0.9999438713823163,68305
0.44441285786392004,51787
0.2619462031888897,64183
0.03883779065557153,34342
0.24717103933942725,47656
0.9999399355857774,21469
0.8600979947495493,69488
0.4602018572726239,71741
0.32665004767622763,36136
0.6999131815779506,46337
0.030817953770962758,69651
0.7516983716235829,13436
0.685727141115952,50482
0.03405059494225588,20157
0.42668787849855017,72314
0.29935005196040404,29766
0.9999399355857774,31542
0.9999064234748907,42300
0.5250378381357869,33271
0.9999399355857774,42037
0.13335805177572857,19465
0.6480967527892068,64095
0.09546895794099171,37764
0.6949230659546519,53935
0.24007900863565534,78811
0.024006263998042367,44519
0.19791312661225438,14440
0.32450080106432333,17166
0.18189393608283896,20055
0.31705563376447576,24155
0.10520598156317493,30286
0.8024729908268171,41477
0.26181921438462136,41633
0.5196372248702024,26708
0.21199644691882003,4577
0.13531557718231027,68772
0.25623122766947376,41680
0.7447719149337872,77574
0.4764740872123424,4723
0.04932814027787164,47851
0.3611253083774968,55265
0.9999438713823163,38035
0.32950830851237906,48095
0.5634280350872025,7033
0.7518411977514933,38620
0.35126618883287614,330
0.81062871664403,9629
0.24208939172745536,50625
0.1635174963436054,7499
0.46473466769099864,33618
0.12515215059968057,25118
0.42668787849855017,7400
0.7700205357633846,76713
0.787539746654502,18595
0.5918225090848166,51940
0.07962514813553966,5608
0.11512099054754933,68685
0.9999064234748907,19978
0.4836762723452781,79099
0.15656750360863064,210
0.7952698680891139,45483
0.8351057196661857,3272
0.23599906199383566,66541
0.3244488527222115,10533
0.7182455115557206,44240
0.9999064234748907,55187
0.008686465007791393,75444
0.41485513027359855,6213
0.9999064234748907,65093
0.9999399355857774,73111
0.7853358422840138,4103
0.03590226245222526,74467
0.4479733987424639,9341
0.7949926625405133,18527
0.43093295841953505,55245
0.9975229490217798,15733
0.3263290122969831,12044
0.2759108596245681,67265
0.5526154172723655,1869
0.015128138881199191,72661
0.9999438713823163,14678
0.22381385875744722,11442
0.80031977280365,75392
0.46573667833871335,47362
0.32295918778626087,67508
0.35486062296133514,40137
0.7338941413328037,6705
0.4688805994767307,64374
0.9999438713823163,61143
0.06771208672050648,64086
0.5379548652456837,79273
0.9961229490217798,15589
0.2988453452156143,695
0.6668626022916414,22114
0.3381973285757679,63309
0.5015049045620894,51673
0.9999438713823163,22258
0.1050588027691306,56517
0.7642154713834292,67651
0.4062824673012856,69166
0.34987517562965276,27704
0.7592175706162854,77908
0.7823100893867891,40795
0.27067663785628215,11293
0.029323810897613694,53970
0.39303956523673345,71891
0.34836949737688033,36332
0.3511589016805216,54712
0.6190861719959208,71698
0.03808353232917894,29049
0.029176507507413883,42723
0.23043837263596303,39081
0.9999455671975858,61708
0.8083933690481713,26373
0.7904026425106813,44872
0.478955605539482,27917
0.32751049705919855,63833
0.5909934041859113,44773
0.21653020492122785,17041
0.12949429123503758,43152
0.07903584847248375,76355
0.9999320525121181,77162
0.023867914885442078,40955
0.5266852577272154,40598
0.10452618282952965,76712
0.19021811134364183,34623
0.9999320525121181,68021
0.26825106791406694,45803
0.9999320525121181,76705
0.8540186307936048,38736
0.9997991420299949,29456
0.31469697959775317,62695
0.015490262159644722,55919
0.07056726729855693,54817
0.46134408437325797,56415
0.7714564827429009,68946
0.011307352251370988,61395
0.8234694703165186,42679
0.580949244672663,30021
0.27964128619431866,387
0.9997991420299949,33928
0.3382549152403817,50614
0.004750257255873113,41793
0.009487769209005953,15186
0.009487769209005953,56912
0.09815453054588205,8119
0.14158025083916428,69836
0.27964128619431866,54305
0.9999320525121181,50299
0.007444341656736133,46717
0.9999455671975858,24784
0.5781807831132715,12077
0.012595907964924753,11180
0.9999320525121181,37137
0.07569760013476341,5915
0.7465101732188537,49609
0.9999320525121181,11529
0.014482431529273863,38166
0.7754424867255575,53011
0.7264383717576877,68667
0.24198577468464502,27051
0.5513934865171443,6781
0.877875935543952,44892
0.23266065979973743,20048
0.05838437641424799,27658
0.9999320525121181,9400
0.31935303392617975,11220
0.9999320525121181,46708
0.06318340826987813,54291
0.5856214524746425,19938
0.5781807831132715,35158
0.35316403096515525,48672
0.28672979870548615,43352
0.9999320525121181,52235
0.9999455671975858,41341
0.9999455671975858,33823
0.4650386394418273,20257
0.14353944954559655,27207
0.4223488203652337,61408
0.12924619346456712,16227
0.6297789524455242,27758
0.8203788621065411,76272
0.05271107424324121,53252
0.5590504831355249,14747
0.9997814465083356,13281
0.028517680041933963,66169
0.8800566421293847,59885
0.430748172273658,59813
0.48828220265315336,73981
0.7714564827429009,47368
0.5898202066697926,56036
0.5452564477220496,4536
0.5621183976795389,43095
0.381401473308037,64596
0.5837099581036838,58052
0.9999320525121181,68113
0.7086182303967823,1757
0.6977909286902234,74355
0.23782909415405934,79127
0.017931587924488998,22025
0.9999320525121181,27008
0.06965881725782264,37031
0.004975495591078806,36949
0.10309190145605104,75014
0.35510762049598527,63691
0.7702921051222895,54166
0.34542295091438774,15151
0.9999320525121181,38547
0.9999320525121181,23573
0.447415059015666,66434
0.6610856155120358,78817
0.6710388357725977,37272
0.409966866969735,25826
0.7465101732188537,57731
0.9999320525121181,50045
0.9999320525121181,34264
0.749226293291422,25104
0.9999320525121181,66227
0.2793315370824912,55402
0.2509791146258879,46729
0.9999320525121181,75222
0.25735704398015674,37697
0.3345973579308271,61452
0.008063220171944909,56362
0.013304827011877768,49951
0.47716362269391477,5207
0.1345893215684696,17791
0.3812667436435623,69111
0.9999320525121181,78195
0.34671638412378036,917
0.9999320525121181,16912
0.3713905566316559,59156
0.5153544097364868,66721
0.27557636694359733,23040
0.06585179809597694,31286
0.8422010492734278,62503
0.24584841042855343,11137
0.30004393740538615,7974
0.9999320525121181,33698
0.46813353124673474,12420
0.16778320108132008,4020
0.12735323332486387,58831
0.732279254113368,24189
0.24748313807275324,62577
0.023638589480464385,27589
0.998516881437211,17159
0.1953038617700189,72179
0.998516881437211,40892
0.998516881437211,6807
0.2942779770818046,57814
0.41475750611888784,35519
0.2617465688879617,49048
0.4452599556209381,44359
0.12735323332486387,57276
0.998516881437211,75302
0.998516881437211,16451
0.12962033397099657,23672
0.9984862735418678,39160
0.846399634025413,43745
0.6804406951970541,66135
0.39108097911464057,20947
0.26015894525535566,52636
0.329628587947968,60849
0.777420292620233,4002
0.998516881437211,53812
0.9985271877127443,42866
0.7334391140540302,3771
0.10662421138915848,53837
0.05076289995140172,1503
0.998516881437211,38986
0.7308339119713916,63028
0.05189730881275022,23245
0.01342378738635859,50017
0.998516881437211,36944
0.33124531540301877,14022
0.1307093587715132,73195
0.48966154622231506,11037
0.9999121901365147,11937
0.998516881437211,26017
0.5179060614818407,11110
0.998516881437211,75126
0.9051057768401363,48625
0.998516881437211,29670
0.998516881437211,73958
0.8590631826314244,40078
0.998516881437211,2838
0.8285619477140779,68755
0.779000642419571,52673
0.20885626100372626,22332
0.7121300311101694,50935
0.998516881437211,14319
0.998516881437211,4696
0.6033953091872973,73253
0.03082807060151793,5242
0.2620467871448795,61481
0.7521662670643522,11546
0.998516881437211,12501
0.2306484308566023,42719
0.7416067255562657,7339
0.1315345421304363,43285
0.998516881437211,39575
0.998516881437211,4483
0.5836100885881961,51617
0.7556031542225609,73905
0.3929500238808882,38898
0.998516881437211,37252
0.5820525618022081,10074
0.02559693879015284,47994
0.19089906546225022,49753
0.998516881437211,6611
0.998516881437211,75170
0.3675265700616413,40003
0.998516881437211,27116
0.38079331000130906,61919
0.998516881437211,74580
0.6514706074622338,78634
0.031448751650105966,76045
0.998516881437211,72870
0.49070894693251665,72993
0.9984862735418678,15121
0.998516881437211,9476
0.998516881437211,42677
0.998516881437211,1075
0.998516881437211,65140
0.998516881437211,14261
0.13018043629020432,73110
0.7201254070381059,72529
0.998516881437211,26856
0.573898939583629,54080
0.998516881437211,33546
0.998516881437211,77253
0.998516881437211,14636
0.25353768378809605,65533
0.5442673457531462,19523
0.998516881437211,53172
0.998516881437211,9387
0.10109814643536827,42322
0.3523660695762104,57396
0.8294708167757762,2581
0.9985502100060275,12599
0.7998904656955631,6084
0.998516881437211,52135
0.998516881437211,41617
0.3444503089328915,56889
0.998516881437211,4312
0.998516881437211,38774
0.9985271877127443,66102
0.998516881437211,5900
0.998516881437211,10847
0.998516881437211,31569
0.03241922804846782,841
0.02535812439234858,9835
0.8172642900671147,40410
0.3593854608029655,61563
0.23837740290182158,38737
0.998516881437211,26549
0.2516617484306223,12976
0.02825614355823574,36861
0.998516881437211,48927
0.838716714330726,45440
0.998516881437211,766
0.7278397939847472,17825
0.9985271877127443,72401
0.3641725654865551,44112
0.021801442728821785,72161
0.4459344438379661,53025
0.998516881437211,40139
0.7079954493140314,77633
0.998516881437211,2621
0.43151203874792565,73877
0.42684920837567597,53864
0.998516881437211,39478
0.12735323332486387,59373
0.02535812439234858,35795
0.5964106478076134,17683
0.6696500524074374,45709
0.2268100680996409,62452
0.025050569888265598,20126
0.38279568817874526,15832
0.02352097764070598,38315
0.7142976018107117,47483
0.7435674111760056,13909
0.998516881437211,33958
0.7869891693983138,8081
0.3094603349594627,44459
0.998516881437211,69036
0.7725109001985583,49820
0.9984862735418678,72172
0.9984862735418678,77784
0.8246673113810652,19117
0.31337488504787064,20602
0.2171894948386446,69779
0.9982857654199866,20345
0.10198381874421185,60314
0.028716473702037046,1360
0.023638589480464385,31534
0.998516881437211,26149
0.7111786323628217,46875
0.26169633708234713,34347
0.2739466278218615,1510
0.998516881437211,56222
0.998516881437211,48459
0.15769778987188932,12781
0.7134694218592186,73893
0.3138092944184465,46711
0.998516881437211,67382
0.9985271877127443,61366
0.998516881437211,27940
0.8179298938692943,45168
0.7793265095345581,65227
0.8273757090425591,27611
0.024330427054488804,29319
0.20407277677730076,62544
0.998516881437211,15701
0.5002321464360922,59950
0.030759295386230068,12003
0.023638589480464385,69869
0.998516881437211,14368
0.998516881437211,23342
0.7696177690065651,36383
0.998516881437211,2109
0.4853502498538087,12502
0.7833901743457423,10779
0.7469919518057572,69181
0.01839816968534711,55185
0.2194140427064414,11352
0.4049224020724034,64592
0.38675066609986436,78126
0.18384056784332684,73855
0.4955316627448023,637
0.06856654496320064,16631
0.11331206349375901,22667
0.8563090238843678,4513
0.13293918750196054,72813
0.8381599762702987,66730
0.8240870405319872,32814
0.30940219469649527,62404
0.4856623504844598,32306
0.6318153652204948,13867
0.2982310551391404,2964
0.7475357137921514,22077
0.7359635239154146,70052
0.7845630356577434,68753
0.26512691772469843,34744
0.2117594241523758,61257
0.5287964274046542,54274
0.17616238953957863,37298
0.3796427868916922,67997
0.8561486379987766,45372
0.1653745478908799,51249
0.5594731057667692,44675
0.2597108581783836,33258
0.3679298650328159,33440
0.20904857767557453,71281
0.5309666278475415,60185
0.7048269671003689,56769
0.7857807706294941,54150
0.5254301111083479,50904
0.06943238331877508,69688
0.8069196599992943,433
0.22163165150103528,5168
0.13901726199211362,74519
0.31601598511125484,78232
0.2830023846705675,34601
0.36682333981314375,41421
0.28317670196565814,43033
0.23568044371072283,38
0.8279585280649293,32545
0.026894366669725268,57921
0.02919530056155438,55356
0.278162472519235,20373
0.27327353780768615,15262
0.1303687026042273,37362
0.12854485708837818,66250
0.6462415748318946,560
0.4386922092052512,52138
0.39247747109779085,37090
0.12800502306856082,12613
0.06342158946241769,61306
0.8265628002963266,73775
0.025543428923985895,25458
0.6728469164019113,39771
0.25242981432426365,13093
0.8011197302554951,57912
0.499462052216044,20685
0.051572991042800574,43206
0.4982836283677441,71285
0.27231709345744165,61825
0.831484517961969,61510
0.7415740314462456,18891
0.5175740667676411,24715
0.8314918185403877,24816
0.7779361764675772,3748
0.241627500913356,11601
0.3142074356125468,1598
0.29561620776904063,62538
0.27353321271958236,20875
0.3631228201929505,14081
0.0822887790325756,24313
0.23018371823805908,9373
0.0747684174301502,78920
0.014447394960467609,22392
0.12372254150463607,4303
0.08198832156810322,35775
0.5161082520515329,22695
0.27697348127602217,10974
0.6839312882372921,13286
0.8003091728185013,28440
0.2554445074539706,49778
0.6594583706044069,7524
0.2625319505603269,38599
0.23354667608437163,15168
0.39344290875281335,50894
0.6223786002714946,1560
0.6899239370728868,13314
0.8930783518690002,25018
0.27769577713860255,48003
0.4607722357298079,7929
0.34735366523906397,67644
0.31301139049213156,19643
0.5080403475582973,46941
0.2130504367164571,10448
0.17671060177307363,15864
0.45525030444746456,42030
0.7502439665862336,7940
0.08165291282571262,16106
0.9999150928470886,47177
0.49319936398445646,46301
0.10712005049990612,32536
0.6701423601371969,19798
0.299959279776928,56922
0.9999150928470886,71190
0.2727695920754435,71036
0.11256376935384128,17291
0.07082855077309547,24143
0.1888251128004258,761
0.2600200247997551,45383
0.11885138880676821,76102
0.20672745638526235,53451
0.24985254769398033,43014
0.0709182798912632,30178
0.9999150928470886,45799
0.42638529063676534,67322
0.3763236760515361,63156
0.9999150928470886,69919
0.9999395999312592,55007
0.9999150928470886,9477
0.4409373080851843,70430
0.3335243688430953,58707
0.9999150928470886,59057
0.11752524031558428,22118
0.10607270360979855,61359
0.13395285078785463,46194
0.9999150928470886,57894
0.24450050026988263,42504
0.05972737941551269,57139
0.3371916842821254,47781
0.3209703730348973,29481
0.6825071637453545,22212
0.33958015105015255,52727
0.9999150928470886,45313
0.7549419961653148,40082
0.7823567587930943,68185
0.9999150928470886,68123
0.455072117982187,64611
0.07335634574701086,25288
0.14027096413756568,29382
0.19244540328083046,55729
0.8163935370093918,19545
0.2746513512046285,47097
0.14581444106727115,11010
0.19929982664529083,35951
0.06983142118887782,76217
0.04590455787700011,11673
0.5048484805921618,51530
0.07409690184513389,64861
0.25768934282498757,69755
0.12956350484220264,52205
0.07857671116511203,64556
0.07709875122661777,9796
0.8448293820237796,54545
0.5800832110281509,30698
0.9999150928470886,31076
0.7653703650066879,61522
0.16061870612414478,60654
0.7847422892668825,20141
0.45794863669569824,55834
0.2272584017746753,77745
0.0654762408406241,1755
0.9999150928470886,149
0.4939931901921315,58419
0.838358307628006,43307
0.7077707111986835,53261
0.4846414195288703,75149
0.4487480348688902,34382
0.9999150928470886,5830
0.26633397533997155,69307
0.5511202323874851,28344
0.7318906218430405,77845
0.22947454902735157,2016
0.07774579715485566,5193
0.12800972711680403,78439
0.395782090677206,78643
0.8198749516950926,33372
0.339041634572818,38098
0.9999150928470886,58906
0.1403003986809938,11174
0.6095943719735573,866
0.3854483445475301,12756
0.10525981033583919,23397
0.7551439249148253,49396
0.25940181889892927,74286
0.8104168083545882,62223
0.7792213023596373,4478
0.8169924149567369,57451
0.34386612616097256,55955
0.6809450560727246,77461
0.7646758984307186,16866
0.36743929966351474,43989
0.9999150928470886,4508
0.3201245810190555,70881
0.27182739628844244,64948
0.9999150928470886,56096
0.742025260315592,65889
0.47069861290240006,69997
0.25838430630918185,45566
0.2114159398072268,17158
0.6907498570363938,69410
0.7624550924500073,65716
0.08032479877965565,12639
0.1891783485348458,63296
0.3646520564782546,60181
0.9999150928470886,24545
0.7938766841320565,60195
0.7800331415744692,26755
0.9999150928470886,7437
0.1483542342402827,34569
0.9999633157063117,365
0.9999073439540205,14649
0.9999395999312592,15083
0.09485113227306985,58602
0.47071677884291296,55382
0.9999150928470886,55655
0.9999150928470886,78605
0.9999150928470886,2802
0.2706183788228127,58183
0.35929019624632985,72333
0.9999150928470886,70642
0.24889084778478807,56894
0.4795989088253841,12857
0.20950532059298158,78375
0.3029912128971489,24854
0.9999150928470886,1246
0.11654980263072479,22746
0.09204182800857841,13747
0.5472182373889554,30616
0.7842909146328503,36822
0.5286350876210804,38700
0.7488732140026206,68776
0.8050216173250697,61757
0.3678527915384847,72631
0.2713223390709883,14729
0.2604233973808304,6476
0.21754766166454767,11320
0.4962611473381862,22229
0.04988007556153581,69931
0.5809944850131065,47735
0.999909424325636,77733
0.6702362632199536,69104
0.5809944850131065,7690
0.7124240616745322,32873
0.7494522414448551,21535
0.8401372308416204,76644
0.024777869564748617,38263
0.3445289039086863,39852
0.999909424325636,17358
0.4922715685708433,58421
0.2669775979518445,37068
0.9998194137936404,71484
0.1687758986938859,38641
0.7250685074897223,37607
0.8479904212855989,19421
0.40289134007155436,1790
0.7198321824974407,48357
0.07448905141503863,63295
0.2607711397106822,13740
0.3091806175304255,55873
0.2025191608201411,39964
0.3180447095121901,25652
0.999909424325636,40233
0.3669394513056344,51978
0.28656691932889955,9231
0.31175997797136823,47830
0.24718585263659723,65547
0.07132479688081582,10840
0.1254702066690448,38637
0.7967692598041594,1404
0.5361968847845584,44226
0.11788906803404792,49933
0.09621063431715898,1696
0.054064963061204896,31959
0.5490183908319054,61265
0.08687327904085328,71873
0.7984240764819807,62176
0.43726289094508203,2432
0.6773806781210399,34113
0.48785875892530367,22621
0.24667162387179875,65909
0.29086947736288726,910
0.3165350838267843,14916
0.34293364812505117,28183
0.7254715761167625,72507
0.999909424325636,52552
0.999909424325636,63191
0.2417980117840433,2403
0.1973764950700816,72515
0.7967692598041594,32162
0.5506174370332396,28744
0.2647225053904947,21687
0.33432812179085775,39535
0.6803459855892233,11416
0.1582443955949157,34013
0.999909424325636,53518
0.8333707560919905,1196
0.05830217167378899,29903
0.8860589642229796,50576
0.7215217671371457,15705
0.32590586824589995,64858
0.791157090341059,65793
0.6590578578907627,16366
0.595150682723497,66946
0.8184090634663068,57633
0.23675840602260756,4726
0.06918120348797191,7447
0.2475191954532616,24723
0.2672983066554913,25193
0.22091167016237048,78055
0.3832388859327906,70321
0.5490183908319054,13664
0.2846875321583764,9305
0.7851930034386858,1726
0.1107812774654734,73840
0.7783847263710829,28798
0.5490183908319054,57033
0.11412387407572104,21515
0.3785295025802007,5913
0.2656208058059606,24844
0.5464612303220183,12517
0.4719153075679723,51806
0.719702978474659,57746
0.09096790689948363,76863
0.14615876515290324,1380
0.7280613846275283,69225
0.49450213764103906,28068
0.2821575812484136,53912
0.999909424325636,10436
0.3363209026286854,34414
0.5809944850131065,15660
0.8046559825567587,36559
0.54762322375503,54952
0.2218096350808925,66189
0.07887164575271735,44434
0.32425470946444335,3622
0.999909424325636,70865
0.5560562684539596,7220
0.5586367311818837,11163
0.26532599288792086,62364
0.25654599350051444,65549
0.25023580244184485,59861
0.4876081158366638,2811
0.4059897038335506,11162
0.5472182373889554,46247
0.2256660421681933,69673
0.6912633185922814,30629
0.7355379949785052,44564
0.3553269447840963,12364
0.13996274127597408,51311
0.2183441914420179,67043
0.3107849613431304,37135
0.11030130400685548,43357
0.3463617859357674,29048
0.10146887076612876,60999
0.019895866937093665,34417
0.7665890757782451,21275
0.9874934470759285,15929
0.9870748160221545,49883
0.17082544978245529,62785
0.24761756205557675,38375
0.9870314489758797,36913
0.25151993487210916,40970
0.06345594684489911,60777
0.04184715540061428,47599
0.9870748160221545,46372
0.19745670438635882,78112
0.27426038782562073,21606
0.3405148419726023,27329
0.26707512968161456,14964
0.419841548331516,20461
0.0780551380258929,5296
0.9850640397406016,12121
0.9856102576777668,19511
0.295854224016211,68951
0.9853684194219363,47929
0.21196747711523148,22370
0.7778241207725212,32584
0.9858418885795005,27714
0.9865373792400012,46931
0.1360455725819356,12214
0.2088784623336643,58329
0.4142311339027491,74267
0.3713563878443533,64223
0.48342743991976667,50763
0.36857227302294765,17324
0.2438066053784516,62710
0.19319696299014738,53176
0.3237014982806619,60646
0.2504498785573945,30784
0.9852644162472065,8750
0.27392302781720235,33514
0.776410503541088,69620
0.2757151725868539,35646
0.9870314489758797,68188
0.9870748160221545,21330
0.4418028784749553,11596
0.3222097413400662,18206
0.3810956553235872,1313
0.7437666193747657,56566
0.8481380395643339,561
0.7777941331524264,33726
0.9870314489758797,39995
0.9870314489758797,5388
0.07849252413031482,9853
0.7259809262192316,70659
0.7448030006920037,41003
0.2253612661328014,47554
0.9870314489758797,41616
0.12367625864192063,45680
0.30505712221466996,36143
0.9871378854047707,10893
0.323207216651727,50622
0.2987423616908832,10392
0.09936862499762093,35168
0.34593480169033164,7311
0.9870314489758797,54640
0.9871378854047707,17277
0.28246347277485223,64205
0.5068014935158779,25558
0.9870314489758797,35394
0.9871378854047707,33013
0.7816020097616951,11341
0.7732297012095989,52301
0.9870314489758797,56177
0.3434854237411075,3347
0.014882784978255308,61261
0.21824647452445117,28262
0.9872418885795006,49229
0.3592256469861298,77032
0.5077312172305177,19972
0.9870314489758797,28877
0.9853684194219363,56132
0.9870314489758797,39420
0.17485126952827793,4948
0.3541987022792723,43221
0.2510367398196591,9968
0.9858418885795005,65630
0.11939988167064913,51884
0.30372802698958506,28315
0.09020190551083807,6792
0.75169193100054,72059
0.20649718994223065,13451
0.8723921802135821,40613
0.9863454607324844,67422
0.2504498785573945,77706
0.5585275109132881,51721
0.9858418885795005,71310
0.7786081373542911,71449
0.5162510050675111,20708
0.8686695455075535,40959
0.12293074875926087,50412
0.9870314489758797,3
0.9858418885795005,16092
0.25599182654004227,68296
0.5636742874305276,44991
0.9870314489758797,9426
0.09137113288990976,68712
0.7560852936536002,26426
0.33495902413789236,11295
0.359303530132855,16305
0.9872418885795006,35234
0.9852644162472065,54546
0.18667931065931553,14275
0.46912955000008427,7849
0.8184923959048549,48381
0.2828697252129556,25026
0.11684519602959101,77353
0.9858418885795005,68048
0.8005514340837611,15249
0.46085915677850237,75051
0.2780790623750551,70028
0.39569740146708965,67854
0.08061394584339396,7087
0.9870314489758797,10083
0.4511177577661878,66692
0.13234685246017652,2487
0.36392852582586743,72446
0.03964562234131471,59073
0.04150388084961799,22949
0.2411826596131886,55674
0.37326295022835054,19382
0.6496641620115506,19552
0.3048170025634078,13542
0.319350353681928,73917
0.8737502838562523,69929
0.05760487172445135,73920
0.4350744489356782,55990
0.4862156667717733,18848
0.7962773414633014,72001
0.39597974246727285,8860
0.241888200187095,32329
0.4058418206188435,34960
0.793902877867189,9922
0.4980346254224157,45785
0.7030265897143272,40932
0.4719303627290475,49833
0.7613825562938477,23978
0.2620840518498876,63002
0.6880304565833327,12819
0.09969159712193257,38678
0.7790074920301157,71590
0.04437200539399899,31386
0.8229464844057931,38016
0.38412110399817034,72373
0.0402495908169508,40089
0.04437200539399899,56734
0.7020441384219487,20432
0.4847879258747466,46911
0.12874421018447527,34630
0.5750264692958035,75609
0.16015356863097363,18707
0.7281235695675303,10096
0.8025389552852089,13935
0.7355146430839397,55898
0.38768543882228423,27332
0.1776908289837519,32070
0.5960684026635984,51645
0.8740399885805645,7613
0.2893269226503108,76410
0.721843016358225,2890
0.7855690122640566,54098
0.5207058045953377,66325
0.07929925899533367,10132
0.7149444024286173,19732
0.04004986378883323,74080
0.18028308101538174,25739
0.4453459976228659,71892
0.45189031959302894,54438
0.5883208434472211,19570
0.5207058045953377,46405
0.12245818675618418,36170
0.27468189716234437,14856
0.45090743162760605,56236
0.08349883343970431,36146
0.7316802704701082,33352
0.4850558997646439,9973
0.7119916098060475,30721
0.608741982384835,28364
0.10518714866804553,60304
0.3079110151273082,25706
0.1694763369311657,32450
0.900734917193283,35970
0.37912471664134706,72524
0.7147880241649931,47966
0.7796614750023474,802
0.3877680808152068,52684
0.03913092691125596,41942
0.4807970726597681,30985
0.6872593545565633,25369
0.2116403545177704,37942
0.24240718065929992,39268
0.25371006087338666,73470
0.44464626985932987,17353
0.04004986378883323,45616
0.7935176842548335,52244
0.03879339802288137,18321
0.9044554260113988,32223
0.6867000489236085,40478
0.7826906390611414,6854
0.782976580244231,35525
0.3990339380071402,6459
0.04437200539399899,13807
0.8284490430377071,39711
0.15433225415179652,78471
0.5960684026635984,75402
0.31166208227916475,36491
0.39250072521419826,8078
0.7935176842548335,2957
0.8044311841966352,38384
0.7395336469518718,10975
0.7200314425586505,45648
0.31020610935805226,13445
0.24178196072083327,61773
0.1470024214796965,46145
0.7876875598588502,28342
0.2958925043919435,42250
0.43498656109704403,62183
0.7176788146226089,35170
0.3692399665857191,57889
0.32063365831579244,12398
0.19157919452735672,39292
0.305986693481422,77311
0.13374181821043168,26383
0.732116538490925,61717
0.04262673799115992,23297
0.9999186485226033,18386
0.4931148904813095,34471
0.9999557905529128,38410
0.13056840492250452,75277
0.3409902587171325,33893
0.9999186485226033,37290
0.8161920903062876,66355
0.033750126709197484,45772
0.5823872970277182,63172
0.3905209086519865,42532
0.25614681731473904,34458
0.6929474711632218,46927
0.5212828879363656,60149
0.999934828668506,18596
0.999934828668506,73652
0.7391220531955616,4678
0.9999147127260642,53473
0.9999319616912252,51260
0.3287873681929987,75079
0.2853184041688978,25762
0.8927196443933871,28550
0.42722183082483134,44649
0.031059757802715374,52187
0.9999186485226033,4332
0.9999147127260642,70200
0.9999319616912252,5191
0.36540159201288125,27863
0.423932114831408,35136
0.999934828668506,71493
0.2728054362551743,16143
0.4532496779161652,34415
0.3881426399248813,37564
0.9999319616912252,12885
0.1925882862761496,15402
0.12036904038377842,31114
0.8837327384716449,47079
0.30842777346087763,56867
0.8184597268120872,18977
0.23096637916938054,6850
0.7691677973900692,57176
0.28166309394213734,60157
0.9999226574959441,66962
0.732448992223202,72727
0.999960417608007,42488
0.5233804187152694,43210
0.9999186485226033,59897
0.30415060390779575,1106
0.24746796695968215,32276
0.7555344869368774,49391
0.33972502117927855,45854
0.9999186485226033,28226
0.7899354001550076,8573
0.9999186485226033,41917
0.23158275720477528,64840
0.36840806269241805,3197
0.7209459782597717,26614
0.3881426399248813,77068
0.8545519976739518,487
0.3756134204036155,371
0.38966584133539234,18896
0.7919789894600604,76982
0.30068315854925154,15408
0.26379488375460497,64211
0.3826341287753862,8838
0.24141368589446782,30409
0.19620850749293228,19623
0.09387653831969009,16683
0.9999186485226033,60108
0.8328711163228057,49298
0.5619025405893006,30870
0.999934828668506,34816
0.8688493721549637,24004
0.7635499766781833,16941
0.040933182350322096,75117
0.7399737453191915,13267
0.36020392177578725,38453
0.3756134204036155,61780
0.351649056574109,3633
0.052070413545988604,16494
0.13550724996675287,15894
0.3756134204036155,11657
0.3532232181645037,18523
0.1799278820915941,33735
0.8031017368614726,25319
0.7043982763681788,66206
0.5049910400731049,32874
0.9999319616912252,78586
0.779151132138956,53633
0.999934828668506,74820
0.02703356926557984,34208
0.9999147127260642,15776
0.9999319616912252,39466
0.9999319616912252,22959
0.7587325043749715,37580
0.3996641208304068,72680
0.9999186485226033,3259
0.2819000599661832,55284
0.7782495285777583,29991
0.9999023219635148,13878
0.3881426399248813,48826
0.28810711157901275,4945
0.3881426399248813,40101
0.3749017530687515,34333
0.9999186485226033,50987
0.38966584133539234,25763
0.3196408192340961,11761
0.3881426399248813,42734
0.7194253163571328,49574
0.258865524180238,29378
0.999934828668506,78711
0.9999266533548178,57655
0.313235442289665,35772
0.40859321564522555,44485
0.2532457104957449,12056
0.7130700315989575,66401
0.11544713965873661,34078
0.7386844769325137,11346
0.9999319616912252,61528
0.2450491166071023,2197
0.32656133299348045,70103
0.3526656486659168,24125
0.3756134204036155,36738
0.6225961651788388,35283
0.6972062468188593,15755
0.9999147127260642,77951
0.8286211534106297,47014
0.9999319616912252,7834
0.7629711590484072,76783
0.9999186485226033,12882
0.46152609984807597,20370
0.9999186485226033,21391
0.28161069238892816,11250
0.38006631694645526,9778
0.7542327394901213,76132
0.9999147127260642,73433
0.41434945457451894,70794
0.06471849785663987,72768
0.7832801747479634,65295
0.4475914161198652,5323
0.8503769958030645,50232
0.3661909589734127,11587
0.8333472168874028,26371
0.7635499766781833,36070
0.9999147127260642,35202
0.029545748711872547,23228
0.02922129646224898,12042
0.19811385112410107,61417
0.999934828668506,72041
0.1355907756032276,38175
0.7867345530782283,26752
0.47639792479243254,71320
0.3314968173688339,4410
0.11317694506513189,60562
0.11663542556017267,54413
0.12688371915247754,42783
0.01606945550479391,74849
0.252827962822724,38180
0.418695760357337,5575
0.1512983015778559,16935
0.6858757441578667,35826
0.9999049321420628,63756
0.9999233732580999,31499
0.6663482618117427,74945
0.8385262893637073,75435
0.25775329957133164,77724
0.3494521391376193,8494
0.9989456517547621,5436
0.6154675425509912,74889
0.3138051503409221,54214
0.2393822453377095,47280
0.23456584409495693,32472
0.9999241720056609,18483
0.16103326066672616,45000
0.5098633256834962,75672
0.04737243923019999,78863
0.675991367577295,37910
0.7432608777996692,43398
0.8485406629975394,20801
0.2665575269920334,41709
0.07125561409976752,26873
0.0155782308286047,16407
0.9993432271116776,68471
0.9998520484156762,10795
0.9999233732580999,48076
0.7147538949436179,69848
0.8109517498970129,14692
0.09698009801480992,26987
0.6691350693373287,1354
0.6763535670167278,5753
0.6663482618117427,37067
0.2866460684632919,1876
0.6704299305366448,24407
0.9994533315434257,3413
0.7033776741334632,10417
0.6958906355830199,19240
0.6663482618117427,65937
0.08700355555290207,45533
0.31190436099982755,16044
0.6235648587390968,62620
0.9997666298485955,43020
0.012361116450674609,39374
0.10731855166102296,21183
0.3543552835659142,30256
0.2429048015974824,25571
0.9999241720056609,26206
0.9999545776724896,70383
0.011828960005139357,42368
0.5246662064737767,41549
0.6663482618117427,64801
0.9999241720056609,77022
0.9999241720056609,46716
0.9998520484156762,66134
0.38090210098265675,1103
0.6877038424520995,7234
0.9999241720056609,47457
0.8110755358517532,10515
0.07435072688542664,77821
0.5760468961618151,66056
0.04419760220647789,34524
0.300953737374978,37277
0.23300082704981645,45688
0.30784111786171303,48878
0.5616658937793545,70800
0.34447926331608025,33838
0.4371055351738299,47953
0.7135874968603628,8420
0.5628781913765161,22996
0.6714807725698069,32695
0.34228090246554244,66202
0.09596026720126397,74068
0.4869472232448335,57858
0.9999241720056609,23705
0.6714807725698069,58877
0.03307683285533448,76911
0.8882099534961925,37685
0.9999539445458678,7066
0.9994379778888229,78695
0.5711656261492406,68516
0.7933742138894639,61294
0.5393972726332943,77907
0.6249401457402795,61915
0.7973825929118175,6862
0.9999233732580999,32451
0.6704299305366448,72621
0.0175898717238548,43877
0.7381254466531474,46413
0.014465307892966552,48138
0.6306328396746201,27251
0.0174263723005129,41153
0.0159711286820031,52961
0.4627578064832684,65481
0.49158076830495523,59847
0.22803869055199416,39710
0.014622152225941447,58972
0.6665264696945966,53413
0.32807855440146727,20081
0.25033787521094153,17734
0.011964020930319291,38675
0.7624030139866982,49511
0.05200068375951169,15211
0.4976771244842241,74456
0.29562361662023573,69587
0.2795362596599029,13895
0.2530390498870295,40474
0.22378109544332386,16957
0.0175898717238548,64472
0.708314697081277,6373
0.0159711286820031,7245
0.6940319754342446,44646
0.460670561334033,5063
0.008734194753234295,36371
0.700592069901249,27564
0.0159711286820031,15765
0.32807855440146727,23333
0.49158076830495523,40525
0.01534841646760155,42407
0.01534841646760155,25597
0.07013844078468723,26443
0.33136224461579905,26146
0.27096827920518585,19769
0.3316601906626481,25959
0.07618998978020555,56863
0.24377537288422263,7870
0.571102781956787,42439
0.007148126318732897,5410
0.017648244659883298,50256
0.0157597460289427,37208
0.5394659834732155,73390
0.0159711286820031,38890
0.1905391723814022,35257
0.12189929047882286,68828
0.0174263723005129,37311
0.4599792034811761,57379
0.436769992937762,68937
0.49158076830495523,53016
0.1144913517884591,67809
0.5331547580230738,14430
0.7143663983325296,27229
0.04334249878482405,62673
0.01746331600938373,35455
0.01746331600938373,61751
0.0159711286820031,45592
0.0159711286820031,27413
0.22748453929443885,12337
0.017648244659883298,27786
0.0159711286820031,9965
0.0035301040720032116,10636
0.46536107397104165,32625
0.016843853140423443,21169
0.5538964279407724,42496
0.41491431599465006,13232
0.231005111701906,2740
0.20863101811924495,13202
0.2546331508587628,48368
0.014465307892966552,69894
0.48846414302387847,43311
0.46633238509263775,28755
0.017648244659883298,73680
0.33136224461579905,48341
0.25033787521094153,47308
0.014622152225941447,75044
0.3715719189268377,41832
0.11308609414227744,49509
0.483496445375745,62436
0.0159711286820031,27938
0.5361146204771213,20969
0.017648244659883298,48507
0.483496445375745,17222
0.0159711286820031,57226
0.0159711286820031,71328
0.49158076830495523,67263
0.017648244659883298,18609
0.37566547298198394,51515
0.01841700840236832,61246
0.2805550544789243,47323
0.7384985125063954,19564
0.0159711286820031,43053
0.011100697111824978,3986
0.03775078025499643,78667
0.715807325136484,48522
0.7516904509664526,61598
0.18683084090874272,20608
0.01746331600938373,1068
0.01841700840236832,24486
0.2795362596599029,59011
0.12961129406316912,10941
0.2826266386749343,73830
0.4413978941230261,44150
0.5099590200445395,28206
0.0159711286820031,63601
0.0175898717238548,66426
0.3360943731739703,10482
0.8384468595395214,5154
0.01746331600938373,34732
0.49158076830495523,12063
0.29890202865208865,1910
0.017648244659883298,15691
0.017648244659883298,39602
0.25297404878499186,4135
0.2846068689993011,68275
0.0174263723005129,68372
0.30890671011756576,44224
0.28703618189786256,7214
0.11135535848196537,36539
0.01746331600938373,68922
0.7715692351441317,78968
0.3590141909184171,133
0.3948310470614233,47099
0.9999087285356669,33350
0.11917278550378681,9717
0.11263782637737083,55992
0.056990649048483236,33162
0.35309204005742256,58454
0.9999087285356669,63322
0.699192905594829,29566
0.9999087285356669,30816
0.7514485146648491,53081
0.9999284981475447,13704
0.6742843194108985,36496
0.17098842073803525,50494
0.9999087285356669,20662
0.1646928446720594,26854
0.9999087285356669,79064
0.7300172475541823,44195
0.6657765512518771,20596
0.47543215059142274,28075
0.7747921297758666,37382
0.33425587969152476,17359
0.10126730848785888,8594
0.06581863087505455,46937
0.024850631245243955,10151
0.9999087285356669,22607
0.36466555330870043,20983
0.9999087285356669,19788
0.3724625239037859,70249
0.4883793658827917,74346
0.613576410666205,75621
0.1125628934928056,78642
0.6928648802910058,8072
0.2762913941674053,11768
0.7606439831478021,18808
0.10077742369209125,38033
0.27878901757089425,55824
0.43657584793281323,38932
0.9999087285356669,54848
0.14053570144798622,21361
0.8162814142293973,23933
0.08596014691797398,71018
0.4804645159007018,78572
0.15346213852544416,50312
0.7944450376567233,6896
0.9999087285356669,61083
0.9999445635644031,27886
0.39207736196952425,49962
0.33723464019051236,18769
0.024149225290681454,47086
0.8690096902612331,35419
0.3037186564957389,17460
0.3439607517400795,32126
0.31958972067558666,8790
0.9999087285356669,48114
0.6489807371043687,3191
0.9999445635644031,52773
0.2843130648587667,45118
0.27103575681359776,3651
0.8092461817730575,57443
0.885116387498068,38745
0.811731474713729,68907
0.6925743742853324,42373
0.9999087285356669,60214
0.03633758393156356,20843
0.5247991362044513,74737
0.04488235247343254,67301
0.12258102527342621,76457
0.7983305388156905,10861
0.35344963521435846,26709
0.13540788708473425,58009
0.23389227854769706,15630
0.3541956444704596,28528
0.9999087285356669,7904
0.5357949985806199,28616
0.06849623602256509,13335
0.4866395567982216,14693
0.5322037416335815,46220
0.7551305386362316,46762
0.16496836379302185,11540
0.9999087285356669,17128
0.19504052976251324,50831
0.9999087285356669,71821
0.9999087285356669,6274
0.9999087285356669,45713
0.6719588419271192,56748
0.029569531683199788,8537
0.09580610780939813,54647
0.27527736688944215,30029
0.9999087285356669,41965
0.5556947812011793,59625
0.17087423732282206,77304
0.9999087285356669,20720
0.7606811105385396,75417
0.778616546075137,70199
0.11263782637737083,21499
0.9999087285356669,56327
0.2049490675210162,46183
0.7212441568656055,13307
0.7889269785089017,32960
0.24876598835138478,3642
0.7049624757500524,26337
0.9999087285356669,34269
0.7617615454278617,65558
0.5747717001725199,36487
0.9999087285356669,62148
0.27460645338215267,35671
0.7149357636820873,5535
0.9999350721782978,19277
0.47851377076487744,56573
0.012788225317694869,22913
0.23834972277646466,17208
0.09462940767966198,76686
0.38340846309988724,10293
0.6676394520981701,36391
0.9998946322076068,69796
0.7474234128096102,37494
0.06734451382444046,67006
0.788449913556688,30937
0.4458332941092641,25497
0.030958351930319598,77079
0.9983155993143058,54155
0.3975875533134342,35011
0.07019144542330201,369
0.17233942816245404,969
0.37361617179867623,44554
0.19438303519176367,58760
0.10078931995472637,9492
0.19312266490036092,16449
0.38371999460779654,30349
0.1311155856831341,36614
0.35222877999137087,11018
0.37244466513046454,64341
0.7865822592063929,33173
0.15448352499203927,79167
0.8272450311270233,10684
0.22946101902592875,51508
0.5914381588038076,3233
0.23328805511502415,76390
0.12382839675159867,18303
0.30683448343387115,28512
0.3111153983632721,50722
0.26064423144342824,1832
0.11270331061818073,1243
0.2727154930556596,74540
0.7049438575401454,52022
0.05485102904434528,72393
0.22293150463711275,50478
0.28432098717067056,70193
0.9999163317506206,28907
0.7086449813555148,8999
0.2836447645345854,59056
0.05590331078033978,58646
0.2222348948226655,41112
0.038186936964208905,35758
0.4740815575362215,73140
0.06382834024483013,7491
0.2853451720182404,18162
0.30477930933516895,46390
0.4779573941428173,73052
0.7096364763545362,50375
0.37080034311873517,67314
0.25619983000589586,24162
0.3422993401403809,32313
0.9994462900359464,15112
0.683379189269071,67360
0.2814340810762734,57854
0.037716322779070804,23028
0.9999161075595502,63723
0.683379189269071,22785
0.37244466513046454,47259
0.7093663793771479,19936
0.9995903315891033,12179
0.12583285298997085,21631
0.9999161075595502,56326
0.9995903315891033,51041
0.05553476119498689,14780
0.2775988751042809,16620
0.4736413335548251,66274
0.2637926568582104,16609
0.5792091328529407,57090
0.9999163317506206,3294
0.2574871442089207,44253
0.402839095111338,73578
0.08294149003837341,23291
0.7725683156752027,3846
0.028728731653188185,28470
0.33744284068680686,47820
0.20499892933756741,54704
0.9985161075595503,74691
0.3009500797820866,13778
0.6879508649145959,75842
0.7480071898039152,22302
0.041307492424570276,45808
0.02746439227583894,37793
0.28074900738328895,67195
0.6580067227678214,32981
0.32775350443218476,78277
0.7149342311330906,48115
0.041268896451640766,1215
0.35745638277760977,21578
0.38569441545326144,63080
0.03801422547364727,58704
0.9995903315891033,15763
0.32237611165226615,64281
0.3948562228348196,65132
0.6834168153478646,37680
0.9999161075595502,58409
0.7701445443434108,68105
0.9999161075595502,2106
0.012755025601489415,9506
0.9994307121902735,2414
0.30674483251169293,32215
0.9999161075595502,835
0.25229829869287057,42579
0.737321023014293,22420
0.0490774206200041,12538
0.12878338535967648,46058
0.9999161075595502,59759
0.3515955972598764,13164
0.998526509768432,50183
0.9999490459260167,22937
0.7380083747254396,44144
0.0676977288847113,50540
0.9998949137685086,51154
0.5100727005949295,5610
0.9995903315891033,11908
0.2936966963917696,4582
0.9999490459260167,15090
0.2406282987835873,9678
0.7809349463822242,60927
0.14736702255828382,2524
0.08376726074677959,46951
0.03290560416925818,55207
0.9995903315891033,56412
0.10481919510009038,68520
0.9995903315891033,75620
0.28893217718167735,19463
0.7797890066873474,54713
0.7442155231895049,4783
0.3091888013514677,30783
0.9985163317506206,19559
0.08837138311153861,4382
0.28646307466369053,38193
0.999926509768432,33761
0.38340846309988724,55557
0.2239356481518812,7643
0.5819413714695291,39221
0.21707349252860136,79151
0.33222392869432615,20188
0.2979007125089308,35282
0.08187079560994734,7374
0.23404238150875975,53020
0.21696754266456425,47709
0.9995903315891033,26740
0.7529507634191565,75558
0.2429359941804995,59275
0.4118227390726754,10620
0.041492305648401236,53916
0.3878028770924333,66923
0.09591228238863109,76928
0.38340846309988724,21324
0.2536473395924592,556
0.3026664712120255,18706
0.7765816679702315,16705
0.30127753805643503,35864
0.7256690458061147,3286
0.05002969521796383,9931
0.11812422568070624,50223
0.9999163317506206,7848
0.38340846309988724,1314
0.3755279439270543,26470
0.5154905637099663,63768
0.2624766487385191,57573
0.2345818479149937,27910
0.27551330475837954,38232
0.15435798676668178,14707
0.8049605305677529,44014
0.06754722424323888,42400
0.1031283748215738,25758
0.9995903315891033,39340
0.9994307121902735,18654
0.7698480412345878,18257
0.9998764452409039,2973
0.020091646071998526,17807
0.1776375704851244,79318
0.12430716127359481,29284
0.02698981086463161,43075
0.26536111096079523,2766
0.14476278135262938,1542
0.26445592820910446,26850
0.7815969348557821,59947
0.9998764452409039,27473
0.9999058607482558,20992
0.020918999645184712,51953
0.999909796544795,76539
0.9998961436370019,29333
0.3854140975290464,32377
0.22755780143664664,58437
0.7525201310869758,73986
0.3010412620554106,62258
0.7310173370938555,56800
0.21682681344768226,3772
0.999909796544795,46229
0.04021846502332488,4656
0.26536111096079523,38099
0.019102809542360443,58383
0.2778010799193745,11435
0.020044821011349263,78656
0.9998961436370019,295
0.15457868118261509,41035
0.9999213420359476,56248
0.03569201870835028,46158
0.0898991043370294,27500
0.9998764452409039,1738
0.9998725094443648,39030
0.9998764452409039,20366
0.07120027437050871,15358
0.08075612112459228,36114
0.019102809542360443,8315
0.4009888791681452,9720
0.2803403926130558,74701
0.2721189951654691,21323
0.07267468028650981,43891
0.4015341386531662,30298
0.3732433407739745,32827
0.9997000549219319,53015
0.9998764452409039,76156
0.17933998448093333,57558
0.379637923050712,29060
0.1069625386106158,59636
0.6730372793264512,28943
0.451271861964459,77865
0.39577881187668695,3436
0.07715101796835114,17323
0.7316093325768935,73881
0.19066581952532302,55699
0.999909796544795,74156
0.07895805629230127,44528
0.09930907489279178,16139
0.08999754593799643,42943
0.2725791521699691,52067
0.37220676548087184,5994
0.5454767294522749,9108
0.683797507923096,57481
0.3702537850258857,26394
0.046480192697605636,56948
0.9998764452409039,77444
0.999909796544795,34841
0.32725493218135376,44141
0.9998725094443648,13336
0.999909796544795,3514
0.06796423541773308,49038
0.9998961436370019,42720
0.2847124114007674,49112
0.5218277365297485,3783
0.9998764452409039,76413
0.3787547185517395,31226
0.0290005850225442,65422
0.019102809542360443,9337
0.9998764452409039,15386
0.3702537850258857,10703
0.6726796388258975,70401
0.9998961436370019,71622
0.42040383913577684,48038
0.04474860095280581,4925
0.9985063489076292,4533
0.9998725094443648,78973
0.333021183407357,38171
0.3968054622917925,4056
0.9998961436370019,23536
0.9998764452409039,11954
0.09997426327137311,28401
0.019618673820053834,2851
0.07120027437050871,43006
0.7296633339881419,75136
0.9984819432736243,46074
0.6019927151418465,73941
0.5730199544593101,12880
0.9998764452409039,44913
0.7548192327670977,42749
0.030976461549646173,25021
0.9999058607482558,23770
0.29101496284784245,71056
0.2719953545872965,66395
0.2259623830421158,15883
0.039961226482117515,5973
0.34635845683887534,20824
0.8206468842237383,62666
0.999909796544795,40644
0.07414825817605139,79012
0.863104103131218,596
0.9998764452409039,8805
0.9999058607482558,41955
0.9998764452409039,65213
0.9999058607482558,1952
0.07462197569183604,74936
0.25852985439024695,71186
0.24956155683117487,7911
0.999909796544795,56097
0.16257766100714854,59118
0.08310474786860082,68050
0.9998764452409039,39501
0.9995741944372771,7527
0.23348395748195616,63646
0.9998764452409039,4701
0.38660035103625945,59790
0.355237259452491,27627
0.021265502153159182,24977
0.19251203525652177,48929
0.3890692942117622,25009
0.0133450514621734,73242
0.2780419827132021,9216
0.999909796544795,56631
0.094879590613681,20540
0.4221582993144019,61893
0.9998764452409039,73670
0.13889731428241084,29188
0.1412130224558405,20626
0.23415420257745856,5425
0.2714000738197546,13266
0.9999213420359476,28841
0.9998880418256881,47935
0.7079091518088383,34319
0.20223831426903113,17394
0.999909796544795,23520
0.9998764452409039,60092
0.999909796544795,10930
0.6557156961763826,43823
0.7665208288683113,21360
0.9999058607482558,728
0.30640066739243793,48894
0.15648148050490338,14592
0.999909796544795,57895
0.999909796544795,73611
0.39577881187668695,65868
0.2079447743431736,55312
0.999909796544795,57852
0.14993747183488382,65748
0.9998961436370019,78502
0.09453817427383983,35032
0.21854983485658575,44136
0.9998764452409039,3544
0.9998764452409039,34207
0.999909796544795,10708
0.22771991805918138,19253
0.9998764452409039,51587
0.07636105310700195,13238
0.36388833827446465,55983
0.43255013800130004,4793
0.7361629069254978,7958
0.04218448843471063,2018
0.3977462052249189,33689
0.2804248838039066,70405
0.1901502709016169,10977
0.999909796544795,454
0.0990806184991619,52128
0.427695256184653,42617
0.9998961436370019,68994
0.9998764452409039,76790
0.999909796544795,17044
0.9999058607482558,36902
0.020466089481882773,23807
0.1681515491185368,35508
0.3968054622917925,25989
0.9998961436370019,56322
0.24438071025540564,68323
0.3037908678554698,36840
0.8445302403751196,29826
0.9999058607482558,24075
0.0290005850225442,8223
0.42238421076200205,8124
0.9998764452409039,39132
0.32867813742585517,47219
0.7245965675532405,5797
0.7915340119279078,36446
0.8080594826651231,76901
0.7198542336885996,60120
0.1424080430334485,29681
0.20597806435543892,5189
0.546061842359909,19614
0.37895335328194135,35031
0.29409545828739464,19158
0.7406326699860368,18734
0.7246122429967868,60664
0.2445905660418,5058
0.2383660774384594,74666
0.7539772022849547,13187
0.7742931954866534,1780
0.8429776910136564,35322
0.6831491945840092,62120
0.19033563119924463,79242
0.6480258754228816,68223
0.4255357031031197,66577
0.21196441631363774,44461
0.3534096189817859,50716
0.12378013311487718,16940
0.2989843158785468,68608
0.793229987599031,40298
0.23727259395729844,37147
0.7621583118208307,29505
0.20153535883082274,50569
0.14679904237238317,28562
0.23027790105756551,58702
0.30809382904557364,74269
0.30499013300656863,7962
0.1269633290658487,40168
0.06315716800194723,1907
0.6164397989966676,65055
0.14623666716265474,59558
0.6675446516074081,50391
0.13640317969243113,25346
0.27437462502152676,54944
0.10082951710412368,13504
0.3579346302868418,67561
0.34895430922723136,47658
0.7035704656701581,45407
0.34017074205429315,17398
0.08416171575788967,47600
0.16552334763335105,62371
0.6823316367396733,29
0.09409819709023157,62638
0.08665151536536003,9719
0.6741436714980039,33124
0.28620245409556305,58774
0.7959607538786893,68707
0.0731275444193684,31664
0.4358558317993671,32464
0.7563997870158818,50469
0.28788983461448736,54402
0.7440614088088714,11561
0.3728109159931003,57677
0.6675446516074081,56018
0.6477720806921481,69212
0.13079339132304546,20609
0.7871975994810818,46532
0.7014002890570944,6750
0.022851530995114954,32889
0.7457377114590626,6795
0.7131445560689249,45891
0.27103288535155334,46452
0.12988675790628115,65865
0.28336118736452404,70247
0.575974607064877,19666
0.03513318227077295,67907
0.6561757574115765,58048
0.22693849540729252,15792
0.13174945654325124,75617
0.15356206341334577,64511
0.20520476687211878,18563
0.21210221796491546,70435
0.5938704364331742,37922
0.8084355077399443,66746
0.19481996701799145,13363
0.5003157342895496,45837
0.39052348090507344,39833
0.6476371924178222,35892
0.11842727927097466,65615
0.3910630168774636,49403
0.16729192179536304,78161
0.11316056293956604,22761
0.5659396799580816,78459
0.6172572854532423,71319
0.6308341914467881,71219
0.6230271177686356,9494
0.5192315854224384,3982
0.7699216979406943,58467
0.6172572854532423,20391
0.732294499976272,50714
0.10980257057886794,15606
0.18878131391523667,71750
0.8121091739300803,19642
0.6617367740324178,53694
0.6995753962643497,34551
0.09932165354800739,63249
0.18715093864234478,13276
0.7124818137331155,5545
0.30318257103273943,78581
0.292480028632378,77777
0.715499401679168,14386
0.11944777798585714,27182
0.17855820424283878,6790
0.5780175294724637,34161
0.7714069114026831,61314
0.09932165354800739,65473
0.2918453642401414,26288
0.3081806998738535,19361
0.5394881182661412,39463
0.034903484126070736,35984
0.6263662872443208,65306
0.10505332029874734,8990
0.21210221796491546,12405
0.7711229694601435,9970
0.7697854589991386,12306
0.8305784181384552,67307
0.3455879076319474,75595
0.3515794215700776,30989
0.3046164625030252,35791
0.12953221434569467,28805
0.9999283450748507,38170
0.6243457797783799,7857
0.007068397306635746,60357
0.7857226735242404,10101
0.25964401098509904,39644
0.9999339173601398,21576
0.8178411634684065,37388
0.4657224446807914,75353
0.3295403092106095,47059
0.7266741720691977,24531
0.5982406290366502,40737
0.11106246591360973,72362
0.23027773852387243,57266
0.39668448951194013,42880
0.9987244303187913,31827
0.6160159291677163,49854
0.9974798468879897,40928
0.7371568691746972,61992
0.9982456946620997,56023
0.7409926082049165,10451
0.27996993496591094,69960
0.7434841176089626,6863
0.093160557686365,21253
0.6793110883756748,9491
0.31947443299223865,35695
0.7173053090765023,21305
0.9987244303187913,9480
0.5348457115771735,8734
0.10535723078608944,37756
0.9982456946620997,53503
0.7637021184163876,2014
0.7512960896716199,61109
0.7875612014868345,53804
0.9999283450748507,38446
0.35916012033265965,2148
0.9999283450748507,59239
0.9999339173601398,43724
0.0620358121659762,72378
0.22329028455782052,26812
0.7112874745165702,17195
0.23483718851759972,54470
0.7834825686817481,64920
0.0056172935782099215,71806
0.6948512204806352,49465
0.6247411245447428,67610
0.13333654207417023,42499
0.16445849206122382,37261
0.9999283450748507,76314
0.7235301374140162,40503
0.842156604769315,18175
0.4761807188433201,14622
0.9959438498900892,15333
0.13010667020526648,40098
0.3035499019258841,42969
0.32719001803885067,58027
0.565978940090167,3896
0.6070391129488444,768
0.9999283450748507,50282
0.4444056095081539,46661
0.27164226894870447,78877
0.6016504980368628,28719
0.7401053325614104,74345
0.2897715331366846,66345
0.32417898594568006,24310
0.7828517508105095,1469
0.8292262962765493,30338
0.7482397689171735,58761
0.11374795095150131,35491
0.7585692726615961,5420
0.07381362029236993,76981
0.6941248411215937,17549
0.3083081725131386,44723
0.7549115167410299,21060
0.9987244303187913,61870
0.7541793977440525,61955
0.39969618141349256,6042
0.5155854032818532,47357
0.18480314766273245,31363
0.2863127729220975,34930
0.7154298394367669,21059
0.6985998456288325,75169
0.33328351551184854,23841
0.8833790750050836,9248
0.2752128475922108,37421
0.3213286128003999,15734
0.9982456946620997,22764
0.5411853741337387,7266
0.10459801695059717,29484
0.2922949735476648,76547
0.9999283450748507,78378
0.4265250170792126,50228
0.649556618916872,77881
0.9978251679145076,15044
0.10205862260978585,77113
0.03719429135185254,23526
0.013938974771627607,64825
0.11174118329858143,23098
0.3040323550173284,58900
0.7820365347749163,30975
0.8483309402686168,31674
0.29662361336877147,29546
0.5377545246112772,26029
0.10611449404089035,45930
0.2917104862422146,20542
0.16967815789127877,65523
0.3137261785667093,26499
0.10831927046455965,75
0.21496457098503158,66256
0.9999283450748507,60647
0.7434841176089626,23724
0.7272658675899182,36785
0.18935929963333098,38329
0.9999339173601398,45810
0.6527373173572115,59474
0.9985325431795634,69469
0.7383954204690796,63645
0.2985170910189101,49834
0.1909212377537467,72070
0.00989373161560192,48271
0.031034550546524306,21401
0.6954898871604875,68046
0.5962512327198974,42013
0.7331882842221767,31417
0.8005313679039083,32318
0.851902055622032,59026
0.1063266770738217,69604
0.40028805452551963,20105
0.70294198920805,57706
0.7031211074848233,74018
0.04440602240875542,30545
0.32959413587720326,27819
0.021597512296155644,68682
0.42051021031221836,60753
0.605635427313943,72855
0.8104079913210047,30563
0.43767961415383083,24846
0.4472705712972786,49693
0.0743865572756152,54660
0.40105450531576375,40165
0.4285451408367149,46203
0.7344203137524298,44329
0.03475845838136927,17139
0.7161682484757075,1538
0.04511907699845792,10196
0.7161682484757075,6074
0.7407017950768932,11111
0.3429901388840748,21603
0.036184036522407516,57185
0.03640170717834324,23611
0.84478086629206,31630
0.5170814181806529,33006
0.7345298715973743,20656
0.7005261533907394,22260
0.622251445282868,55810
0.7042983701934289,49253
0.3870164386107677,55857
0.6740259737835107,71630
0.68925760162022,39391
0.12452968236572944,37535
0.6467603125878305,56656
0.04511907699845792,62225
0.36125506478828734,1621
0.7340854053806485,21302
0.16632034521834077,66845
0.042267382704351764,1583
0.4861655640774123,46695
0.3297408586887435,24364
0.1297830215700989,46692
0.04511907699845792,1045
0.4021084462599149,58902
0.04756626166413505,50640
0.04511907699845792,10932
0.03175766878001919,38564
0.40857921226720756,63669
0.046061022501822736,38260
0.8151263014056301,1133
0.16582535435410808,20184
0.34304513607858866,44566
0.3290423414540261,60741
0.32696225422353065,67137
0.39801466806241653,68179
0.2028237574428643,1850
0.848121463690025,58960
0.3770537007010259,67289
0.06073481720150685,34809
0.05302176645234262,40734
0.04511907699845792,38968
0.27306303635881246,19644
0.2233897255214569,78783
0.857279635938266,50509
0.04771180057911204,5148
0.7850205445854632,77877
0.7385208628092957,25252
0.04468512959090958,65141
0.7012109633977517,10738
0.33328555960483686,61716
0.04241455724639163,18052
0.2978762287009239,12192
0.75618115065661,22399
0.30942870463183886,13289
0.4145532867161872,32335
0.3488633754429873,16560
0.1131703012276344,51361
0.023935058894147727,11802
0.3741917762176531,28931
0.04327355387322797,46119
0.7166356564441819,14651
0.43942628038620646,41257
0.34304513607858866,58850
0.6483297949277392,54226
0.0783239044689367,77879
0.858710654391678,63885
0.735564116265787,64995
0.6827619709858601,22341
0.5768116438844219,17707
0.3166602339929545,50756
0.7826220646452895,61555
0.06515194948872786,24399
0.07469514092812764,36834
0.21495178460548303,66831
0.43144523550090774,34832
0.8092932180692549,28648
0.1694810303872106,49104
0.7088272548374916,39452
0.26676257840762596,50712
0.653275603518879,20003
0.14362520459169822,5578
0.16582637750209864,59903
0.07861329782346407,59841
0.1530486818921303,40858
0.7406896121968636,59181
0.3284200146070904,71148
0.5787589746044118,73235
0.3194685118814574,5078
0.09291127870005672,70872
0.07111375146686118,23351
0.5840152416779063,4142
0.25136781383332796,79102
0.6509251392613798,56059
0.7517161830448911,60625
0.7050986702153144,12225
0.3081076177909237,23105
0.320335015579445,50388
0.15731376111609552,9584
0.21875608428603555,27028
0.2803885924907494,45718
0.5006808792613711,2252
0.6286477349066046,69207
0.4223339533482105,72908
0.33013734319920274,65603
0.13532162021565103,37529
0.3537589287610054,20270
0.6373721891443284,78965
0.38888842413363756,49435
0.06289834788644305,64361
0.6560911901828955,12964
0.4137089506458112,44679
0.8010516238305976,72234
0.4414481062912964,76544
0.3253485785400206,60232
0.07132114901382432,27868
0.1285603804983541,38827
0.30806706678013285,17949
0.8089018378635751,26573
0.6426995467652945,53464
0.061419436679647735,10751
0.5526085910778507,3321
0.7961439976391858,21577
0.6876885325807125,48633
0.8086960556858347,30734
0.5508801703355354,12447
0.3738693215717355,70310
0.694015201366774,50000
0.6170134647642029,73248
0.5419821394768647,62889
0.796682819390736,49991
0.7363324566196475,60278
0.5679689339896636,24144
0.6680914797563403,20982
0.8024503149670741,30493
0.3833493992431841,25994
0.4247787096699418,48734
0.3071436483708508,75651
0.22221134920741964,61193
0.5688834883559457,49757
0.12053598494509943,58866
0.4140541019729876,44334
0.07424233504603717,39994
0.3236127391202045,67848
0.16263441734144413,51135
0.09076634664530024,29686
0.7344615428855247,47637
0.3039121854695316,41446
0.46961050367791357,12917
0.4140541019729876,54881
0.7826220646452895,68360
0.7402787167672398,4552
0.015995262621289464,76806
0.6850558154101802,38105
0.3256860209213462,11438
0.3568954181249321,24571
0.3299116511106091,28478
0.1064929267559201,11354
0.02064937682558138,3750
0.7987622520188018,43163
0.8062024705913428,16533
0.10499043531341698,60727
0.43620849357939484,8400
0.5539727892246507,9080
0.11455488760830003,66061
0.28954377354457,30767
0.2445755397767942,25524
0.4594629354776358,57603
0.36869699557187186,69264
0.7578812558481809,9473
0.4239714965460113,20751
0.07676168898796218,30462
0.14685228165507586,15621
0.6971807029790189,67820
0.6509486412535324,67839
0.723953945745436,44378
0.7544839402344967,3053
0.3003435816124442,14293
0.5206261450504404,71357
0.4725357256931101,28037
0.1657898380884058,58033
0.20540804532496457,15174
0.8016004653579256,19951
0.5654954996266384,65585
0.17126087091061376,47780
0.6136475015716485,31820
0.5633107125330886,14346
0.30288575468619733,48543
0.38520865441970464,230
0.4349659546229465,1212
0.23967540674150817,63746
0.07546543942756466,60925
0.3279567817589675,20690
0.6112450569574567,78900
0.35393296524876716,1987
0.31168955611612753,56806
0.2909701997283236,61721
0.12050828527091535,43679
0.0811901250655266,27939
0.25635910009230584,25023
0.12195053748302234,14017
0.7884610584243443,37202
0.5956190567202404,62575
0.24963821944312425,74439
0.0875813054573803,74361
0.3877507042267221,36930
0.4919659056609287,68654
0.41141133460604007,17510
0.27570163494760597,56031
0.11358339106280035,59413
0.07895572925009359,64923
0.09322648144789782,38091
0.295392944503051,13754
0.31877296614004225,74381
0.24899765529868767,71777
0.2968093556567209,65035
0.6776751823984981,35188
0.4845193786859092,71744
0.09567382742745517,13304
0.1911453291409707,7171
0.39746328539889975,47998
0.24899765529868767,33786
0.28992117689927055,37501
0.47185575668778734,57693
0.16250699291374132,24128
0.35795874608299183,65887
0.6262813664704227,47664
0.4497500718614382,32992
0.7764371982867891,55183
0.05460956861085821,36405
0.8084863492625511,25564
0.29937294801014636,35269
0.22269652132552356,33333
0.36974105440842425,46506
0.6282168993276167,65031
0.05749105362487998,10368
0.10193182728290394,57242
0.7477486740958303,3386
0.06196246914373517,36702
0.5157896640924178,31933
0.8033480056426534,79002
0.8324462319868453,27305
0.770449707629807,18317
0.34048807783444685,32931
0.3598982765230706,56678
0.13589269417254055,17206
0.07532843131407785,26640
0.36792956704512914,15995
0.47816956714692876,30287
0.6646274386156542,44787
0.061738910636343625,14117
0.4981485578411191,9590
0.32096698392730105,75656
0.3586855337095362,68370
0.7051035723838353,60391
0.31997459606828,26757
0.07297714728459648,46706
0.7397772323106466,62516
0.12326845320040661,24625
0.30366807930956563,73076
0.7664315793704575,74870
0.7367656149723543,56921
0.2536853132884447,14550
0.6895513552996432,19074
0.8482627670428778,50342
0.09399680892515416,53998
0.22946390362768973,54363
0.01523179757423458,69527
0.9998529252330117,40829
0.016777200182197128,43334
0.43412019900751475,48785
0.018693335954021395,50727
0.3280998469463958,60103
0.4582679420539366,14800
0.01523179757423458,68322
0.018110851216257016,43540
0.019689361579663205,55712
0.022190570894076306,43455
0.6780549435482226,3881
0.019677556895418013,40523
0.21573504525379936,51743
0.3873294803889682,74535
0.47128849224751146,54388
0.016777200182197128,36714
0.6711975862588725,26506
0.4479720306779099,25093
0.12797102045318243,37123
0.017469835156629518,5667
0.011405203091175316,32941
0.6895513552996432,3408
0.4624876661609496,70602
0.2383417926557228,67085
0.435464799742553,7436
0.21358857034793743,57837
0.12936475757380486,63289
0.016777200182197128,10025
0.012871783314435602,11815
0.9998529252330117,61031
0.03953072446353887,63045
0.018110851216257016,29114
0.4184880711064274,8419
0.0477939549844005,51639
0.01523179757423458,75437
0.369351617463455,43482
0.08255634372703004,13108
0.012220502093276266,41026
0.5832826911922541,12468
0.017469835156629518,32333
0.4746031850482657,75868
0.019689361579663205,51025
0.012871783314435602,54513
0.02049764905173153,13732
0.016777200182197128,38673
0.44037103466563754,63750
0.15463159748241645,66382
0.02049764905173153,68932
0.016777200182197128,45529
0.018110851216257016,23148
0.4828154061715604,3128
0.022687578033948375,42463
0.10769179054561381,41270
0.13317172122549314,58536
0.016777200182197128,46563
0.016201598561516165,66491
0.018110851216257016,16536
0.017469835156629518,69124
0.01237918942624289,69094
0.012220502093276266,28949
0.016777200182197128,43731
0.10555195575600781,45773
0.9998529252330117,65243
0.33162209941986787,28553
0.06175461344668286,49477
0.016777200182197128,57043
0.01523179757423458,48774
0.9998529252330117,54801
0.016777200182197128,6744
0.012040693629595013,11268
0.5160049046425039,28482
0.019677556895418013,5496
0.841614731029501,58032
0.9998529252330117,13891
0.025640008375650353,11827
0.012413376857257746,77209
0.1389577285928868,8178
0.016777200182197128,11621
0.021282416218363708,7858
0.9998529252330117,20806
0.07936288747399724,35372
0.016777200182197128,8610
0.02158680955015886,8062
0.14674250055141086,36019
0.9998797878351637,28717
0.10252192337558888,52710
0.02158680955015886,33478
0.020701769731010507,65186
0.2904021168738437,42983
0.018110851216257016,70135
0.11025697922951017,2043
0.6895513552996432,6131
0.016777200182197128,50655
0.10992361638916578,33086
0.4059255164795282,67601
0.05364627400325895,14458
0.012413376857257746,13420
0.06637263022973133,29662
0.6865004166192352,22991
0.47507447324909113,45642
0.12050336283577553,31170
0.10717576869445071,47762
0.38069507990775436,57191
0.19609388252095217,6524
0.010527343657870865,38508
0.34219799849700516,14954
0.019689361579663205,5471
0.1349081438772876,74259
0.11834050705971774,24015
0.016777200182197128,36932
0.041519335285471685,13181
0.8527794176763441,27927
0.7122170050592085,6379
0.017469835156629518,56524
0.3420141391607968,19868
0.7911094936636732,36308
0.6865004166192352,71847
0.07511200255379816,38286
0.6664623866359971,51589
0.2142863949208621,35363
0.8946281690873571,7368
0.021254652954202938,31214
0.052289699310746535,35209
0.9998529252330117,39423
0.8245695852035007,14267
0.012411873146478548,62502
0.019689361579663205,15868
0.07080086079029568,50578
0.9998529252330117,21412
0.017469835156629518,16199
0.016777200182197128,67039
0.016201598561516165,27446
0.7741782300699842,26184
0.016777200182197128,29778
0.13637754064780544,66215
0.9998529252330117,71388
0.3847194446833822,7195
0.14785122964719616,65440
0.016777200182197128,42864
0.016777200182197128,64342
0.06127702190540635,68476
0.012413376857257746,54206
0.24006081629057374,74549
0.4057236068648725,66607
0.1572242970651794,17930
0.468944808230884,72321
0.029466211808782217,19157
0.7631982274342397,36161
0.594136825186525,65172
0.25925417710266485,50252
0.16677202292393153,60187
0.10005729814686377,50902
0.023859910640404734,49571
0.06398637459123581,74908
0.28583348052750357,50072
0.35233154538485123,42908
0.476198185797219,47375
0.703237919875514,59644
0.23140003115688926,58656
0.5119021210695405,19791
0.8603110712674664,21121
0.46085572694796106,37662
0.5034113599564172,8721
0.13579298465629178,58124
0.8844499646325158,17107
0.232679804678124,59306
0.48513695851236227,51013
0.3607971393039325,19160
0.6595924718095023,76939
0.5544298797481956,49356
0.7091339659427907,7838
0.8638743893521443,65221
0.5034113599564172,53145
0.8382901235690362,38886
0.4258898632859027,52612
0.48513695851236227,12717
0.8336694930070025,24100
0.023717612081171475,71207
0.022295839952378417,51963
0.8391956058859671,8950
0.26710109977401775,21877
0.4828091349610794,31557
0.8088411896301295,26129
0.4828091349610794,46099
0.24882679271066926,31332
0.5146719918803929,62014
0.0332894094993791,11183
0.4914652001322595,25617
0.8877839967867648,15124
0.11417120927784413,41663
0.8406463333144532,22739
0.2009590289315561,62786
0.8164735702733026,10749
0.45978284977863315,77524
0.7426508850469292,78299
0.2922401017781419,22487
0.48513695851236227,24503
0.15127234230056463,27308
0.42505504969086966,14391
0.40030329126839564,44355
0.11420042320714865,49704
0.41424825477589144,19882
0.42022481375898274,17795
0.332584518502854,47341
0.3813001292888186,73184
0.3085608654621328,1408
0.830586480013187,28691
0.21142654854215856,77667
0.10992286539749394,41116
0.133494714201172,33462
0.4858880460429415,10726
0.011664068956630377,21396
0.5399506892469138,3444
0.7371849079167828,69712
0.03208635361871766,43227
0.05472019567466804,4026
0.168595256028868,13383
0.824683781233551,54145
0.5347332348383194,16646
0.0560631121731472,55391
0.1394574912549965,3627
0.4828091349610794,39133
0.3467980895034778,49598
0.5029852565743549,37880
0.4812723501181667,65185
0.5462391700330114,64818
0.8268265244508406,10387
0.4914652001322595,30271
0.4834578380965321,76512
0.5026636459063634,19752
0.41202103223201847,3517
0.48513695851236227,43828
0.011791188981236331,35295
0.4914652001322595,52798
0.10573721040752915,15033
0.4694350909498499,73704
0.8035687800383058,45125
0.28206689013008357,1169
0.46336967582552874,24661
0.07821118515352447,68686
0.5021162999345308,58561
0.13137698551328789,63880
0.49077993706730866,23957
0.3092176370894186,19123
0.15095362946543137,34236
0.7692641755267701,66918
0.27733867372666643,44922
0.06015627030355343,29993
0.4002134219602954,4138
0.3426963396159082,19424
0.1739124710170775,4151
0.7956900656711248,39237
0.22857428556664885,57890
0.34516041976760065,62581
0.8080961286582273,72108
0.44716688852626785,15367
0.7396902605108628,33133
0.3935546789140514,33636
0.7190516553613437,27044
0.17765934124556995,53310
0.3073818465436643,55502
0.304288701991796,57389
0.25215861414928276,76280
0.08972830202572832,65939
0.9590054510202375,37197
0.435640856816265,77914
0.3791748539940327,68594
0.45188125046148553,15505
0.8016828961527853,59343
0.192909233393727,49317
0.19594207213175316,47632
0.27580766579438554,55964
0.06607777904303823,43159
0.3007431241723912,61647
0.7052209962006231,44116
0.6760617553158695,44981
0.24204704336737,3318
0.8308289369836774,40634
0.21403354354909604,64927
0.9542994991052691,12127
0.6580855268090453,39620
0.8443554329588502,17719
0.24057209963117587,25164
0.30960506454967834,38524
0.7530855203176972,58098
0.8156887575567515,60409
0.8032671887579892,6998
0.3092176370894186,15729
0.4124324048764547,707
0.7892486526547267,3492
0.837800477327727,15340
0.2628508847183077,46016
0.03398689987868984,15824
0.7179945566765569,75678
0.5743509178549266,72591
0.3646678831392804,71117
0.7596604180969946,60783
0.5548131780003185,35920
0.3182423622588769,39386
0.35740020293567054,31100
0.1814415422283297,68144
0.3092176370894186,60655
0.2619769405639238,41951
0.44293009978558595,2430
0.11088185565744407,69352
0.21861923776939854,37336
0.5149457628676349,18647
0.2863000029534934,836
0.958321549324964,25495
0.11565636546824587,22822
0.33270077118414904,71102
0.7041367413725862,40871
0.12436246821676032,21674
0.7103212346753331,28334
0.07758466804374446,4952
0.04385364148193801,57105
0.2219589575593428,68448
0.36824246594711507,19178
0.2913627599467975,11333
0.7901552381928165,40564
0.748570041284219,78825
0.8381467790192743,27676
0.35217703554022206,56575
0.4063409553627748,34766
0.13434371171150256,8418
0.3092176370894186,5630
0.3073818465436643,42293
0.8908864897547573,3682
0.29481490976842717,19404
0.7730990610743302,29476
0.13902107101006164,69522
0.7973006302271061,15199
0.34630763666615777,74578
0.3073818465436643,71052
0.2019642703741933,37046
0.7621165869435582,69203
0.6736957965914472,55045
0.4145560455724303,18831
0.15073336368176554,46763
0.06598148431663307,11832
0.04960398715881911,28743
0.0772466375350587,42026
0.7598087321507357,72779
0.5149590181666948,2638
0.4099632246335664,57914
0.011390348655537078,73618
0.18547418190704015,48354
0.2126698889053871,878
0.33522690794075527,27106
0.7683538802232948,27960
0.5423939393158043,4380
0.2892375056118016,11958
0.35048215044333375,19188
0.8918805585547236,69445
0.3575238528300122,10764
0.29950979187912896,26332
0.4019660718147393,55649
0.28087905691257353,66544
0.41179957308628423,20837
0.3645568676849856,32153
0.44293009978558595,13162
0.32934612200784963,56117
0.39371120849302954,31391
0.12471411050795583,72016
0.41236891892226213,70248
0.7829035434196356,33758
0.5058870609295111,56464
0.27640884479769406,35451
0.4133473158242951,53911
0.06707353626177848,51661
0.11966856521336994,42471
0.4318029772741256,20699
0.8023706226057028,39149
0.3092176370894186,61466
0.3092176370894186,27201
0.31105390009636363,60102
0.2110639708964681,51029
0.30342529237487537,48868
0.24537215587974537,8447
0.3640948128089609,74308
0.6967681211646468,29088
0.32321359895225743,67335
0.1497520890412247,55935
0.7461133285404754,17144
0.5149755845237977,54634
0.1285097880494392,655
0.6414956227922922,5813
0.3077950248519877,21673
0.300028297473671,2893
0.4702490904960783,5637
0.2818191968118894,68581
0.05853459465578411,43791
0.6656105922193999,59936
0.2585199070233178,24905
0.28062631548618366,71696
0.6855542399956881,13516
0.32621811815161783,52312
0.7939854666955473,45338
0.8023975550711908,71559
0.07137476188407932,37861
0.6610062708236388,13570
0.556018239721028,11212
0.45273650086167533,11222
0.6473710750126123,47589
0.2110894714792709,10829
0.08128553285983992,4764
0.8112046029773693,27595
0.5798212894654196,60290
0.44164108071065306,3660
0.8827220650163821,3327
0.10935664112837652,9466
0.6224640134710311,47802
0.4216301715263909,60283
0.8023975550711908,68200
0.15682625435152428,54531
0.41849770442796497,59165
0.5156259380031074,25939
0.4116773729285256,27830
0.36139258439004496,49157
0.60999914193992,30226
0.44008912632313735,34696
0.8079523987112294,46901
0.31046094221033405,33314
0.6372318271346633,68417
0.49677350684563226,46331
0.8322877334126668,21342
0.5720575787446956,11155
0.8112046029773693,27690
0.12433101129639093,77609
0.06828028051208676,52410
0.4066807705902506,41137
0.19153385412336887,24919
0.17634637535480466,31626
0.4636299915612864,16693
0.26164062305182934,32428
0.4680244699686946,50718
0.11421070819353313,6728
0.29410224728722323,51288
0.22661164726536456,40702
0.45286310673687064,78098
0.32443297874891297,63222
0.8379254824709366,23549
0.47356684069816435,29554
0.7358947050463689,53027
0.41160652044734464,57940
0.15708016326880753,23778
0.8079523987112294,51429
0.37210153131853185,31407
0.13854757882593235,76508
0.49677350684563226,13544
0.4626533770165051,8647
0.4926669376455616,68160
0.4583358056484436,41303
0.5520811549371253,41140
0.43794638740713954,19223
0.3453949612849288,37707
0.24742073483989438,24601
0.21748844003869758,46826
0.40143732429590673,14250
0.2486142321625975,40116
0.15682625435152428,17401
0.8674296046451435,54858
0.06769580951744329,51483
0.42655258843499483,42282
0.4308076372312871,55088
0.7577832403677518,39264
0.23610661060769272,756
0.7206936696992312,2780
0.6953511602289735,24504
0.12030024421824227,46098
0.5003698664339166,48571
0.48310132438668874,58145
0.3929052538265575,34776
0.6875615788177397,30078
0.13931967250324373,38969
0.27998867435358005,16454
0.3045428214563199,21752
0.4782138554922316,63754
0.48310132438668874,78522
0.6151905913757865,8434
0.8703744736206225,62515
0.41386660631371536,40326
0.5393382262171968,41338
0.46085531884768544,42430
0.13777107268821684,15735
0.12455623473879802,38730
0.3104767849081337,30252
0.803286977478219,7869
0.44976508477910637,1270
0.12003933681094206,46502
0.39678608795585074,13441
0.08062882746160012,31625
0.5352911980801647,72535
0.5395651947818026,30936
0.47762406959437814,11284
0.5395651947818026,27303
0.270397409094801,18668
0.3012844465617287,20117
0.6990671194283904,9046
0.2827211099200433,63218
0.13138725923937125,13750
0.7389337245417673,58096
0.062338453809622656,54798
0.20759499591352443,79038
0.49117537196991634,23005
0.8053494011637901,23332
0.783670312505461,70664
0.80541662390724,9328
0.43012675201076117,29141
0.5393382262171968,67082
0.8052877413571657,66276
0.3459606560202898,1675
0.7035035833156107,16122
0.30851878188104676,2568
0.5068181122764707,39753
0.038139932408202466,39564
0.8084697507416133,64953
0.13188481782924377,70269
0.0937892383749086,75325
0.684200955424509,33542
0.5328625151711092,50018
0.3497585029239904,8522
0.7588532315813916,21585
0.1542922344832049,77404
0.07560461186374251,2245
0.2782317084818903,60242
0.10224976699821184,3204
0.35844908878137227,40057
0.5328625151711092,28886
0.34087888405450684,70741
0.528867954751866,30826
0.7643549655618327,20225
0.3706142596289326,883
0.10497819621139418,43966
0.10490193245259438,1937
0.34963598844372007,45690
0.20319014799492593,72202
0.3109188140715571,3241
0.2011611625859938,10359
0.7783482451427501,364
0.43533640595496026,74152
0.4108159065166095,24055
0.15784251670093447,8739
0.6413845763291813,19325
0.036305104842731736,34410
0.12400361820212721,58233
0.70238144177416,66709
0.6256644170224135,46234
0.7371095290003787,64017
0.7188477197570564,22470
0.25984886647634314,63581
0.259323932476983,58755
0.37852309314430077,36111
0.3904908001756891,36133
0.3131428380938422,535
0.4052944547175288,12666
0.3141770823697875,34179
0.21641857618293256,49295
0.21909324114097978,57787
0.3566880015292195,60039
0.49703925514887237,17200
0.09470635038688162,22885
0.37982771102540114,34566
0.7456337000293402,70112
0.72328112363616,70727
0.508422255262175,45179
0.09791433414395509,20660
0.4535454113373847,3090
0.46647289137976056,44388
0.29108301778278106,1997
0.21909324114097978,68368
0.2233425513731459,32356
0.2110267981682065,7490
0.62356874760371,75448
0.560734747536413,1300
0.7321667920530649,31316
0.47701386426239833,39042
0.3968985310871756,5500
0.36358341556192497,6448
0.2839109640134522,47895
0.39424747265046334,76069
0.8905947042032858,58447
0.3898733783004764,42920
0.0862201644064091,72604
0.295262920344447,64149
0.35665546017264643,26906
0.7538126040830294,60140
0.08839042362287441,43618
0.7388206748715709,35710
0.4539649765489193,26328
0.8232933040037491,20046
0.3332769710823781,15117
0.5741124449793285,21210
0.5854388827720511,25740
0.3411197770326534,71217
0.3848708304091616,11550
0.7516709004362845,49550
0.09812382858079782,51659
0.07762446493411673,28413
0.35587948184799123,65604
0.4252048816506151,71092
0.16228048672850853,68547
0.3125914425984674,52345
0.5712671999412428,53786
0.5740391267392365,40097
0.508422255262175,45255
0.23326890044288706,47915
0.2541687146130756,42318
0.2885429277029985,44265
0.256082298071086,37012
0.03346916969923365,38800
0.4050253398888739,11398
0.24715362842166755,4583
0.15510357617303755,3229
0.7408841197721729,72904
0.3072644841036414,10682
0.11927941396420548,65680
0.14973450880126535,29814
0.36819666311541405,78123
0.15519981125081891,9345
0.25907955581628844,14142
0.7953899205217105,56118
0.8789576091098358,33981
0.05540811302782632,56208
0.8042296686404181,76123
0.2929415746957051,46855
0.5159297536655202,20086
0.29182645774238625,57205
0.2752416986285946,76277
0.2578300187259083,23601
0.44738005506933526,38763
0.712608580038225,57987
0.13688257083112215,37041
0.2745705457974817,47692
0.8418561430758252,30700
0.7525386125606021,69905
0.03990460749103423,787
0.310663673175847,11050
0.05287231954483556,63457
0.7713537471098196,18101
0.7429080453011145,74370
0.17278858842803962,15793
0.7575914440025343,12380
0.9991834864827921,7854
0.10968953784202537,154
0.1545797199084512,75675
0.19943878279094665,13017
0.3007494194203459,52058
0.09228091271450546,37395
0.5910854973335634,26871
0.2919942051393584,76752
0.13425934684685364,56399
0.07992768559133726,63753
0.1688230936186568,32364
0.999904346975038,22635
0.3252983821992688,70191
0.16579787482265299,73592
0.035123782137144684,54676
0.014981731346624493,23890
0.190470935179994,32925
0.999904346975038,35854
0.086979970098076,51273
0.546468475803855,1553
0.4154148029888616,33325
0.3894985341008171,67685
0.9998759054231046,44756
0.3583531099545663,496
0.9999137245036819,57197
0.6977418094308045,32920
0.0557024939157971,65426
0.2855075380914926,78356
0.8173528161354784,66901
0.6994601684888608,19386
0.06382976994970938,61608
0.03830970595190097,51568
0.9991834864827921,23346
0.9999137245036819,53365
0.30855678713827844,29969
0.20476449074649367,15697
0.19434532122369189,19268
0.8378794171505834,3721
0.7434524983989063,39896
0.9999137245036819,26620
0.013606983878921232,17273
0.5713665638426442,19586
0.9991834864827921,70457
0.18519605334291725,4824
0.163333469616681,31377
0.999904346975038,15480
0.3906408549875676,32168
0.021956557369606604,61869
0.2509213743353075,4137
0.7616800107360119,19573
0.3035997489377213,51376
0.999904346975038,45157
0.3139301277938785,27161
0.43579198670646613,67658
0.7643929013981607,72395
0.051906167474478744,993
0.24280128625183295,46042
0.44838562526295545,59839
0.34927545830182216,48640
0.6967563226491158,55740
0.5156554167352084,7383
0.999904346975038,78960
0.999904346975038,15631
0.3277753258645231,72903
0.4676069298020825,57474
0.0694643556268352,50618
0.09379415238131984,20978
0.11167209543297633,69102
0.7632029098419596,61248
0.19665077402403192,71377
0.8215296351873574,12862
0.4139936029654455,60943
0.999904346975038,18985
0.29371406297171254,16076
0.22907360700831222,14272
0.3081743778747606,14131
0.23261094678917035,79016
0.11565965236003013,10314
0.999904346975038,11361
0.10011470876890723,23761
0.29263363398042175,72636
0.2918568736864992,55422
0.653207194907767,4322
0.1953432272391356,35930
0.19292927081749156,35399
0.4222800829368698,3175
0.2312113854055688,35334
0.5713665638426442,55566
0.3848093509615844,20029
0.35851199379444165,48129
0.25365765664221895,49769
0.999904346975038,26503
0.3012217648480158,3115
0.9996323266277516,43602
0.2881554952378674,26656
0.43524769989104684,56634
0.3631884393964777,74145
0.2737229129640889,51881
0.22414025823903155,63657
0.24156906631266428,59471
0.999904346975038,3226
0.39139592159471537,40861
0.9991834864827921,8998
0.28694576734988597,40545
0.07887062112204626,38107
0.9999137245036819,76985
0.2899852240847558,49700
0.9991834864827921,39887
0.11270489659093572,6938
0.3131653739645704,49179
0.1427012676856781,5530
0.5865263175725277,55831
0.22693627475866004,70935
0.3873959796500995,14381
0.4752808113000166,57234
0.33247477514415713,76781
0.16287459743121402,58566
0.999904346975038,35898
0.06716273442506596,49590
0.0849046597509908,8321
0.7640803432056366,43881
0.2974546098663064,5270
0.24231862388915953,24701
0.296651041314305,32770
0.3840551302146641,43460
0.999904346975038,9197
0.13893718383308318,39726
0.20170602965188544,67692
0.2334316184555845,19783
0.4364575825205148,4012
0.6566029401198006,33303
0.0537213139543677,11963
0.39532515630442633,61305
0.813694769338411,32017
0.3242545462793376,49738
0.2994661006229057,12353
0.34126071607876163,2896
0.34261618884481926,23066
0.19554162584170257,63144
0.3064845799214977,9270
0.3820501478243929,78155
0.6914683487816167,32635
0.2705465961519738,55515
0.3555931036779663,16563
0.19308307752681741,6465
0.030902417113697903,26533
0.09250572002209834,76996
0.4718563747758737,60893
0.013194853506584177,64385
0.04900573183478582,18301
0.41130951342545913,78151
0.3660682188728319,26082
0.027328231008488635,40876
0.43733469364904193,78850
0.7444259189565511,34679
0.024446634341639257,28611
0.28454250903925893,1302
0.4469796889962504,23992
0.5969503752045218,66767
0.42279231465199835,46041
0.6420688496617342,27095
0.6577631638214134,4369
0.2986536566324916,41082
0.6769220430257836,52983
0.8379285108583259,27026
0.6892286618559333,77084
0.3168931785362378,13855
0.20379681996872878,6081
0.3579649116785224,72105
0.19202467905601747,58867
0.06838288777166278,28061
0.21640461594377816,18558
0.07852310086173925,22814
0.5002210399045368,25187
0.1006761331871164,73532
0.3575266467245824,41911
0.2667840708047397,32575
0.45652425703291216,61383
0.7353067806436054,44463
0.10911641700351629,70168
0.3903592963650302,65777
0.09147190244493196,48822
0.8129108932501315,29512
0.11978125917549404,62875
0.023513527187475715,38872
0.060702547730949664,56755
0.3257169782664763,7466
0.19068582302063988,34636
0.7041563114312841,62895
0.7830981241572923,52117
0.3677976084968757,67357
0.2673602633287029,67947
0.7518485283387727,31602
0.2840736429199691,73780
0.7839673216112036,39406
0.03279361055255858,16577
0.07218738238275817,37334
0.6397139681363861,77478
0.11700175508379396,71928
0.33371785228294365,42819
0.20065296439944916,36548
0.8240154465775928,41786
0.28827881239856384,2810
0.045073133076389243,63262
0.3905818753492798,33687
0.38862786455550147,46033
0.08486445912202363,57770
0.2094657661293518,37053
0.8333750144296542,229
0.12526256003006525,71793
0.07508306699824235,13330
0.7509863476172859,74948
0.25608770940167364,71538
0.5611358906848607,4898
0.7597839655142223,5584
0.6903662668591712,28230
0.7224849861219994,28900
0.022572202943223946,33897
0.3083576048345992,75124
0.3738788400336533,10401
0.7055261202247274,43067
0.6003085658014223,34475
0.7621200865720463,23835
0.1768675624447411,68690
0.2665205292386853,11524
0.011681119536034842,216
0.5140657196073152,23489
0.6857596892121571,26951
0.8393156016177369,9825
0.1395639918094598,35694
0.3735667271771292,43259
0.7615638319705854,9638
0.3088795251195504,45213
0.1554458198337371,56598
0.7395240625803493,79300
0.270849066899966,40278
0.43115768719731595,74238
0.02698630660116408,66986
0.6812852409838753,26313
0.37196875636755655,63081
0.12576535087449855,47923
0.3749459296635465,75626
0.7044871823846479,28308
0.07405090833887117,49113
0.43115479188239836,29671
0.7531817701115036,48518
0.7335907059855588,6055
0.718053063809,31876
0.23993279941000945,36994
0.35824817194468767,51703
0.9999140752051632,62288
0.32442824983320173,9131
0.4721626052031739,78813
0.37568444258928685,6450
0.25380828263156785,7952
0.8217853719671524,28133
0.08576720827159862,14627
0.26144859969421386,15805
0.2802585878102039,51797
0.2776078916388305,64605
0.026917445819091185,11358
0.27292684292160035,74449
0.09775526253260777,13669
0.3227157561323816,31106
0.09800322223425043,14646
0.26606518503790194,53640
0.22860574563138408,21030
0.021389595955393814,27389
0.28564808761437605,3776
0.08131884607634575,16375
0.3196790877665804,5597
0.6505564104007621,34759
0.14915437970828274,42066
0.24505546982540075,23650
0.7061306496797596,74897
0.0808784513582415,26958
0.9998800968654078,62700
0.029047316113331022,41506
0.19322414456916415,41985
0.2543324237492363,29425
0.7210925920272906,67444
0.05595582635092756,15582
0.24595135499673954,10144
0.029335238811593993,47663
0.46432570444895793,53635
0.17740664104185078,43255
0.1696813482007334,37426
0.09084077523468058,15387
0.30982658697375415,70991
0.19755345233281937,9266
0.2899719559929965,38738
0.3945359025082173,47767
0.3985405556486776,52092
0.4185423451919352,30481
0.5307436395253975,29087
0.4466473418175413,50493
0.04725681305765864,11517
0.8779554144955558,34160
0.27897070618822967,40206
0.12841806144153017,73844
0.15945077114467182,8803
0.3604074760970419,33140
0.08223044378308178,14560
0.4972671665820892,42544
0.14071669168208162,17797
0.07831249576616464,11696
0.5404598087581165,16767
0.6398378541706973,54971
0.6345518578195986,22505
0.37568444258928685,34981
0.8586466233001249,71140
0.06243489038031877,38186
0.4049863034673713,70475
0.8227266018322793,20009
0.22606306753543726,68695
0.9085295899607635,20652
0.7479561180510967,31974
0.5520078839395232,464
0.40519888635089646,50907
0.9998800968654078,66152
0.6062779666228072,71917
0.35819438074045484,20214
0.2630290143279478,61827
0.6011198823464937,44067
0.9998800968654078,73718
0.20566001591759578,16575
0.0888542331821948,2717
0.1749306436058224,15241
0.9998800968654078,70715
0.10763926263696105,52950
0.9998800968654078,52336
0.9998800968654078,42772
0.9998800968654078,22707
0.01272358373951446,74660
0.33216037891612615,21046
0.041865423712578016,23475
0.27751747242201485,6222
0.5860702165190484,74592
0.40844637613203694,13387
0.0735567498659641,72574
0.29586692356696154,44415
0.27841410717194587,48666
0.06670173636700685,15512
0.2838176580523826,64174
0.45467051432519234,74040
0.8134317717012238,55193
0.2657560842707275,75738
0.23512449517188938,63773
0.3672406084311672,71895
0.4071271939005008,76466
0.36590836101365326,65432
0.7563430351122904,61958
0.4378710527050616,72228
0.9998800968654078,10786
0.23579625924393202,33799
0.19067658818370326,28351
0.7853781353644496,1578
0.9108357869379085,36562
0.09952580984575823,20040
0.4272132020916296,54963
0.30370167858783126,20712
0.2612149579250497,76923
0.7034078288013231,31187
0.1358988405981288,5587
0.9998540042185123,56241
0.08816961571946227,14606
0.033527821335659146,1516
0.9998500684219733,60431
0.6475273388503733,68969
0.38217307529932065,51416
0.02345276232262376,20864
0.9998500684219733,4240
0.10633876926310806,19774
0.08186206230802097,894
0.02322254381642374,39868
0.9998540042185123,70611
0.20811696082307637,25792
0.06618269915845887,15188
0.9998540042185123,68470
0.24233646587113677,32331
0.9998540042185123,29266
0.9999137245036819,44131
0.6978152584483912,78535
0.5974065411859178,28023
0.17402326241499033,1130
0.9998500684219733,732
0.806448709672694,3085
0.5031421945737851,72834
0.8173368114182002,45265
0.023591808343281104,2796
0.297849930522047,25364
0.9998540042185123,7602
0.0174411261046463,799
0.9999137245036819,22617
0.9999414730645343,17119
0.742468395726452,179
0.2621784876525371,65498
0.5585048585870167,44238
0.6999827487231602,61085
0.34369739740189903,17559
0.8095689265787672,65365
0.1442226810043622,13799
0.11636948979061686,59200
0.2368650868806566,42599
0.6969891717021615,17175
0.8292019833228952,32568
0.5727500844649126,27778
0.26815092685622416,32967
0.08816961571946227,24649
0.23701937719965255,61432
0.45325472352781604,56828
0.7501595701926884,16933
0.020611380408531187,12941
0.20048848841099812,58532
0.02372236510329643,49037
0.9998540042185123,11773
0.6873620267471547,38499
0.14072625907242428,59659
0.21021708493238825,70153
0.020218736917167406,7534
0.039511897210945786,45247
0.8297561328283676,67
0.7361437421589125,15690
0.7882192479674888,73325
0.7691881337962887,5034
0.020659614134416006,35341
0.2569709496919828,77846
0.023418933143916704,9874
0.024342721559261968,38991
0.7267503821824737,66324
0.01044046977074821,3333
0.4375249400102864,62533
0.350313034943632,7988
0.020659614134416006,6009
0.392326096531263,24163
0.3730803929340739,73871
0.2664956366319333,78225
0.3905920971167549,58756
0.027833328072002523,71834
0.33531917549537255,46217
0.8463494858367355,66728
0.01710262923022945,516
0.02109347087892865,30735
0.2521101125654318,49631
0.21572838243800024,30025
0.5427915956766127,59124
0.34279366774358655,23284
0.9998500684219733,47646
0.02499782695979955,66538
0.9999414730645343,6192
0.26815092685622416,14176
0.3046995485728008,71290
0.17987069436577416,40582
0.3627190662846641,1463
0.15073998983229672,47976
0.14732302548425655,24300
0.37556024313081277,37345
0.4855454494296778,42625
0.02109347087892865,27465
0.11828904429573243,71155
0.9998500684219733,7350
0.11610873480132616,53776
0.9998540042185123,56345
0.9998500684219733,70355
0.44648934155178177,63383
0.14604452981092864,46995
0.02109347087892865,65757
0.22180568261982403,30608
0.7397800241778751,12633
0.3528627780389344,4604
0.9999137245036819,61361
0.9998953741540069,51629
0.26117971720953626,22500
0.028699731257529913,50211
0.7139138816894164,63213
0.5766710715291274,39256
0.9998500684219733,72573
0.9998500684219733,59252
0.6999827487231602,45202
0.020420374471277213,71187
0.9998540042185123,1379
0.9998540042185123,5623
0.3504771047185783,29864
0.02109347087892865,2882
0.9999312893816612,902
0.38808981463934544,51449
0.18158341000261732,74025
0.19431697427844546,61498
0.445994262610376,30233
0.7534545862596023,51138
0.07118123778583652,23465
0.788544104040645,73756
0.029958914467634778,67164
0.45736057809137226,6773
0.033893822217448154,12022
0.034610414700312654,47205
0.07194577485424873,61076
0.03458977802275984,14679
0.018071503857761826,48941
0.4009676674073226,2160
0.4850528603792664,40026
0.2379614547584098,68117
0.21726810284550366,40735
0.10487202153282624,34925
0.274267646411401,69877
0.14633339936409914,76158
0.2546829157819164,46512
0.029781636780105206,1074
0.3018223362055795,21639
0.2551812162331929,17066
0.27512245619656295,62767
0.8221793687424331,3160
0.019487375672190374,21293
0.6829206409437829,34651
0.019332939486297968,21399
0.03472914201199588,5975
0.12061340554958216,3730
0.033893822217448154,491
0.3089998201519741,22093
0.17402699067164862,1376
0.3610073874682959,49003
0.09781036283075357,31659
0.033893822217448154,60759
0.5961398589971133,17011
0.019332939486297968,4759
0.7479475852594184,30342
0.18110439620333235,10305
0.03472914201199588,71577
0.03472914201199588,28757
0.5559210013062625,2842
0.4267147810981975,51414
0.03206388021055686,42423
0.019120316817144795,63724
0.06402924340880593,2888
0.03509886101246753,60974
0.2487646774109897,8877
0.03428854718959684,20924
0.017680925440439543,45040
0.15166384825887244,14998
0.24923336135475718,22838
0.8103506094278814,41980
0.15733271813018046,45350
0.23267211599828452,19024
0.8316276823327075,71139
0.3343677031661219,13922
0.016950602928045337,5731
0.09076796645513191,14746
0.030639481502726974,56357
0.033893822217448154,70833
0.033893822217448154,52350
0.033893822217448154,45748
0.8319010734397061,13852
0.5871699648537407,2963
0.024987316384922145,28380
0.2537427442573871,20919
0.8350724752070199,55372
0.4012642081889602,44307
0.033893822217448154,56760
0.07815407053395519,61079
0.09238810910009018,6870
0.8387036849632677,43895
0.033893822217448154,21043
0.354345070169131,45761
0.017680925440439543,43241
0.032276619011605355,9944
0.03152417050351087,29710
0.1639869297918679,39662
0.785623819037711,39450
0.284489343562281,38197
0.27512245619656295,9191
0.028971419551825417,21651
0.4470317244790667,69323
0.033893822217448154,39885
0.7251129236751085,49647
0.24546585587136116,70220
0.26664733713555805,42815
0.26210270094029786,69807
0.2483111479234142,78005
0.3435012991736954,75225
0.3827364051841859,45204
0.016950602928045337,48665
0.8382731929186994,40645
0.30298842537795234,68877
0.03206388021055686,32231
0.03509886101246753,67568
0.21740416060924897,21474
0.04324432099328729,62713
0.22323395368112073,7236
0.03509886101246753,59873
0.10735092623552983,30952
0.033893822217448154,55433
0.016950602928045337,46752
0.029781636780105206,1080
0.03999431247323453,18611
0.029781636780105206,50495
0.6584819058095813,28092
0.01652883222269543,27282
0.10944693029277117,50972
0.6967079016385144,59214
0.033713538067861065,65067
0.6967079016385144,52414
0.017680925440439543,38418
0.029781636780105206,27673
0.7475627052437641,26027
0.033893822217448154,14507
0.033893822217448154,68473
0.016950602928045337,69454
0.02989313066713776,30064
0.850023882579114,58862
0.24793111655339234,26300
0.02761088723668611,33074
0.3018223362055795,36825
0.01636428761299982,52152
0.033893822217448154,9838
0.6454556610112889,50384
0.03307675686266778,35082
0.033893822217448154,14309
0.034610414700312654,44440
0.03509886101246753,19881
0.09387633178643151,53474
0.017306830051299807,41799
0.2604518224693153,67599
0.15578674245663146,6471
0.03472914201199588,65525
0.03509886101246753,56653
0.6466604964593571,72014
0.3495632607559125,53052
0.03509886101246753,52720
0.471857121609025,60611
0.034610414700312654,38221
0.2891313580988303,11280
0.1120902223654012,57175
0.24546585587136116,29832
0.4380228155318273,42675
0.03307675686266778,37039
0.2071921526107999,8532
0.35286948474160956,43130
0.16763890733078224,20471
0.18204740578891787,9096
0.7423482926981958,36134
0.16243545990852393,5516
0.21970445456553256,11782
0.40865911145370126,73763
0.17189103922675442,62218
0.19475486274175374,74591
0.2959264135654993,71043
0.1929129066264387,26479
0.5243721740220273,51323
0.1034172741873023,925
0.17565594974458146,35893
0.4975734052561961,72096
0.337964359113707,57609
0.6184096323675874,12721
0.0593009234837243,42615
0.7219823837264142,71335
0.8466862664293056,28558
0.7797516372384616,44117
0.29151188948897583,74878
0.8466862664293056,52249
0.38779416603002115,61823
0.70546703755066,19628
0.7115714869933405,17858
0.7128391235282987,39517
0.12841022942889305,29794
0.767235453254347,76327
0.34288742663614924,27844
0.6740419627501363,41851
0.10329778866379884,70212
0.08058025177574961,63852
0.767677653226191,49057
0.10876252757963965,26348
0.7301505846917062,48850
0.41999335999909243,58503
0.07991754146548706,18691
0.7487948978272915,16556
0.710132121205042,3957
0.218572755936935,5607
0.6756049531538605,22196
0.11344681933842954,24847
0.316921372085873,44149
0.4130706551426193,34494
0.21220159168485997,1185
0.7435445402852371,26141
0.0526383328056179,49557
0.2740590823652686,74539
0.11341955089891514,33673
0.7697459197947909,8347
0.4639167435449291,50014
0.2688989445374058,7798
0.16644407837303318,26124
0.16635329271995256,56549
0.8150879226056129,6090
0.25316249597014207,67617
0.22147365900858346,65450
0.5152880078293021,40697
0.09966019656967462,7934
0.11851314082047573,24595
0.17968408696552648,9928
0.6004523275477092,7212
0.34850083963511774,6534
0.10464552156987436,5210
0.18575030036004486,49594
0.19614258509463217,43391
0.25922956190346835,73985
0.8567001384584244,28927
0.21187304535957333,693
0.2708926771430932,39134
0.7458949054904218,76842
0.3456438936006436,7371
0.7025501083467728,34070
0.3010495759325732,73374
0.33511396936657173,36484
0.5896672707626072,64551
0.08995260223461113,24496
0.22219673829402492,28634
0.02869889856198261,5038
0.3177750156545706,52775
0.12966528205037414,30980
0.21469614473022913,7355
0.36994878762429695,16123
0.43413754672600485,74287
0.022953049280162154,11619
0.7336252436972333,27152
0.06005864087535788,66973
0.8346950561790227,508
0.11011623643499341,48786
0.11505347526890485,61817
0.5637996898016139,71467
0.40104761915474685,8948
0.175033868999485,12243
0.8048339978853757,69923
0.043746008914364566,63966
0.08024553235989741,10311
0.33536807028124016,50436
0.7080276220409517,8922
0.11409888654917195,74230
0.710325025546367,17028
0.09594890716332016,1540
0.744645062445072,9122
0.067176328916715,5868
0.3968714138768624,45876
0.45714962960239924,22491
0.6710574612415175,13030
0.7112723625754014,11570
0.5878382665244071,45437
0.6935733550809191,391
0.23578427942507268,29002
0.7940711256951003,17577
0.16014143008639778,31729
0.7591893763629274,28370
0.11587429112277679,42833
0.7432957141183454,56810
0.7212786101894362,55513
0.15375183345559937,11351
0.16370623034852497,61862
0.4267853051039567,25082
0.6934031923463151,41204
0.7458949054904218,64758
0.7591893763629274,72256
0.022996962978306522,15541
0.20413125584268543,27242
0.5327555864149118,14694
0.15885105144340667,947
0.27401536317697184,14328
0.30847104496742206,14415
0.2793552774913863,21165
0.4166870160910882,35933
0.2677051780335379,35316
0.14425947091573035,18158
0.7564608209308776,60355
0.07545168736044394,33041
0.027777795014182143,20828
0.027706909646153396,36387
0.498805990173254,27406
0.02359322784292802,48292
0.26921070618252585,7009
0.24211347077607553,46547
0.09140450797238038,17305
0.14111881111209545,4634
0.028662335429366116,57657
0.1393864323320238,40476
0.09418738388915504,27053
0.7090843600746211,30134
0.7986780950719623,38368
0.3278083188187564,9291
0.2787324808840516,28932
0.30942421616720067,15990
0.3567422893063997,36406
0.6211896132357049,57725
0.24914942024820805,74329
0.7458949054904218,21200
0.5637996898016139,33368
0.4098526586268145,40875
0.09071195216385883,76872
0.8315841157073199,1894
0.19976694159718816,73370
0.11340338453667617,60740
0.7641156588119701,20747
0.11109582863018236,65912
0.23430261634831828,30772
0.022996962978306522,1467
0.021847540045948247,12616
0.24400423402639265,48995
0.3450501052684284,71233
0.26289384846209096,4838
0.33511396936657173,42432
0.6979738799774183,60198
0.05555088896187077,46122
0.6398876049023026,28622
0.3038689221620923,55735
0.08571013971794746,78131
0.09390284333332675,54479
0.11164095211802867,70412
0.027777795014182143,39347
0.7442689936807644,63015
0.022953049280162154,63928
0.2836143208754472,13332
0.3136511257442799,56397
0.4236868825527466,44951
0.10502547177803584,25626
0.8141051362309926,23155
0.4614521724997462,52976
0.20638128745491077,17242
0.0868346996713586,40746
0.8310276500052666,2036
0.28594082675181204,61270
0.34299176832738465,42933
0.3974694021600715,43060
0.6810905323785891,17884
0.25221240608960926,52665
0.05621289908027505,57515
0.39897243799486704,6829
0.257838794333751,7131
0.2708926771430932,16627
0.022953049280162154,47316
0.08904880612553237,7372
0.8617167807393176,5595
0.5558257544193933,47292
0.019610327182090298,47235
0.11815854614921278,69281
0.37984249042874146,75670
0.022656092654475758,54384
0.6293373083127269,69640
0.07627975235502865,7494
0.26166495837637405,24705
0.7438408904877647,26682
0.7249664756804841,79195
0.12012892877219719,79138
0.8013568035878291,50734
0.028377794615770162,68112
0.594427913173247,14390
0.02370702523383617,49053
0.20363015891802147,4043
0.15583339699992652,50520
0.7898458665190263,4079
0.039450066319273246,47015
0.4007584196543873,73291
0.2933818568202108,62048
0.09119523276596231,64428
0.13602862243968053,32468
0.020743183125795397,25217
0.5238350681937739,30792
0.8116925808703733,15961
0.09204814274453589,21317
0.2093610241036683,34754
0.788621243090918,20246
0.43629303382739737,40543
0.1924384391533112,60825
0.10101299243408196,9727
0.7208714429568454,16710
0.7435857974509944,48925
0.7749580567046859,63109
0.2104232231550297,43299
0.7054645501639529,66472
0.3902138968225992,69591
0.22313309141792875,20956
0.07503841166376111,13667
0.4323599135071706,40223
0.24765227594301253,865
0.6655296203967018,67790
0.7486220683269807,22395
0.6185926933062582,56064
0.9257450030979213,23383
0.021110184600868123,36635
0.32102929435071903,43117
0.18702910558970912,33378
0.8173166194029281,37420
0.021629380123656363,77626
0.7659557430861123,30006
0.07795585741450026,25257
0.5878382665244071,56919
0.3196988918246631,72685
0.40248950287931157,58256
0.09762121636860047,34783
0.1222349108801393,61159
0.6659780894192185,71118
0.7748844452999379,60520
0.041347025843474015,5061
0.8427709917823498,9616
0.1418107538144417,53371
0.3282490605562709,73581
0.1890507122122555,57824
0.17162142752553677,17047
0.3918074002527099,73923
0.2886597429733124,7698
0.3600498951167621,61588
0.6538144546067591,28836
0.36657238375602336,27565
0.7461102038268475,68313
0.05539767849844288,53688
0.05462419017880538,43647
0.2005065994217672,7190
0.8202134251476546,5574
0.30708149839633403,6136
0.47288355559468276,20812
0.7286331915681454,10554
0.5506092177374209,5248
0.7074603008580109,21154
0.13798488169977108,69518
0.18239889661963266,59096
0.0953084687990487,30565
0.08002287968375549,11086
0.6915804826741018,19054
0.022409678208434092,16664
0.30137135460583253,67709
0.39883920534830813,32084
0.7336784660203703,31900
0.30290802315464005,27237
0.34374619710571114,14860
0.3604100971561881,41487
0.06532407787160224,7453
0.240622837709222,5198
0.8320043734456628,62009
0.4241820484178014,26271
0.8025686972725607,13211
0.5142007528930161,63478
0.8626245349068284,48804
0.7528358544964899,28993
0.18954737174372796,72743
0.47679026927346496,22192
0.7882812456323421,69346
0.4393733967314981,45257
0.7747030132372776,51034
0.2338220077671811,21068
0.4434946439214227,56393
0.15737818591276487,5544
0.08524453236112627,54746
0.28737567232544264,48288
0.6036539384948509,43170
0.30710289263924073,29979
0.8004744884612756,59755
0.43143755155954344,74719
0.281632594139927,17654
0.29427930511386075,29093
0.8603177298175635,51503
0.10622824913910657,58742
0.1585642887636569,34153
0.44661771504556813,33784
0.1316866839255528,33066
0.46158888857703884,8636
0.08557547381630128,70410
0.15956085376227944,64893
0.7946055227074691,62560
0.29426654795745005,56998
0.7946055227074691,67614
0.19873553408467637,15030
0.29904556368972934,48444
0.07143773086307419,14210
0.47189944658132144,29328
0.6709751027694583,3010
0.06260040929236534,15217
0.7253130238914919,2538
0.12544198827677905,49347
0.42110460567701996,40131
0.1661509267890729,73035
0.025965484729556752,46251
0.7184249717998649,41778
0.8104891311029994,39322
0.2774635695224991,10771
0.67816597077671,48900
0.596135523192207,21890
0.283008812850664,55914
0.09873360000002315,21685
0.26831453276886796,321
0.4428199461632827,7136
0.030048097717701217,61387
0.2852628486522717,11985
0.17659750087089032,35423
0.2969707445234119,58252
0.30667822551175533,44911
0.29161412612608006,52551
0.7743081489503526,26628
0.5255774524118875,33655
0.3547121895903612,2177
0.25191981473219327,31832
0.442520213770192,3179
0.35083143871957084,65781
0.63300509429126,14759
0.8015560706886238,38752
0.7383440817036835,1162
0.16712402719592823,20667
0.009736535486008077,22338
0.6463047124588518,288
0.6437843563005631,26207
0.298109703010506,46419
0.32217488467585753,54461
0.48790347477024953,10069
0.3140177825804742,66707
0.18194019462674402,4676
0.28623487999919117,46687
0.3304842981034313,53866
0.7804223831061659,39561
0.3280167610307771,44332
0.2177206678206656,60381
0.06899570792215107,26554
0.39765817011859084,75324
0.5956713260552475,23166
0.3186818844976593,59223
0.6557256273249823,25492
0.8322289941074471,28165
0.7860833423955962,3122
0.39869277070202797,41348
0.4414020407573972,63929
0.06717053710062254,13862
0.5045446976202711,57063
0.2654529906243654,45897
0.7353668566192533,66468
0.16900707758223993,692
0.742575673408945,35350
0.6685606556966425,6365
0.607504583025058,64141
0.5398668707982439,78800
0.26305232889531915,16429
0.4883713609634882,20324
0.35622060182946247,39877
0.7556964219930016,41744
0.05425855831244464,69856
0.8823517762082183,35734
0.41081691410969506,3970
0.5052392120527642,4927
0.6423925370845793,70470
0.7744978064824557,23863
0.10349744965400687,22693
0.34202580847471864,53312
0.06153798821036199,3093
0.06153798821036199,21098
0.7701045621990492,12749
0.6594269581809582,74655
0.1370926490429551,45284
0.7280749965863221,69519
0.3936725364659718,52348
0.8322844770442905,66631
0.42990313939921143,22928
0.4161306620876435,15973
0.1918353753633275,68380
0.38222499628398277,52004
0.25374265062437895,49242
0.8322844770442905,38725
0.7961137447849899,25096
0.21186013894563888,60373
0.19249586753796355,20856
0.3189263646106925,61693
0.5774935127565495,46143
0.42400138269362064,65553
0.2471526451514675,28203
0.5391355745658807,16525
0.27389356143519805,18444
0.3154318083336214,23528
0.354086512649493,12206
0.19495307277974142,31423
0.8052413690843537,32007
0.5114493002721151,32767
0.05455701351855579,4687
0.48570010941147757,4923
0.3306757941375081,39554
0.39236019509255926,5878
0.37492771862483654,64487
0.3813922289643007,42317
0.12369947257741612,32444
0.2939822639688609,16460
0.45573850239798336,22832
0.09380863512521055,41199
0.5795939452611854,25007
0.39477176350625937,70123
0.6058372250722158,47366
0.03143156236333101,39568
0.3642781837115394,75086
0.7226508124755008,73915
0.8350811139343434,61923
0.7154232019094627,50706
0.07859436779834149,55027
0.7909672063094354,24817
0.7374667953788114,60411
0.015375970344979444,25554
0.31763576560701734,45866
0.1094271530718609,47225
0.3049599813013981,47948
0.03340932922887733,39170
0.3366641265205043,5696
0.37149668419316734,68478
0.4338925486927283,75338
0.2390055231844812,40150
0.3081360213097109,72085
0.5705818596089123,50773
0.2415265782841345,38347
0.3855693950809401,8308
0.12216960425038648,25934
0.1838521131859069,6783
0.7373523548121539,75476
0.5966182862687774,77296
0.6819708885372135,66254
0.3247375746130702,1610
0.2522550342315771,31981
0.3833043523905641,34786
0.13513410262904352,35740
0.8667735620879613,63769
0.31986254130648134,46807
0.11678911655664949,46336
0.20483054422384217,35700
0.7355203449361504,16509
0.5061043879937123,50259
0.6373099161323137,1815
0.4108381287395818,25417
0.40892132065798537,62994
0.7764224638618766,2124
0.12888773984242657,56636
0.0725322140766555,13705
0.7317167263368705,54787
0.08215310498481082,31722
0.37271183145355113,77016
0.15684307660087995,14192
0.45008962022898635,20436
0.045635603832543385,40470
0.4505370027060802,43462
0.29086700127254117,49878
0.5617188564290015,59808
0.26888381046997,49029
0.7890364620321725,41939
0.2766491688053937,33577
0.15136830036934137,75113
0.31878407790193386,58820
0.7123324608106131,21439
0.731562621385194,40032
0.40892132065798537,70443
0.7869932092913892,3723
0.07378768128027065,76869
0.8658025773193612,68208
0.9996827799360529,58580
0.22984451617654586,9418
0.48404963523460437,4553
0.9998994388464482,71546
0.6020625726786896,50600
0.02616837336517524,19602
0.31410575656882844,41248
0.7182848070891321,3165
0.212001571233341,52228
0.21011745231492476,39532
0.3813231235438508,1658
0.11363772021877343,57222
0.025983914815027803,10590
0.627672701777427,57797
0.0953939043981544,19095
0.19436463444850133,55469
0.3692133181972501,40318
0.36913567527146274,37035
0.4792175770769511,16807
0.5930719590083822,38085
0.09593605680406773,58002
0.009665838092489994,27878
0.9998994388464482,19230
0.10767289931954839,53219
0.7442124984200067,33770
0.668794441863699,36967
0.12531052701075893,35187
0.17426011853174694,58220
0.09390563729405907,36344
0.02715163173988621,55879
0.2707462201764406,53000
0.22111588761442746,50114
0.08867653439999962,3559
0.15728099533683468,59551
0.45267117991910005,45227
0.2624704691734298,69391
0.32289524129519004,70424
0.9996827799360529,28808
0.3336320292845394,13599
0.5442646575404049,5314
0.11963392581138155,13700
0.0675389787907022,62654
0.08867653439999962,4828
0.3868777533464815,46800
0.3673650089974172,57531
0.6411449124789391,69444
0.023385845078838084,47102
0.5761290465352387,29135
0.2658207866571233,39792
0.34357817581128924,9344
0.9998994388464482,47930
0.171265388343238,61382
0.018709695917980534,37664
0.33828667036762905,37953
0.9998955030499093,50226
0.5742379274176594,61585
0.3687324772483507,22909
0.18837880857502537,62781
0.9996827799360529,47000
0.9998687089475111,18280
0.7978700850657737,10284
0.26877554464110914,40864
0.16750556206933523,18020
0.4729144981264479,18324
0.9998994388464482,51619
0.749682618286684,27043
0.6737875155443431,17388
0.2921713211927135,15087
0.9998994388464482,24043
0.7596938740987996,53823
0.38967366459926284,12307
0.03916000737284425,7567
0.4754296024924708,29228
0.15555966708049543,14720
0.657188417795702,60295
0.07191150704823875,58830
0.4075745513694191,78579
0.15475088514598126,5369
0.2035505962142416,29426
0.03112495476406788,30144
0.24616747039055054,68155
0.8088816764676122,70022
0.33303554222712134,11796
0.580441093887651,17370
0.12432813564893819,44037
0.5351001591262682,24367
0.3393493341197692,22554
0.17553180929847317,72921
0.4190508513063314,75810
0.6914452884270421,13270
0.4713022793624364,9276
0.8309457693717373,9461
0.537977474135008,2463
0.40288574468125193,49421
0.13082518566537127,52733
0.13806839563607212,76578
0.3402298340669646,49224
0.23355134282083218,42223
0.19566050679438926,72046
0.23179485043059028,61603
0.054070511991530235,66126
0.3081728024599688,8849
0.4631461635290504,59994
0.0045088691108190315,39614
0.42208151821347917,47112
0.7737568704443629,62672
0.8074641176959572,43619
0.189908796577445,5455
0.32925677482293375,75322
0.36811083859307836,34218
0.13858209843666358,72374
0.05668976432374218,48618
0.801880089052109,29433
0.03332903825450939,18817
0.06689943678250054,54711
0.03170126754461994,1588
0.7526943460053837,39455
0.2840462753571885,65007
0.6440999866144739,31418
0.13083152163329695,41575
0.039745387689131585,69498
0.19407431177869186,62902
0.03196779937442169,29632
0.25251536236848776,6079
0.7090864795471219,50043
0.45100772143855405,10957
0.14967371873902166,34394
0.11299273493671194,4007
0.3509014854409913,39020
0.35805912129764855,18396
0.2645501351262062,5899
0.13324521414538196,2867
0.7864174733119458,14012
0.3188800143545685,76600
0.8620564295616848,30267
0.17165834519147655,16969
0.21415932401402785,20317
0.46918807929632056,34029
0.6348986156717297,20923
0.15386324826047815,34485
0.20679806638748882,60653
0.5894504134546752,55162
0.09572858063741047,70205
0.7496586198503596,4299
0.8305487202961128,55799
0.7277195872873722,3784
0.7788299878925893,33777
0.723403123328031,7348
0.4835934299943191,53593
0.2089551814539185,10378
0.5128014395262945,56562
0.40176485970419573,76642
0.8603146106762037,57536
0.20913581139205045,45928
0.45031811148634027,68310
0.35544694087796447,13027
0.7344236053409648,25106
0.3536078573157109,1988
0.6061340425797238,78758
0.7404451719411012,56684
0.2831902631937379,35441
0.37975969842087454,16261
0.08403873564541986,60282
0.5690976538687882,25465
0.38935211016562826,74712
0.38192771844249285,31509
0.09551980959541677,23577
0.14727798652656698,25902
0.7383363588375262,54196
0.32410001335074856,19310
0.12364616899214788,65786
0.8404589188179963,40954
0.06270420692515091,51494
0.4562487871401072,45940
0.8469843087506956,34813
0.8695694185232188,6590
0.7613936912166458,13781
0.4100403881842685,66164
0.7471598195359899,75486
0.3606932843613786,29524
0.060732489690047645,28821
0.15941424380369176,23930
0.08759770985645518,76856
0.3392874412487858,4766
0.6832463343459577,26178
0.34686888194926296,6512
0.3065945910958128,67767
0.11839576459656051,20567
0.7069123308736152,18783
0.19416565054857216,6306
0.6118799795275298,15642
0.8955414076021929,32300
0.211339762753615,76103
0.3314562183970572,12393
0.21383568753672916,61900
0.048857301093350715,49423
0.1458012349991758,10704
0.8541156055199279,79066
0.18864224823638362,69784
0.26198764527806423,8003
0.8685992262845366,31955
0.2365352083965872,44042
0.31656391631936825,50249
0.31508975555277613,31350
0.5189919758692775,55806
0.20606506328496044,66810
0.3289509241199118,5699
0.27033523386680475,3359
0.3769049017873737,78936
0.2154422040934468,61577
0.2807790037311469,44524
0.6363118759321297,20390
0.7294156640194179,48004
0.10187856914352723,48848
0.28158410613951845,4568
0.7812346740707319,13256
0.11254392682633287,55756
0.4204427137957345,32552
0.5943161752174732,12498
0.3362799806531315,1962
0.3495737335539412,4993
0.20734226582070667,70428
0.6811985648697105,55022
0.19618509045492755,25955
0.3201817864673888,71763
0.22404221132626312,27324
0.12299015448808052,38135
0.028666436463698118,35945
0.23459242124454424,68896
0.2807386454940076,56890
0.3502803329608963,308
0.535061021660152,51258
0.4450107387113701,76212
0.6805046855445944,56564
0.29731090342806465,1052
0.2629003634967123,78000
0.6345831213539023,11411
0.7547327667957701,9222
0.8585702113748339,57617
0.4752327840054287,10235
0.5926767480083425,41831
0.24806787068140285,34643
0.27228567010125515,58818
0.7618485653827543,23667
0.23189562257269072,58161
0.3607932203603984,76701
0.6595314107518613,13683
0.33649168526904055,25833
0.23771678704971022,70454
0.8464750848731526,65728
0.2704302706632563,25069
0.24966437052434534,13234
0.21820280099515332,45398
0.2680919370602167,28055
0.3805755140282596,57768
0.24382658257256126,69461
0.24816184025291776,22801
0.8276227023287801,60007
0.271113085619886,28811
0.37587342153034575,58227
0.33510974408589356,16062
0.2666336401314517,52266
0.1275063275539789,29964
0.21354694362046367,15550
0.11512531888488158,18075
0.7997652279767927,57416
0.23798361946354116,54201
0.21943943305625058,19693
0.39879776978886355,63628
0.7872626124866935,36640
0.2745322031530856,69328
0.3078857295731788,13410
0.20546780661252706,46923
0.11733208244549714,35555
0.5122769748025704,74796
0.7663872267886299,75811
0.21820280099515332,34486
0.15023348257425684,35465
0.7939335171534946,31028
0.6619980816091197,67385
0.3977047665805448,53665
0.760266262825121,43392
0.25293701648957684,75247
0.14719402056325503,31924
0.22312760288409209,72308
0.10990560231971806,50800
0.19386505696904144,47765
0.10990560231971806,64094
0.29336481334139175,30677
0.7851929127678559,44370
0.23217261257462868,33886
0.11077127342420459,34525
0.2610516967969305,49650
0.32104470578780014,39520
0.10667938664870158,66407
0.8931243788084164,52510
0.059044478634418716,74641
0.0932545502333642,56831
0.41333401757912736,52496
0.7279593703639196,18109
0.15440742690016512,71129
0.6629007550075711,77999
0.03129253859937757,66671
0.06115789301829028,78276
0.2627633762443266,71387
0.370795296440962,68666
0.14392450144004276,16280
0.6662065415132344,51149
0.6793343219511945,69505
0.47756509487270205,45537
0.39954838341167775,42934
0.7342331101928847,337
0.29190502352777736,18932
0.006368679524335918,77634
0.2500936008212902,73649
0.61697782141471,2986
0.005706395469443716,10879
0.037411583525149436,15917
0.004155691137794108,53773
0.02226414531730707,11670
0.0072320493181621025,20863
0.5766261812579682,19943
0.007023759030557398,46676
0.008318786979749372,29438
0.2236850023426647,63401
0.39134867615975144,19801
0.7375564232852763,57022
0.640831514290403,12101
0.0072320493181621025,49501
0.49746722622551676,9019
0.008473446424492999,72780
0.029026632190797066,49851
0.011097969071120223,14080
0.17964010845511982,11875
0.008318786979749372,25806
0.27757087964577587,63294
0.18548348667375922,8264
0.020470661752556445,72392
0.009821837107327116,63910
0.007023759030557398,8598
0.00841115631936237,6902
0.009497893980949638,29933
0.22534542358900708,50819
0.22241351096354856,54723
0.5821876658499819,66982
0.005339437950703442,3263
0.007023759030557398,67232
0.008795205706458352,48921
0.020036385688570062,46152
0.30530070257309844,20790
0.008945055847099898,1631
0.007023759030557398,33038
0.5900811160957842,1882
0.1561767527669965,13901
0.6255503319131879,37843
0.007993312795993416,71046
0.18289570898908397,66789
0.2948252859584435,67569
0.7778436897630735,34701
0.5843083569175906,35304
0.7263295561483034,32955
0.010854694909001572,44740
0.6255503319131879,59175
0.005339437950703442,71095
0.007023759030557398,11152
0.3202190714454284,23570
0.005706395469443716,20528
0.6302852440862226,78274
0.6599497443569164,62791
0.6052747261199726,6588
0.4839560136367968,17619
0.005706395469443716,36684
0.011825798127464374,65983
0.2201734305225842,14032
0.24839358309765275,49997
0.005339437950703442,54354
0.49746722622551676,28379
0.26220580158365164,64730
0.8236111042671835,31380
0.346394870769413,43857
0.7591641146444452,58871
0.008945055847099898,38863
0.30637121371176823,9487
0.6072436625667832,77214
0.28341023192062686,45992
0.3064477441648237,54220
0.008945055847099898,28019
0.007023759030557398,33456
0.11600276447945443,70745
0.00841115631936237,41186
0.006103324181860622,10346
0.2760554301924047,30135
0.15586400335689926,73194
0.49628985507342827,25567
0.009497893980949638,78845
0.61697782141471,19521
0.8578009401114074,38231
0.005339437950703442,46526
0.48368744710760914,23907
0.33768604798850943,59288
0.6091178512708354,22766
0.5638495499522762,19584
0.006103324181860622,66984
0.61697782141471,34058
0.007023759030557398,45542
0.04421132108240678,78879
0.5579089265993349,10693
0.640831514290403,23742
0.32069834041024253,10336
0.3546550143841638,78901
0.005706395469443716,45067
0.005339437950703442,44674
0.28701923986551653,47894
0.01988560343183724,15831
0.2372825429001333,15736
0.00841115631936237,18264
0.5212103256777837,18815
0.007775715330357595,12454
0.6091178512708354,38226
0.0179144818749763,76021
0.6075033179138746,60932
0.021498231559864876,11350
0.32261063458726,44826
0.059220200097165755,4132
0.013025606468834758,16352
0.5589606628998989,57981
0.004296673547151214,15409
0.640831514290403,42044
0.00841115631936237,55864
0.009497893980949638,46173
0.61697782141471,25480
0.0057197008272675915,61800
0.7231813922956573,37100
0.7466498913802211,54568
0.7140382807782316,26617
0.011825798127464374,65150
0.5138792835021845,57125
0.2547003549624805,76515
0.7630541906046026,77156
0.7702448316612005,45620
0.640831514290403,2776
0.7886753928983217,32102
0.2336432637086081,69682
0.008945055847099898,25339
0.007023759030557398,35180
0.6072436625667832,48226
0.26175641703503316,34315
0.6075033179138746,78980
0.3184401101818308,72490
0.4232161181615451,35904
0.007023759030557398,5751
0.007023759030557398,14716
0.9999096796550868,55572
0.36030060102155037,31086
0.2013926761606563,69342
0.6603651397873931,9077
0.4736668127144598,27231
0.9999096796550868,33999
0.1913651051996324,56584
0.05773411955960497,15161
0.9991888191628409,52447
0.27608756595704953,46831
0.3612463664459309,42789
0.9991888191628409,64419
0.6422682737271654,29769
0.43146894281344594,3328
0.9998959233052491,59547
0.09664098751861856,54200
0.06747717503114002,66799
0.9999352765865135,22251
0.1172765484036373,25518
0.5209499558954472,46224
0.19913443775043294,39351
0.24616539048290725,51540
0.21385983192868538,21120
0.32682349934208543,5022
0.5033874809312563,23560
0.40403035819629357,14996
0.9991888191628409,22440
0.349652642025036,78434
0.9997823985144785,76042
0.3080310046433328,53028
0.7163157023220994,19174
0.5171076552676287,25381
0.795140714348725,19405
0.9998249227613357,5214
0.9999096796550868,57434
0.9999276432052907,3256
0.14045776056994674,68227
0.3386276064061551,56542
0.9999276432052907,4628
0.4111191774386348,76475
0.9999096796550868,34088
0.409372300863962,72763
0.13166365764317592,74103
0.670180614184851,12193
0.061707258423587506,4530
0.1250890450972581,44436
0.9991888191628409,59822
0.32771628888123855,23471
0.9999096796550868,61170
0.2170377554717523,9942
0.39046122923027604,61846
0.22934749176610592,75370
0.9999096796550868,18063
0.679887786195055,39105
0.30285782666505623,72519
0.20297466801155073,64576
0.24297617960353243,918
0.04234624977375557,29878
0.06718607923512192,19289
0.46385779018268253,571
0.7193685762107428,36183
0.8392499961152551,47575
0.9999096796550868,72568
0.7862034135277833,63186
0.5212744341689569,46647
0.058987411924119285,19611
0.324894995924846,52114
0.4465921951162401,75887
0.16449960560599158,53536
0.9999096796550868,14027
0.11603117480393112,25614
0.8507067288789651,52692
0.7843766969505469,67754
0.15716882032532922,5233
0.24661690204840403,14212
0.08833103932348227,30258
0.42186190582759137,35596
0.3415864865562268,22165
0.38186321435609616,70533
0.21575837134662781,68799
0.9991888191628409,72375
0.45811583932932626,5742
0.9999096796550868,33419
0.7263917192298643,11095
0.043896475679739505,56985
0.051700132578360834,39851
0.9999096796550868,33341
0.0889805779033582,36290
0.0784948475310385,10923
0.9991888191628409,76557
0.09320553661844014,70015
0.2815644624420056,71197
0.7312003461107184,46288
0.06329690594934083,77487
0.6573245866675631,23994
0.349652642025036,36608
0.07639980921803086,65207
0.7980851568191273,17376
0.43369890317128246,52657
0.13806870033976149,33688
0.9999096796550868,43470
0.12423926608847993,32934
0.9999096796550868,6645
0.35312881833082654,62768
0.9999134909988846,14335
0.3654356881710269,25526
0.8569042532463096,70131
0.3377367463614299,61115
0.18462414267573887,35619
0.37432450016530033,63345
0.01741798311687818,60816
0.04198943061937402,28303
0.35548075334522383,46755
0.3292494235601968,78645
0.12682975018006168,37229
0.42869636648408493,50627
0.7970524222571547,14909
0.05780090747694965,74843
0.09874895098931932,64287
0.8100811286067584,33725
0.28446204681605297,41259
0.7754732796385969,35504
0.039251916792728485,38438
0.06978140595254956,50358
0.4582690380291539,67915
0.39827179762293835,28902
0.7935102792686659,12392
0.4997276453936065,16104
0.559016823825963,75401
0.2964449775947817,65902
0.11771059358093759,2104
0.2628002086790951,33458
0.2859070488249092,35960
0.6055450624043619,19260
0.8110583558048257,71247
0.08243818110539185,25184
0.3313714612863205,20885
0.4329990053927393,66630
0.05549996637246062,79181
0.5328360943156774,29064
0.26611943302878327,15900
0.0481414203279257,16545
0.2828823938430391,204
0.26577048660514285,22868
0.31395417653493807,20325
0.12550703753086592,77147
0.3500622831682244,79201
0.376665967044867,37702
0.2941743396362918,24032
0.004782163390307783,43396
0.1772343880429795,52199
0.784300172763206,73494
0.33528669749387674,27527
0.02620125150357236,66459
0.3259295784183712,65134
0.631870184080202,44949
0.3204699515907148,37020
0.8367322824560475,47789
0.3329930353380976,31710
0.2802435716791047,22589
0.14474617739914175,12227
0.8173101212086132,51878
0.5278050796889618,53443
0.2409520121302288,28454
0.5257326587968352,16768
0.43581321688958247,31456
0.08455290271491793,7486
0.07980486662372707,4887
0.1582808294823816,49523
0.25758098801541723,72076
0.29460036770470055,60594
0.34027923632210433,52954
0.7478672673245034,27217
0.4756421742978312,21840
0.13313980044723675,43308
0.5020876959748372,41610
0.4065135106830073,6860
0.7575673600705858,67166
0.3061923656192055,10626
0.8134171454454391,33723
0.2264333047298364,40173
0.26777311783707514,64552
0.40500956555420026,38713
0.323572493805785,76073
0.06764123729394245,17000
0.2375605644756734,60936
0.3007117916830642,51728
0.3725248466917356,32822
0.5721512242917172,39179
0.028128070475800227,59050
0.2686021292258931,56234
0.20130708353646493,78553
0.3730882963978798,44517
0.7917206926245791,66026
0.2104182808804915,45914
0.2768164128415499,17375
0.4068319737774584,35741
0.22428432414462687,34694
0.22529452908595599,35711
0.34192898053324766,35932
0.29607257213335725,19997
0.37490362450848586,41004
0.4569601917286511,63973
0.4619170018717911,44387
0.2814278138100245,20177
0.3598106249874007,11578
0.7995425669255032,58848
0.3450343882020035,59198
0.29388673459782816,32173
0.2881523892205723,68976
0.4397634927640101,34661
0.39065026175306494,16634
0.2589595137456522,64713
0.5713101941202805,21640
0.8017053567271681,54320
0.3442045917697448,44536
0.2418600712883482,55613
0.3015054699355699,17890
0.29157504697771,671
0.359363188678738,14684
0.2696789650135597,48009
0.3229243268706962,47665
0.6877778496628774,42240
0.8229986183615503,9278
0.7221114323553411,33666
0.052423009494044354,68843
0.10188349518812334,75518
0.16722543674227316,8027
0.5336824712768866,2891
0.5535407242757474,24124
0.321139760372935,76704
0.790804796348261,27198
0.7204673193117135,75889
0.822042128212665,22336
0.28473689680543246,73934
0.10139163141121864,26947
0.7202020819155399,33403
0.321126684889481,45277
0.06301329415449398,49684
0.44355638159293687,2383
0.17951536989432632,77957
0.31818182347750523,6477
0.8217029083199151,47938
0.5302263654628427,36946
0.7079069628183055,37549
0.07782798359237275,11065
0.38577520639485346,25308
0.7620677474667475,38760
0.10207302222823894,55481
0.8802406016944595,2764
0.5939394900745087,51718
0.02101927273354497,2582
0.9998177428353852,41154
0.9998177428353852,51760
0.06394947504137607,43443
0.30200952626373,23186
0.9998177428353852,42216
0.036019397315750094,34873
0.7897739275383924,37406
0.7117125614083051,76406
0.28367408002170513,69301
0.6734659090407173,4235
0.40582827534267557,4995
0.6633537731738514,49811
0.9998177428353852,4435
0.4558076689851901,11677
0.2511758018465809,718
0.09284320582203881,72310
0.6326263591758081,43955
0.9991210236455685,77720
0.733106611930413,27049
0.7624017472446963,14672
0.8260601744743947,33273
0.5334305139188205,59192
0.7962763046120229,51832
0.6978799043443902,42057
0.6829662062299696,9360
0.05496768340787033,30076
0.6791876178657498,47898
0.8691561911910262,10656
0.04713525007816374,30699
0.733106611930413,36469
0.14369126642996474,40143
0.3830783923325312,32131
0.16191424432662085,50941
0.11467199583163504,65049
0.21070153545591994,39083
0.08755633424545231,12817
0.821140645550571,36414
0.7197044421863352,193
0.34578553518598476,30010
0.36446219732990676,78577
0.21685608497912534,15811
0.9998177428353852,61745
0.7241493412445126,58693
0.29805161913082856,61511
0.3550233500288699,71697
0.2797619210334107,37159
0.014969078513812463,70464
0.11995941428602583,28917
0.2278685888692918,71089
0.05547438969393582,10800
0.2254254502381631,76949
0.1455705655137939,65775
0.21184805037395904,12208
0.09005558464791713,78613
0.524410094627749,43938
0.16649106009779244,75662
0.22035357900460545,56054
0.08375198445633028,5619
0.9998327465513206,30050
0.1328864642331207,8641
0.14435615072527513,49171
0.8522533917962776,36321
0.01992467931263691,15535
0.4914518063290971,8329
0.9991210236455685,43371
0.30244016185792905,54936
0.119408140543969,3454
0.7120120632260114,44943
0.38210336521924076,47222
0.10633716181857447,49299
0.09284320582203881,47862
0.747053687580223,69167
0.24831626566648068,46314
0.4372349175282045,29346
0.05289708671249802,43940
0.11282535241624556,21114
0.7927841528749251,41459
0.5963353007211216,72618
0.08092252925206772,30955
0.20456620483777163,70270
0.15769148606270364,79315
0.7170789267813219,70294
0.23692212090218764,13918
0.7649655642452734,44050
0.24126634418594314,14956
0.2907404224714055,41606
0.9998177428353852,78440
0.023296973170984843,5521
0.9998177428353852,54317
0.7396024720191446,61935
0.29220683463874925,32116
0.818850683762242,44590
0.14048926280683918,23200
0.39824951154423,1701
0.076843936423398,59849
0.9998964298645006,51926
0.1849881940503566,27519
0.5984669261159486,6969
0.43665002282594967,16323
0.4347204022030919,32855
0.9998964298645006,66198
0.3388217039757403,56359
0.7378152164209668,76423
0.0319252583250642,17414
0.10357110227536899,137
0.9998667847250662,23409
0.9998707205216051,30817
0.03020807058604485,11088
0.9998964298645006,61754
0.015985292519027385,66737
0.31540990502459065,62062
0.605434798384703,48517
0.5214381122923635,76808
0.667760139764685,71833
0.30924708758250025,69464
0.015985292519027385,14388
0.2806969545330896,26490
0.2358316089092094,32829
0.29895398835144815,57621
0.33291520658288937,3607
0.7254383311601771,21226
0.10428774767382364,35099
0.6783011375451252,2188
0.33089231540855074,12357
0.5216278664531386,15955
0.8014643311083753,63060
0.013346130586102331,47407
0.014460948012527668,35437
0.13258937431453116,64451
0.9998707205216051,77273
0.1775593465246499,49394
0.49902636024815983,18453
0.4224550842933117,35530
0.13824703667537605,25501
0.9998707205216051,5104
0.08974616391298927,13653
0.3987596837161218,31782
0.35322202350443677,67174
0.29306911463992863,56705
0.30006448700382027,13262
0.39435231446071994,35843
0.8592064798959635,25399
0.7224181111657687,7297
0.30437511780576915,68815
0.020547889535851325,31708
0.40676189070137514,73540
0.43726829938571254,29494
0.40617358090138267,54123
0.015353289787905467,41095
0.49369155096921635,28928
0.8761988462433614,7353
0.32740147600703423,46219
0.39253305205438993,10752
0.02823575718192076,24418
0.447435834511977,73234
0.4447274205142594,47196
0.5653765583597898,5669
0.9998667847250662,38507
0.854223213544665,43428
0.03154385008811256,49832
0.7733943774534389,70844
0.9998707205216051,63611
0.9998667847250662,4459
0.7551830811152925,20026
0.9985218239029698,12856
0.9998667847250662,18258
0.6744311743782951,19297
0.8115222042167196,43804
0.9998667847250662,8025
0.7029222552133612,24171
0.02956339608835944,29062
0.9998964298645006,43517
0.7780016898609852,23249
0.2641741278903208,33459
0.2832400870132761,10104
0.3913258938130614,1015
0.9998667847250662,870
0.7461638669046794,14925
0.015985292519027385,43327
0.17929614537159386,7611
0.9998964298645006,5284
0.3886882747133428,69907
0.9998964298645006,60031
0.9998707205216051,26150
0.015353289787905467,66898
0.20166288123309797,58672
0.4011368281097943,34398
0.4326668580165296,12626
0.07290953759701496,67088
0.019189719914446065,50490
0.9998707205216051,53054
0.9998707205216051,27587
0.6763289087008006,73789
0.9998964298645006,10443
0.3153804568284968,76283
0.12532836597232475,5040
0.639088499927068,21870
0.015985292519027385,60129
0.9998667847250662,54319
0.43784071015513826,62944
0.7372476995108483,1135
0.3521076254945874,43765
0.14215330482341143,10279
0.01750780731943839,62957
0.9998707205216051,10452
0.9999093657205771,4018
0.32476596414973335,4139
0.9998676398036022,44817
0.047074479229081964,66396
0.74197450103348,29944
0.8272350663289365,68499
0.38002813282706027,2427
0.19218126601098656,69213
0.7981161925450968,60687
0.2407867107789601,50517
0.28227500623307494,7675
0.5343652177878042,50932
0.0708378860569779,19875
0.28780106404611305,70822
0.15803430518607642,73904
0.06903869646187782,30982
0.35511495079536537,24352
0.08299949780672924,12906
0.17472525967233937,2094
0.25675367337279953,1921
0.13190045100069248,65619
0.6726851521117374,42052
0.4063916533659971,60273
0.015795203054982603,62913
0.14955247439849587,41244
0.2383702622715413,55277
0.729831738115326,1814
0.3225103690690704,2995
0.25684834692139424,48443
0.4592229005728039,15439
0.35511495079536537,62261
0.7737145132403225,55562
0.6340646897613672,42138
0.3998645425972322,2643
0.2682037946409617,74817
0.32948771697119095,40388
0.011382937682058336,29085
0.5010369279276733,18690
0.18031898333138982,76839
0.7975510236612944,54331
0.6445500123427979,36964
0.004503542542770132,45801
0.20506334321034608,12361
0.40433256015557933,3850
0.19942899325958857,1307
0.03066987508944933,34511
0.2657814597679042,19234
0.6887209483699879,30110
0.7747838230549153,16194
0.4433609854492512,26991
0.3050518735132384,61843
0.7415972734933356,64620
0.5152423024435077,68137
0.31335439896870143,22548
0.12953323274774406,30950
0.12048554915562222,67055
0.8054142967257278,60711
0.3831313039582561,4118
0.3560952941784666,65304
0.6876307386397861,71292
0.32940894347942773,41168
0.2569184547881671,32089
0.09952351660997608,22626
0.18356385655924526,45834
0.1538469107783703,59779
0.0364871669745049,28231
0.6289810131826383,14257
0.31189916837677756,1989
0.17821798449238346,62121
0.3788827108722449,25918
0.047322776403188674,62876
0.3923817104580416,16902
0.3225780151975898,10562
0.7187546256407349,55313
0.4635830344071317,54846
0.6817957565501691,25992
0.7873083362081961,51914
0.3176221984924057,55634
0.7707946860910637,22932
0.5480085194047074,75278
0.46303849602407043,45271
0.12917727190507225,3766
0.40885877409446275,77758
0.040619162562447506,46221
0.3155742078415599,7847
0.2579402388635973,26050
0.5811519555537996,31803
0.6960641760315138,888
0.3188440309174374,23621
0.2555364623511351,72526
0.11093021429738499,10809
0.2996669900997,19553
0.24115973088724077,66961
0.13173193051011595,16524
0.3727807997160695,59723
0.7456328870465533,19582
0.24454554531757525,113
0.15090151898688448,72828
0.41671986025193763,16200
0.3999044366436662,37328
0.12602906731216026,53748
0.6284439969422251,46290
0.49081773522782624,11443
0.2839219181313563,11255
0.11643354918273706,24336
0.6876414219250576,11890
0.7622620763211714,43527
0.23352675713662102,17267
0.08392489794981818,19478
0.7512822041098184,64888
0.6801011625348259,27799
0.3990974251123865,16836
0.4638464698432455,69268
0.382767869558045,56409
0.23183970880324967,1482
0.7418915572469122,32299
0.2808101464341809,4987
0.3640356042337472,52816
0.28065611124355955,35532
0.033043731351628886,58003
0.06662867500036335,13795
0.2889194737717105,67392
0.8307228680684571,390
0.8112022247887252,39195
0.8349381472557007,18625
0.3978344306470316,10579
0.9998633143796192,56185
0.382767869558045,70534
0.31022459769546784,27963
0.3891427338795538,45815
0.3312019494825157,37565
0.033730029197626694,70306
0.9998633143796192,50446
0.7686883878465766,26401
0.9998633143796192,4174
0.5974114082288295,18920
0.5613247066791874,34676
0.3267584417014725,24619
0.9998633143796192,70483
0.9998633143796192,41329
0.8087413262343477,71570
0.8016641159408741,73156
0.29907485947558643,33920
0.1740144471561417,50720
0.03640309724687176,44815
0.02186668709256875,75226
0.31797658512607824,78168
0.8459781374002748,53313
0.1343927879712363,34999
0.31671746006287527,175
0.7683033825816994,18288
0.5208285197315918,25676
0.8152454475729297,41521
0.21674833364959184,36177
0.7703996393547822,1539
0.29021376576435054,35061
0.315949852142051,42292
0.797661042485924,66900
0.18345256462852358,37126
0.8307228680684571,62022
0.7877885801386423,21645
0.9998808069394421,66217
0.206059251147199,13051
0.36244756456020477,77075
0.8252728789187684,33277
0.1810073935736676,32935
0.2976250747863038,13690
0.29774941058473453,65943
0.833624442922771,19457
0.9998808069394421,67451
0.3260716828864388,7264
0.5660223439558982,20584
0.23934291707571376,10729
0.7852719252163594,33873
0.8716541070323041,2611
0.26004737680246004,42713
0.2106258522281837,2801
0.5576798907378859,31846
0.39217541040178944,11109
0.382767869558045,11157
0.16705526992809247,32921
0.5305566823145806,68369
0.43766513340215357,27129
0.9998633143796192,75955
0.24788231408377293,69088
0.3954177298820615,52875
0.38342738008266075,74705
0.8192904029741848,77826
0.004974765712667383,30882
0.21451778306100797,47136
0.7803152843408111,3274
0.42504518040797656,64426
0.678606860373899,10015
0.3193472794199625,45047
0.8179741070413765,57616
0.7739041093623247,15089
0.22452745594876947,18376
0.35638221803038633,2709
0.35311364990011984,28885
0.36088493585699044,5142
0.9998633143796192,27128
0.5369981133760346,7215
0.39263831136214206,16590
0.39060373981700125,65459
0.3262451562665069,30107
0.3422153479834644,25712
0.3589725248423598,23065
0.3554274269586071,13157
0.7145332445921586,35518
0.4396888467921763,60958
0.2359311009978437,57650
0.3233310735194236,51002
0.3193472794199625,22413
0.44029267792531707,26565
0.3945825350945879,60143
0.279869500306002,45476
0.6421917425473168,20467
0.2805710145452506,75716
0.9998633143796192,22319
0.006862932212750212,38579
0.8482790839263146,57728
0.6715901311613559,38403
0.09754793715597382,53460
0.4401302767368461,78541
0.02390580646563277,34149
0.24494927345126752,3833
0.6838503923688253,32253
0.03731447933736023,49977
0.5348747156030171,37545
0.2123877762664742,57150
0.5927706741660396,37045
0.3853284146787943,37727
0.8373350123521168,78952
0.36205424261108876,43885
0.7793247015132101,7416
0.7259092482489594,6615
0.312872680516857,27057
0.4965988056070756,16674
0.9998390250423823,61251
0.688057948153951,10776
0.07734743960330628,19992
0.132546498133369,47069
0.7413390195592611,62434
0.34996577712628896,15524
0.021566305914938293,30909
0.6664650966562558,14271
0.9998390250423823,45096
0.36105411447799235,46977
0.9998578378136613,45027
0.9998578378136613,63354
0.6771568904372511,31556
0.10209520470462552,20955
0.058127893234650445,77731
0.5840058036847902,13870
0.6838503923688253,42352
0.07434232794962602,39465
0.09333495545067358,20701
0.7590227534512324,47858
0.45200698153804464,50575
0.6791182605745842,8276
0.15095984024881196,74602
0.02715443980695028,43799
0.3238993634655431,2180
0.7327763324279745,70094
0.15091458276805877,61845
0.315713218479455,7813
0.11949971138295337,45608
0.28500073224430694,63815
0.16232404264049569,42999
0.25766774612524124,66669
0.688057948153951,59980
0.29303231563902793,22627
0.6687849516526762,76646
0.49153195916941195,46003
0.1877988915473736,2872
0.021566305914938293,56576
0.47867166130366356,63044
0.042870824549856176,26537
0.3405366708648508,34541
0.3464168876474198,64504
0.39080343696753483,43362
0.8101849878172653,64790
0.7460545291498601,34682
0.3603765104298268,9257
0.43176717856036284,12603
0.3652391807731644,29962
0.04776053784620085,30100
0.27732846583887305,24730
0.1620438131873097,15418
0.6470179448044899,63233
0.3323976953691372,51314
0.2765454893228979,52161
0.47831160153518504,63812
0.09194231311090244,66642
0.6664650966562558,75732
0.16071780180411144,4957
0.7147416322904436,45741
0.7170816130060268,53522
0.361601349273453,19150
0.6891219742361324,20314
0.645797488432026,20059
0.2164104300035786,3697
0.32548304799204975,9172
0.27792023681984607,28483
0.32858330753650733,53575
0.7684568589543096,67713
0.6791182605745842,55842
0.48097890195654086,25243
0.6664650966562558,19703
0.38404931863017266,40696
0.705404192172886,23817
0.21722803185237374,68324
0.08576017166514119,12298
0.9974524506420077,66733
0.4405948960744551,27414
0.2871560497993545,5723
0.40268675824761435,74672
0.3044319170517623,43464
0.22055620384450222,77743
0.5441396809978051,4968
0.4153331153435911,63228
0.020417726970175347,18602
0.9998578378136613,24533
0.010094571502022713,19711
0.3728818731805988,36778
0.1463679835806722,69120
0.35778451165246106,79129
0.022913880293958945,18021
0.3612331367587516,22602
0.014952386411432508,27692
0.9998578378136613,55389
0.3339171528489413,45243
0.8170808848329512,31313
0.3731069709354099,21543
0.9998578378136613,56747
0.2305446416911342,63070
0.1415364547013397,10212
0.6222006412929615,36192
0.33275775729065443,8200
0.3631046851742006,18794
0.5007252354787615,77844
0.30399526046589076,70903
0.022361519560911234,50082
0.39232229821570686,55746
0.379042933215077,68432
0.344020634245826,24821
0.026036160293875312,14123
0.6406755373292452,34065
0.4194124892779971,28002
0.47806243907570684,3643
0.40669603011302213,76429
0.022913880293958945,66156
0.41508293105325456,58628
0.7395847609883562,30874
0.9998578378136613,38871
0.02715443980695028,63762
0.07077072023308109,63065
0.657526034229199,41317
0.08354016619064834,5452
0.6355852287967354,15450
0.8465865738440126,73403
0.6934888032796126,31280
0.184626922915314,25852
0.21276055140704483,59235
0.3749807083030381,12868
0.22421348275877323,28329
0.4474801534752818,13980
0.8381351453096457,54111
0.26804135029083503,47154
0.43225026443904846,72011
0.36042534256447123,24273
0.48271408851716313,8812
0.2745570338555848,493
0.2002118250635315,43528
0.7832299401572842,66653
0.20977908196288572,38406
0.22523312907740514,37854
0.2610380762142027,67294
0.08319392343236519,44255
0.2856135203621256,67469
0.7823452883530275,43310
0.3396596410200283,31434
0.0515830533642809,65102
0.10869724138987688,39122
0.6687557827292695,44606
0.24172988342592908,64806
0.09049225711100777,27077
0.26449742770228757,21626
0.15067407340989042,47119
0.4537076846459567,44770
0.28350172442425986,27046
0.13311423832033636,35064
0.6151019469861732,47563
0.24555956429010184,5940
0.3986331405704492,78327
0.3904540392905008,11034
0.7742075704237901,36082
0.7210170919823566,18991
0.38981603230481476,75452
0.20567112697559126,23990
0.3645642168774464,32984
0.674634714188103,23092
0.1900132708752773,32431
0.7838923598705904,33841
0.40187761356066287,65345
0.6683511904413328,74219
0.19712059745036745,7007
0.39101970840459455,54255
0.23114271835324549,55752
0.20218949559331018,46474
0.6885798691083513,32794
0.06559776884904162,60615
0.0453875142846874,7660
0.3133118271015378,46170
0.24092782783816305,38459
0.6722655696363683,49430
0.13811318640201822,55836
0.27026957866349216,61216
0.7939965079731885,74708
0.2057581391383143,26424
0.3711623414316282,11909
0.6709954529228943,24969
0.06969672054302052,21608
0.8750319555459154,58586
0.45229327271124187,49068
0.8269885779836056,33871
0.28977216566124486,52429
0.8520704411163978,31132
0.8855879249315828,2205
0.6683225278444629,45672
0.08179586692563659,62523
0.6051766724534856,11309
0.04930268528104562,28152
0.07152021297902875,47833
0.7995373403769195,27607
0.27712662794394083,4427
0.3228786735404531,20937
0.12484364268243725,53555
0.10869724138987688,64111
0.38836184767235066,56548
0.3111865045693991,52871
0.8323365435449426,50125
0.2529999759472961,20964
0.26427594807397775,55669
0.34393244223219804,33488
0.4090351773127032,46608
0.41572200469864723,6156
0.29889723991630096,20094
0.06974668647288737,61241
0.37973047585373887,51956
0.14881759348538331,69562
0.14872772931267755,55351
0.4004639106620472,40993
0.37710756620400127,29337
0.3204855887997511,17909
0.2525459028816107,30432
0.49333137856952863,20448
0.5760400974460557,30117
0.3406081228326409,51375
0.024065359023372875,71355
0.7853675210800757,44725
0.10938305749053692,32246
0.2859302812520885,3867
0.7486231149650977,55244
0.41202163921148494,2746
0.11376784737606072,11951
0.04953093303540069,43792
0.3931088991433111,19612
0.4000574615245242,20308
0.7180601613706785,44865
0.36610064121657127,15194
0.6491337004364484,1402
0.6641955201766944,61611
0.8411997128969424,12829
0.25403517083667754,24088
0.5390646382466213,54132
0.6418079260709246,36022
0.08559065077237707,51814
0.6076502188672546,24473
0.08316918150936622,31882
0.5866125155265554,39780
0.3023900812718629,76329
0.14327548342025742,42966
0.14881759348538331,36610
0.33632139145159734,18200
0.18381750955053083,20133
0.7783820304719042,28173
0.23019218079443657,61998
0.7177682727358005,2101
0.016694032732317867,78137
0.2666460258651391,62508
0.025661121234694634,55861
0.4209300020360817,10294
0.2959737785829729,4214
0.4690688694039121,26673
0.1108067623587638,73017
0.3021996405443281,33003
0.028811989833266455,60949
0.7339535042297014,74084
0.4090351773127032,54337
0.16392164365892248,62262
0.29360573635735576,47592
0.027662523893435244,16924
0.29149222107429645,58284
0.4597945865323878,55622
0.2314202728299934,62492
0.8083008224498636,23555
0.14225943368461352,47378
0.04171966410095416,18136
0.3587193414357658,57506
0.2667921517814214,27748
0.35234316874105914,51169
0.02364143881176616,34774
0.6109724494642363,52390
0.023171772181230364,20809
0.24068768807361196,29321
0.3364781601293057,26655
0.3766581791468427,24973
0.7708883096228589,27365
0.7932302004370196,2258
0.838899005933833,38343
0.41855593016606724,74620
0.8064522440275428,54121
0.6015170632855515,5356
0.4521631075347369,67056
0.07193739942526602,66915
0.6367340827840071,25600
0.7031951601963018,18972
0.7504951151077908,54576
0.25144286762871493,22006
0.13032495869899774,17509
0.348583973720672,45969
0.6956701242806774,66853
0.7788099434955749,63116
0.06693525036114394,5843
0.17469776553633343,16212
0.029866631464604346,71369
0.43275499261820594,75358
0.5593753580045644,54041
0.2589866367443475,58273
0.4205972999826352,29797
0.21386402334396276,15373
0.11024763541004094,12181
0.7256963451467244,71855
0.43405264897493107,23479
0.776631476293003,44761
0.38722240632146854,62369
0.3515259593256963,39130
0.18537276932283156,32442
0.11856052494359809,48696
0.794138447570578,2225
0.12611108766108944,43149
0.7377515960433355,16210
0.7186089351322993,5572
0.6462337662310653,5794
0.5875996689551619,53385
0.22586664200074727,32403
0.24823727450351088,71275
0.7180061544792242,19009
0.38722240632146854,41628
0.11528227759729391,70813
0.6028924487611474,55104
0.04516866401666643,35206
0.8910285319568697,22441
0.3034673694600568,58162
0.3784997009042228,62552
0.83237372353621,27991
0.411910866970599,22737
0.2538195713798087,26918
0.31407778172312273,44758
0.9999027906911848,68704
0.27626623924568144,50962
0.5368584649587151,31898
0.35816206257671696,58609
0.9999027906911848,54239
0.31026631390118486,48689
0.1711083355304709,7017
0.4263696720394583,46155
0.7550921732895036,48767
0.13388242373257916,45410
0.2535493053100133,73464
0.25520947623281853,37714
0.37526124468770006,15650
0.7240230519295268,12238
0.28819880237119155,74764
0.8324631594521308,71122
0.4185302753715904,56072
0.22587790180241357,71127
0.2853956166888196,56379
0.3238691469409007,46102
0.4061722329402093,14744
0.4763045973428798,8245
0.023663471860884848,16238
0.5902355159019506,78746
0.3425854573910161,12146
0.9999027906911848,160
0.25311483869189927,25236
0.3377690239337281,1590
0.608632179738172,38334
0.06835068871096048,7191
0.3795652225097123,16567
0.9999217220397487,76113
0.16863028824788506,30751
0.055803166053211256,61203
0.13379509533950026,34325
0.20352091370088257,35597
0.9999205479854721,33205
0.06618120866524678,22174
0.03934302834597612,15593
0.2997558234427625,67905
0.7745084418953043,28455
0.07277131504756333,23783
0.35852830761975363,58395
0.3870987867269087,53118
0.6511210435530665,70264
0.4285228292235625,17623
0.6932358475242851,68488
0.3059470634324454,10351
0.6249391060355243,63672
0.3730937669191463,46093
0.31352375887455647,56700
0.3571684897070868,12450
0.8244013801442959,59767
0.31114022173783545,71313
0.6923186342233414,70722
0.7110810282298718,22032
0.11035675594380573,74086
0.05968784796308196,28221
0.32395746154872246,67629
0.9999027906911848,10208
0.7929546190756578,61389
0.28462913182353566,32956
0.6997450749990931,41870
0.9999205479854721,24323
0.34044210753654214,19811
0.8516614766375609,66635
0.03901181561984324,1382
0.20769946181132515,8606
0.9999205479854721,48512
0.4103751982271662,54190
0.40378316237905554,21282
0.11525517666148183,52328
0.0688805159298697,15039
0.13748386619030725,75970
0.05058806430169063,20132
0.37002727706135397,11391
0.8243322732115769,41161
0.42136557341668635,7296
0.5193021110859544,8069
0.8979296091475311,42728
0.8300145257255858,9765
0.24380228457091918,32793
0.20118913873557204,68900
0.3267605024811009,66625
0.1056665282361114,12867
0.3752698031081668,10887
0.7881198026226937,11591
0.8797748736806053,78504
0.37707230346357357,10504
0.4184827030584522,27811
0.3462115528175337,56623
0.5106203063321971,58654
0.2489210735342466,49848
0.7547184899015915,52888
0.9999027906911848,11945
0.3510706914647449,17612
0.8338395940485885,51152
0.34645819610075135,277
0.41010001042409544,26944
0.05368330601701543,22314
0.13297575019738317,19338
0.36277716496863976,36675
0.05872335674306673,5846
0.24367123614556124,36189
0.09065479059531047,27104
0.3577995356870301,51920
0.05561701723974866,50877
0.7599321736821265,24046
0.13608785384962255,25519
0.3976608126359575,68027
0.05368330601701543,21827
0.020191242255981373,48934
0.07241088831318157,40511
0.44655835729664006,15073
0.5940302918293424,62321
0.41434739129050435,2385
0.20567952794235103,8017
0.7927523489932744,48457
0.38403724259137495,19504
0.3232739108268534,53411
0.6585219221986929,41863
0.051392998688917786,51972
0.05368330601701543,28399
0.7084336280745909,6143
0.7731566402758461,76542
0.3429670244556687,18355
0.31292451293710855,21084
0.3937439377244663,69339
0.15583546924201197,55221
0.6379730362312712,30387
0.3386880005349004,36305
0.053811536350950304,36594
0.6277452747761698,77947
0.7367483849029327,12992
0.2621400096331564,62155
0.6327032700343305,51099
0.34781966757283644,20879
0.06350825308102097,2455
0.2695440137143985,28065
0.08944077293578868,58955
0.5361560793676086,72806
0.03848045914454427,72703
0.12103093213644857,56116
0.3500946292894429,38636
0.7475222684834455,60012
0.5027683611526864,66419
0.12861176499913268,13894
0.05561701723974866,48652
0.14987810865135354,29690
0.47362592315154006,66094
0.05561701723974866,67497
0.7712158406725018,46100
0.09755641201363893,1208
0.836760931299376,7685
0.38524516228868516,16860
0.3953486585157052,26087
0.28541540714670716,55691
0.3333539475795393,44790
0.10551890530415368,28309
0.3375755591956121,76022
0.06445136648812712,19596
0.6880877033681695,3631
0.08165469188342275,1709
0.05368330601701543,26422
0.26389489487608647,24843
0.3650681409558068,1141
0.19808390300163084,38976
0.7008524172557333,75775
0.1031565162265551,35429
0.6654122429740552,1308
0.6806464501326951,18952
0.4938876939210941,58343
0.3333539475795393,44696
0.708621044575625,46841
0.04964494933716252,74966
0.05561701723974866,57170
0.9210908154533639,20220
0.05368330601701543,55569
0.10679582843149694,39421
0.29308802396450023,63923
0.05561701723974866,13284
0.07721485320360973,26763
0.10731652129317126,64354
0.45033976407318765,58479
0.05821168593957365,37773
0.05369306670322387,55779
0.32323807965922025,25880
0.29093607964364926,30655
0.3201042810490197,75251
0.4424674722579134,359
0.2924981610420777,139
0.34280485115454434,74028
0.6921742398985242,62444
0.05561701723974866,43950
0.4132020525818596,341
0.03872820430485327,70394
0.45905950990633826,56883
0.012515005907676955,9570
0.034308888707045064,64387
0.4171230530552089,50099
0.6902218852898433,76119
0.09791885195868905,5499
0.16344290708378695,8557
0.8214353918261792,1933
0.6351349576891894,2353
0.1955065482538062,15849
0.1511824884855807,3237
0.16048388442841993,27717
0.3480163179630648,42262
0.5237596069672422,36576
0.025388462445268087,59501
0.8811940612960161,71156
0.5708463535037992,14974
0.026034583420289276,63919
0.17130659748170413,20539
0.7069829266582055,61517
0.015944851496902435,25373
0.3741328594718123,18801
0.3271912494281793,6345
0.5008081887312961,71676
0.3273252661341213,66322
0.03795758047939983,30404
0.03158127380885527,23174
0.8443505350254288,27735
0.1477512378985707,31779
0.18923917158052853,8037
0.07726245039997003,73852
0.24218630314886666,71850
0.21177614584257373,22053
0.27202898832993905,2170
0.3825804370508564,53162
0.38686056771996097,18694
0.21104175697160865,26418
0.7946610033659487,72128
0.32078217929752584,37227
0.01564312425540582,47094
0.33529738010597815,7598
0.054954239836589626,70189
0.6429653006404104,19800
0.2802107378428275,42360
0.11839143344485764,7070
0.5194122264436818,42418
0.22870896977271776,5745
0.14509789194233869,48516
0.37958589308229607,17439
0.36531021180133794,930
0.10898904718092314,22853
0.7615862777964617,8768
0.5150915306473471,11121
0.3614429632696362,47499
0.24372769026802815,11739
0.10864257090825571,44015
0.21735014740799036,2012
0.39322173873749877,17298
0.30536468513572157,40380
0.7720331918875123,71443
0.48244003371675104,44180
0.7734930530746851,21313
0.1793234162085514,39333
0.27569555199400464,68804
0.2779472814766576,40604
0.27895220242333085,45735
0.4894016627358545,66678
0.40973606154533204,75770
0.6911685884533659,47776
0.5997783463974781,64048
0.3355008046228565,15435
0.5971301199371681,68671
0.4054864269272165,54313
0.3352847945043851,39759
0.8923451644264031,52396
0.22498095268590243,17859
0.7593535188718852,42850
0.8522025581499012,36028
0.35621582842591215,62494
0.34370212907626985,61050
0.2226801407913817,75750
0.24234805062034606,36789
0.4597019609701027,36269
0.42259281662357373,17515
0.43477342334927127,10517
0.08753969639957432,7462
0.32869400214447503,38393
0.03269889736471967,50584
0.0839862621708155,77398
0.18057905674333036,74879
0.28112015982867083,37438
0.3233493954969258,74965
0.23221747388027658,38245
0.2381853748521047,31706
0.13653489254788,67535
0.3492635404674188,48439
0.10944401908397489,34625
0.20449651017643403,2283
0.5518389467462259,28670
0.33077376170399797,22786
0.16593044334988902,71976
0.4286005953609371,6032
0.016270004347170505,33155
0.16498451916375745,30374
0.14695005358220545,62069
0.3513377919454572,60059
0.1974701166706683,19540
0.7749765717020722,17155
0.014252961072957591,46620
0.30762662217006687,64201
0.23094121941682477,70195
0.49449417824248454,74638
0.7379849085428563,10059
0.3458586419208216,34611
0.8095819810552776,51650
0.3533775015272674,36637
0.14507691663552438,71426
0.154359723519791,61351
0.1391453127309078,14377
0.14242562911704837,19087
0.3880486071862477,24307
0.18298758442593813,44410
0.7858749245900661,16716
0.6873480718908224,10652
0.058008987066703814,34543
0.1734085384234968,16978
0.7342653058506158,24996
0.8725075506584166,3745
0.2885927924307328,38212
0.3893011353914037,77591
0.7560036609903154,46738
0.2303052805278141,23378
0.4561779432996732,67412
0.25170207646209247,22191
0.8311705053925358,3761
0.3175470910946201,78014
0.39054846885669814,35821
0.2667243247908364,52894
0.2193932456555197,37384
0.11511526236690098,3322
0.16877974271805263,55399
0.369865384738477,64090
0.5710377703602263,22433
0.36440051746413404,68848
0.22451607550959268,78799
0.6990050262306009,78739
0.05504998546514279,60349
0.0785088564723067,44364
0.4266170575710806,8211
0.19336811681007154,61036
0.37937665606386034,44200
0.4046848410483803,61441
0.36407807597718833,52781
0.8449907014645865,52782
0.5907993884838509,59519
0.21591049574463853,21387
0.3473817063167828,22208
0.6130205544231365,70029
0.8615591970780043,22055
0.07715028630156066,68649
0.8042078350517191,49335
0.3930836247359129,44603
0.041864223429510905,35635
0.7776877160475197,59157
0.3219294758570912,33624
0.5138452644931286,77686
0.2706372660586606,70449
0.32759870966048943,5464
0.4770001554786224,50953
0.4485889511523179,65334
0.7446458641229687,5483
0.39054846885669814,31338
0.1804230055502798,12606
0.366784872880937,77590
0.7079925419328444,3829
0.5233766248223848,16725
0.8553982778227267,37419
0.08471052098132396,17544
0.07022860543233107,58558
0.3623561801166708,17710
0.028830351466173024,43057
0.48985296063684003,54246
0.23314278668342459,6797
0.8241086926008603,71345
0.5254031100044327,63316
0.7682818480595226,79214
0.275084026462709,5411
0.4831648380106385,73870
0.7875062764433282,68337
0.7340631586296222,42605
0.29216282802525717,75869
0.20573874317547486,24001
0.5289214357020046,29034
0.4749793378437169,40584
0.8612849611478381,4379
0.8202478025717401,28934
0.0942097161805095,6717
0.14316264301605183,26513
0.35278195889539427,2262
0.8161633908604687,40198
0.20728739587478767,42071
0.3264037294022308,32328
0.3679829841814667,42753
0.22338326207617887,62825
0.4046848410483803,11191
0.857134572741708,17570
0.18510368755194875,194
0.041864223429510905,46572
0.4705766797729841,79026
0.4873423314822186,8771
0.4771336073858121,30796
0.4657495427900696,31260
0.4809070834202352,43356
0.30609985873601353,17863
0.31045305331543294,18231
0.5387296634797456,28804
0.6621287452208284,61945
0.39664772346213395,14568
0.08340009406688405,26650
0.3724554998549121,49679
0.3930836247359129,64047
0.153861620545208,71854
0.04798199476023968,6582
0.2883674426209671,32175
0.7449636318621177,59872
0.37162528959928187,49880
0.5861199708911545,9169
0.22313334224906795,46404
0.750872372099296,7369
0.42411472321455435,67581
0.03916638421947551,72693
0.0829949823736578,16289
0.858210843531527,7852
0.33608721956069,42947
0.3124888850199639,44901
0.2707588552076015,58644
0.8955340131363025,50501
0.7273276195689539,49813
0.07401190868022466,67029
0.040239589738096125,58930
0.4344807241055433,77581
0.3423079965484323,65088
0.7291595823404378,66315
0.5261489889450657,54307
0.6290058534171991,59660
0.687550378358653,9886
0.8980267960895185,51632
0.23066845836449645,74814
0.42561756937620077,35293
0.15210741300468594,23568
0.4918256863289645,70911
0.5704800979448457,63096
0.43347441962567224,54870
0.7886048871629419,14850
0.08323568882264046,50140
0.2511039644714049,8260
0.4993586525704743,32763
0.3206744973276131,71364
0.3366112873536712,11241
0.3048949128709081,46734
0.006931408305809557,64308
0.08202525502854628,6817
0.43346930854670296,59712
0.7313269809180616,76784
0.12307326917610965,49438
0.18150236106809112,43473
0.5355313432433522,31656
0.7025244286517918,51876
0.7204024244706903,34229
0.3089917107639442,50086
0.3948935249275868,4494
0.8183080754356069,56308
0.12002296746588084,76779
0.09508076751422424,13948
0.0272034770669863,11003
0.687550378358653,48201
0.5317521351032741,72767
0.24042071590521225,28366
0.7382370508504384,48455
0.1969150353272856,75949
0.11418788599665936,5076
0.2363748289607935,59676
0.084043154684785,24265
0.052704597944471354,21779
0.19741308482697598,15283
0.11916708485883935,78690
0.4486772591318219,69625
0.37413392512160953,18352
0.39218633064648134,53910
0.20141247536004558,34519
0.5742713724591814,69786
0.04512031918070786,61710
0.7777695629732009,23384
0.7700550166394352,8473
0.8599279464257454,8788
0.8494230846388753,22011
0.4277564716088884,12110
0.3607889622080391,71679
0.3660025222530888,46739
0.4481531755851579,15038
0.37039417689923704,74568
0.5191188366016797,2660
0.4278491259545152,65678
0.03764242595890069,2598
0.27250711377597253,72238
0.09493520172035609,15224
0.3977596465668861,58811
0.13649028984154618,67991
0.863932995751485,22747
0.1105009339751491,72955
0.3241234845742996,50291
0.6538699748423987,10450
0.27033045592976,56527
0.5902183162212858,29517
0.30642493062017134,50940
0.16227011472485667,53799
0.0346271403551527,23953
0.08847842639445196,55268
0.24012047338171894,48782
0.2949105518019438,8180
0.19217187631578986,50101
0.7807403977073014,9529
0.6628320053687364,71907
0.5310752716193754,55078
0.5868083007573212,63279
0.34895878885465553,75331
0.3285241419772097,41815
0.6294242290327019,36599
0.2374592162246735,78753
0.10650913017835548,55297
0.5928990608257969,28796
0.23847289443006217,38548
0.610111912988154,76230
0.2115303962388207,67495
0.2545698756925402,156
0.3415569309392038,10488
0.6403222035258661,77792
0.4364355931051126,37347
0.45892234355996087,1090
0.11394720554267249,27517
0.3243508566287517,78507
0.8418129742282903,74659
0.4488006822003121,32603
0.09588633057476692,40719
0.4486403782057523,76638
0.4155718490162663,18059
0.4250631431850951,55916
0.11975991297846089,72517
0.7940477286043754,6417
0.25630235999035833,41856
0.5042396889925824,33867
0.43293591974436785,70970
0.0375899325043869,77816
0.457125720030475,13231
0.03614940921423212,71987
0.9024369422634668,45097
0.7617041769064374,18100
0.12216906012198692,59043
0.12921735080147906,25557
0.16770290391911943,36117
0.03713754443633691,69616
0.1089016959676239,59166
0.8338323088236421,78701
0.323741270666394,588
0.8420470380003802,9347
0.5317954916941562,46038
0.3467039265127507,46306
0.7546700655898975,43733
0.3236033065360091,78881
0.28264558926325695,26476
0.8981538907758853,52143
0.8722776396471033,30091
0.28457678549054655,30931
0.38391077201114376,646
0.33656825339464225,9588
0.6554821949128107,49417
0.08780904060298225,15037
0.34898517906709026,32995
0.044082401939106945,24218
0.13366057667344744,26820
0.3820691464684002,55427
0.817638255221152,9753
0.07318644644136464,8005
0.08430312330428459,16155
0.7725606949402247,20096
0.3581908807606727,8439
0.04054026757816715,26171
0.5260462119773162,67066
0.005153351403247143,1126
0.35162456394698505,33692
0.3228980028751678,1284
0.34929408430456643,56482
0.33897012667034154,52757
0.06979077184070422,42871
0.14522275266622,31853
0.4210807236578159,78348
0.13095108834891478,54401
0.27639189696057653,63371
0.8311492143432884,62988
0.18859125896656695,2592
0.24635044637916703,5907
0.39208690611311103,55662
0.6139431409821269,11206
0.18234440907918964,39902
0.08594668280172049,67844
0.28114384129138414,20075
0.13007571506738283,17072
0.5086799683769094,33381
0.14097856911357018,65032
0.772498819105613,6630
0.6708313472396404,4136
0.08540774595011277,1899
0.08374397944744523,283
0.2708032365195742,65795
0.5170941172999708,11117
0.051514425920501525,6531
0.41670751167166553,37712
0.3399705819826835,29140
0.8652895974473692,6972
0.3451646435277012,37992
0.5854596802300613,67822
0.20239118339203174,40847
0.7417581398454908,21039
0.5437454806093376,21385
0.44909253962662,6711
0.3924962496159139,78676
0.7010715154738247,57829
0.7294623090904989,75940
0.03163233336953556,21801
0.7540078671591484,33244
0.313891416157165,51708
0.178141857298475,49160
0.7154292815764746,61002
0.15454704862477514,71948
0.12469106790539368,2552
0.43628155377106925,6853
0.308219197696128,32659
0.22436014769340742,51579
0.760380868030303,26391
0.2899860773387459,48564
0.7678714648142506,64167
0.4445889141126631,21254
0.1830754627571227,18659
0.15573049386600435,41972
0.07402874214796809,50730
0.8239018307833068,23649
0.02082160533285414,42952
0.8725127966541324,20355
0.43815215105286187,13566
0.38991446404274793,22264
0.4209846188598149,29119
0.41837319546183727,39962
0.6355282681422955,18490
0.015690684768225317,6824
0.2409734584313168,27625
0.26188342140435017,56701
0.40567854306584333,782
0.3544309062636142,14940
0.30744622966793556,18134
0.24510004469425037,10984
0.11190624107442607,72056
0.40642296073851636,5775
0.7342032157800829,30934
0.4116694952704729,30574
0.794641221981875,9284
0.3346304886362997,63871
0.7045722453025163,74906
0.24859990493835535,12820
0.4739890224066441,18709
0.43969253511225925,63879
0.34762320627708165,37824
0.7633346263964034,10801
0.1961529413968915,59635
0.1280737737012844,67264
0.8000117796190751,16995
0.05058730833137418,48778
0.10711196086253,70203
0.01993151814476033,30652
0.33893720257602533,57327
0.7268386265332578,74072
0.3036694163403231,69287
0.8368757089865424,12925
0.18483585088365495,65634
0.29421486759342896,68674
0.31269159078386943,14358
0.8835782408068713,13141
0.4858204768529347,47946
0.42875599090018546,69185
0.2629252957793697,50670
0.3995226446120447,67170
0.13146610353745708,45233
0.41032951428349396,44630
0.12862981768057535,55719
0.5095570426890521,46761
0.005153351403247143,18475
0.2924776665202229,23482
0.15509645632054397,71708
0.13447545284645426,7522
0.5010743435706873,75416
0.7362678873498637,62033
0.38302661235579083,78420
0.7628019133633274,19447
0.2580644663966542,33366
0.6415442001015688,15353
0.06411187732621162,24260
0.521794478327456,77245
0.1949502074532788,7346
0.9998707097796778,6305
0.019268346761240993,6589
0.607371146870765,42892
0.39970906057816935,29056
0.319421614949905,78718
0.9998707097796778,57715
0.38302661235579083,18323
0.15093748610416874,26929
0.6758348072068381,34522
0.21756423371715394,28229
0.43014870840602915,18746
0.12165338448717486,20645
0.6805744706322627,70969
0.6727684826699677,22670
0.7797889992820757,2540
0.32839317280827096,50602
0.5409553553285726,65429
0.9998707097796778,66708
0.4447131350590706,48331
0.7309652156073487,7928
0.019668696690152296,14290
0.7156786671188466,77380
0.8822499103345218,17074
0.7309488998274516,47300
0.8158970878009595,15893
0.9998707097796778,50027
0.9998707097796778,18682
0.7370659071404673,40786
0.5750416356020251,2644
0.14854071027993648,59064
0.1629238249447836,5348
0.9998707097796778,41801
0.7228715498608655,49734
0.2749660045267329,32973
0.4323525510587552,7897
0.5246465246751962,9834
0.37206836177320596,32592
0.3062823592509011,50058
0.7684476050311664,17016
0.11790913657149865,73998
0.2575889983161962,19676
0.7434542572293099,34743
0.6132097450775403,163
0.3805898507441624,74972
0.6136912030175707,9558
0.4122041547439671,37482
0.32825425920406287,74604
0.37666271775532434,1432
0.48503581504247195,23253
0.6937395219584972,45604
0.9998707097796778,62425
0.741772628894271,13976
0.7726573904355312,67156
0.3315398904021939,7711
0.11520747606184747,7737
0.3706398015926352,37052
0.4535523361540841,7532
0.8568655319881038,17070
0.741772628894271,13494
0.3012323497837449,42822
0.036250918774456915,43620
0.4426407804796978,68921
0.9998707097796778,2840
0.7354071323135886,5106
0.027884222369438223,56615
0.5840565329327055,15079
0.07219847016775936,29310
0.3817105291418317,19716
0.2174956770690421,26202
0.13242647085200443,25280
0.9998707097796778,2097
0.8656105031916639,42964
0.8040248841769506,22437
0.14669851251245672,8000
0.9998707097796778,62813
0.6595821664909718,70554
0.7439428898558003,25123
0.8097819461112306,61331
0.10053032785077978,23285
0.84159450612463,53073
0.39976322160640726,35526
0.4891873232039888,6398
0.26944670857634784,54221
0.32829299920913757,46851
0.023774930834268942,34866
0.5638723157873292,8330
0.7876589295630692,3472
0.11704037928157904,14473
0.5345641980583946,57419
0.8449287027144581,30255
0.442885706381173,30448
0.4302786454420888,79142
0.024127357917844223,34052
0.30616507692639816,45254
0.5119386910130963,59793
0.02617521237612906,75565
0.5883627586578746,21622
0.2934214705356657,33788
0.07931138123668242,16185
0.2767892867133166,75055
0.29722534950442214,27387
0.2382982213086014,25052
0.0698578901716243,50289
0.022660351813082673,1652
0.02400400122150953,33938
0.7662658989518274,76257
0.12166175181951976,6257
0.7804143473035141,28855
0.020891824261301525,5470
0.03901824431916734,78044
0.6468557514992551,10259
0.1661398712741377,43935
0.10843202562953073,13429
0.7704439958064133,37862
0.28904448889942214,21818
0.018673710855316904,66078
0.5893822795057346,62540
0.020891824261301525,42093
0.4185196373424769,49816
0.29907694813758656,55507
0.027150021094566244,5998
0.48153875418255887,68927
0.3360091939568375,28732
0.43126189953897764,60604
0.4128953884425357,77508
0.07852119869081571,14227
0.4262758733635532,16030
0.7350152319650394,79272
0.02011858707802397,11006
0.5436338140025136,36728
0.2888879205598362,6644
0.33388322020600136,23226
0.29346926352799174,48869
0.024127357917844223,16088
0.01923535001613793,69123
0.1819097992741458,36061
0.2731231923338537,68100
0.8438250499054896,27767
0.08357886985932592,59665
0.820193418234546,77073
0.10203621791901979,37805
0.8123088100638556,33849
0.39914135535671574,61628
0.20365950081191248,64430
0.02400400122150953,59797
0.2721260229601103,2024
0.3312584723825284,73446
0.4693018672051621,78039
0.05399011300448228,23706
0.37721025402028774,66550
0.562546664169217,18314
0.144373510774016,9597
0.2572341668590752,23763
0.8141662014112422,12088
0.491721040258842,54342
0.3473584453612403,5111
0.3478196559368678,36752
0.4855420923016215,15380
0.18894355596354534,40373
0.29380531870704196,19874
0.7018757278410124,13945
0.8142258018064021,63438
0.02174400018717008,26833
0.45189410160844845,35852
0.011542078503826348,10806
0.2936035639575987,19034
0.12959652827201237,47702
0.8353991417803015,37901
0.5510523730642753,67696
0.07873401453321852,31657
0.34664406835941086,76866
0.556763680015447,25499
0.4414549909210833,36736
0.02400400122150953,34197
0.2520961596509999,3082
0.13441601709542805,68057
0.5770749959539601,21728
0.7249737364137873,62947
0.02617521237612906,38788
0.02400400122150953,49667
0.4855420923016215,55148
0.2397614685675394,22657
0.5244470060402708,65096
0.34137305539439716,41322
0.7583060989206871,29807
0.7112963871464015,56448
0.5061290633044463,9497
0.1384998461515612,5927
0.04084298079046401,29726
0.7555583009050375,51613
0.07108298543058908,18038
0.014219502296827285,8895
0.3476846093821973,8707
0.3540028344196069,66913
0.8182476245744896,67261
0.4594741385338249,27045
0.8262429810276637,3755
0.540009397299959,57805
0.8783200632339662,29740
0.48075263672760427,20568
0.17126108036801377,46487
0.5452925946865546,44639
0.3991135642076838,48690
0.8527929768461846,24859
0.2721929604547982,55732
0.7594832934226219,64029
0.23322936229929755,13058
0.025080037725859983,48909
0.36022135039292397,23388
0.3544993362997342,43542
0.6925633351798519,58713
0.7937645845480278,58006
0.47519644958281293,57942
0.8014502080907838,14572
0.7700042745933706,55534
0.18175895756524077,23912
0.4575361742647303,15998
0.7330424239262615,28045
0.17045112322707745,56850
0.22233436051036104,43951
0.8254274747059358,50409
0.14673706534433706,37644
0.486038688926383,76273
0.15682940219912567,48759
0.4275988478150658,30842
0.3858113511643016,61333
0.24952052043896447,64947
0.3711600749736502,76972
0.4362263168086019,46805
0.7009001074686959,14292
0.7043052158052401,2462
0.7718248776441303,49146
0.18630820533457784,55420
0.38912708573309684,54094
0.3513055102330046,38715
0.24327006116170852,70120
0.5388289034866616,22169
0.7786260825343753,45001
0.16778128257451658,26807
0.4926391402735366,58280
0.7486787081824244,45839
0.5579105292396799,16906
0.40557772477787035,57867
0.418243819028193,64380
0.8034710822078974,60704
0.4212631785276182,9504
0.19953692597451883,69520
0.5331402301324599,39072
0.446066266466416,59766
0.7632968360821565,17154
0.17345311605141087,5979
0.19990194242334253,25228
0.6324106665934686,34965
0.26325514223743735,46858
0.34575538916618187,57714
0.5974717624174376,79222
0.617440106772835,61559
0.8010025605967219,59561
0.8366748251634031,42601
0.8210382625912591,26190
0.764094491862983,6980
0.162376436635732,50980
0.29883062389072473,52162
0.29590633805829825,35145
0.7647141472126463,61064
0.21427352314081152,17631
0.8260549544361739,23889
0.6284326871798043,39280
0.3028976481673309,28271
0.13428028572049916,78501
0.13285612717389336,47242
0.29198010974698585,5440
0.3721308134694463,76296
0.44418814160146114,29957
0.3525717431775276,28139
0.8313733959835624,57907
0.18599317291258083,64028
0.8627872353447943,70068
0.23729116804169548,9867
0.8337155610942606,48356
0.028491757109165433,10143
0.41504185828143214,44858
0.49577724781706556,16532
0.7594832934226219,76817
0.5090877704116424,28083
0.3239633647334966,7789
0.8226170653019511,36225
0.3771750902514565,63531
0.29998067537799034,60921
0.4299608218310388,70477
0.8356708662924885,41992
0.5997285493275007,22615
0.1996805942394049,63937
0.4429794944527588,30112
0.3535719278607122,47685
0.6140487941410581,56493
0.4448073912023428,25432
0.46844980920567103,7100
0.8755583687985611,73617
0.8727848458347498,49231
0.2751360230925935,23473
0.38007611193102264,51400
0.284236017803593,77866
0.5151076767218243,51432
0.8505394959905956,28672
0.08053340706066466,20282
0.20729790044663246,42081
0.21858652761431172,6173
0.4675937655649284,3632
0.2930573000454818,49724
0.2948192115574725,64642
0.3618961620733155,33161
0.37079811097379856,3192
0.5208721254713429,32785
0.3779310148809027,30912
0.6477111349213895,53353
0.6017095756399735,64042
0.2658997512921165,55317
0.05222438698601844,19878
0.35377121968361736,30621
0.1698369062473637,26036
0.10262882577167833,77740
0.38548545845895493,14057
0.8705181297894513,72931
0.3403783804819911,21224
0.5016285350719907,33362
0.28416734443116654,37488
0.7613650372816424,25122
0.4004900196109152,10750
0.26517608161805784,29301
0.36870735134833804,22421
0.8445884475596647,4799
0.16159751155844315,10635
0.33238332694196626,70332
0.39874345782768494,53745
0.4078643416735773,41425
0.06960035599230852,164
0.0727675948264808,672
0.7782515934586359,53421
0.2583007895293502,47077
0.6341864222101887,16053
0.18421778905322925,56533
0.7333092905409739,59354
0.4810917127550899,22741
0.010827483252035525,60429
0.8405885995698501,5543
0.1608097029096031,24023
0.8589688686872565,23178
0.0699078967510257,73295
0.8567553545659241,6549
0.5026860506945814,63038
0.7566282847521847,70018
0.8586311647957234,62647
0.14284814348569977,61950
0.13645696655765646,69253
0.08896852215856886,76374
0.3289713462929455,9957
0.30683062173411463,31175
0.1961272919490339,27606
0.6984902268482769,26716
0.7500584287630163,51197
0.06187310323946499,71230
0.19954014128463424,57023
0.7352686774678623,32372
0.4065510947455433,42469
0.5827626648761504,15423
0.014612737653631046,57010
0.39415374093654254,12412
0.38406721179625763,68829
0.8596415412838391,41780
0.18222150298527862,34172
0.3032919934901077,66919
0.5606589667127332,43109
0.7097766664175542,23313
0.23945795917965934,54824
0.8457387805909675,46852
0.84852506183753,41569
0.6932569070054894,23292
0.45373379214629633,6407
0.371881619232448,9075
0.4716061873980836,28142
0.2023673193859224,50332
0.11780346897362455,70985
0.17996162843470048,61589
0.8342431473290687,29795
0.3705785317053101,44937
0.02140796882862117,59475
0.12079741558389058,37847
0.2933104690308168,25033
0.3051242323749187,46333
0.0901342004977922,49842
0.7248299081752906,55678
0.45548948977929893,42914
0.6257958826606973,39923
0.479918735908688,71967
0.4296895576335322,72147
0.5308121565747377,77876
0.45728703809478427,18269
0.8083983943172086,35263
0.7652228507754365,55100
0.44958609907577785,52189
0.02140796882862117,28180
0.25947411972294826,33614
0.43564284695870953,74271
0.15630266177880173,11872
0.060747359255635784,7968
0.569867030810604,40109
0.42611350380188107,46660
0.15163402187440636,31823
0.02140796882862117,16921
0.25496038629705353,17348
0.8159485140829437,48245
0.455697949665838,71309
0.16621844537553268,50201
0.7485433830166925,23430
0.025568217239522986,51113
0.02140796882862117,35299
0.4154954674729642,11139
0.7342838690353701,14717
0.023159031676037802,73966
0.1182231495607316,37686
0.727553859835113,31056
0.11472020331777133,31553
0.18347064781521624,5902
0.8438607935273792,73823
0.14317660858492348,29985
0.7109154553954607,64310
0.02006965786370355,63741
0.5990312992237944,74521
0.02216523987699553,5657
0.775906703302838,48896
0.12466033914344804,55250
0.20628930455088837,72910
0.4511714695525429,52131
0.022607479806033906,78402
0.024312894741510688,56155
0.14693894866582913,6722
0.5729989364699544,24227
0.39525388788843097,73801
0.043953031659249076,40462
0.28563545968825077,31751
0.404628964910198,52291
0.716346622291685,73862
0.20151601345203762,73166
0.2394472900603754,63134
0.2539357934737352,45034
0.08846106208534339,60632
0.6698583329816694,76958
0.024455089823638327,34595
0.2310961044609212,25170
0.1921504780703211,12330
0.6666167890219491,61930
0.6700647503864277,64613
0.48016750660430674,70972
0.716346622291685,4438
0.48321288921588035,10383
0.7629023885997647,65451
0.4537356463044747,64978
0.2818320636423407,36036
0.19403680149379307,18074
0.057785498368230194,42686
0.2979599221106491,38068
0.8375325657950402,55115
0.8974817474953908,47865
0.02140796882862117,30683
0.7961634738867456,35586
0.2896420332255769,5783
0.521419774100998,16164
0.02256238057921821,19170
0.38871216030243383,9716
0.08972217301066972,65062
0.4356428698091165,10700
0.23607978173404187,76560
0.025568217239522986,4896
0.7056909952157006,56274
0.38584494372332145,13396
0.15639196749480083,18753
0.278202276458397,41324
0.8974817474953908,62712
0.06825512627891492,29302
0.010519549896165745,48232
0.48116364000139633,55923
0.8161512617276694,72983
0.36110019931510545,10755
0.025568217239522986,39892
0.8344792050177134,78406
0.12063656519346198,46480
0.7270645973655523,29329
0.377911915616304,68620
0.02140796882862117,208
0.13312213809291173,28983
0.01957813013854306,25593
0.13695750954526137,68911
0.22372381177911194,10527
0.19360565398094318,48605
0.19207376433751225,42829
0.08552456486887954,60964
0.7839150542093827,44844
0.28516844121025714,77734
0.3597339950072055,53364
0.08854321167199714,9687
0.7581724204982656,58577
0.11603582311372676,19202
0.08268617650502673,5250
0.7841507727158128,74070
0.7352164137674779,45114
0.31230798190033504,78556
0.31846630605788073,34504
0.25964900939378244,56550
0.7535989665898903,14485
0.8617587540629601,4256
0.5912267224468428,77523
0.7209419379357471,68012
0.10640587700626401,10757
0.2718976510339351,70588
0.0955131667367711,69250
0.34606315225446144,64316
0.5190245919300932,72241
0.6028113627948611,68009
0.04372663568151297,10107
0.7661756353554803,54625
0.33597211720001646,31368
0.3347961501740221,16457
0.6183169824279335,14211
0.3357717803542849,73380
0.22401851468236308,12324
0.16049096403444357,54254
0.8283751785035479,39533
0.4086381356208649,31008
0.6328220292135263,76330
0.8222496717013166,33894
0.6035312666662715,17626
0.2245090094267464,79085
0.36502769798166096,60947
0.6222071131552068,51502
0.1726017390552932,29372
0.358612382360055,62439
0.11909931467703708,55755
0.3482613656455116,77480
0.4510514876908379,32118
0.26519611786862424,65109
0.33403272783539995,4359
0.13988360667923802,17728
0.8367747342513085,7422
0.22573880660673565,57785
0.12416076051655828,27214
0.49244621808870204,74697
0.276010848506562,57994
0.21914968493831072,23712
0.43439026111486045,40391
0.29015121351401696,33756
0.7914446688294354,16015
0.03149222461599985,68389
0.8356145360885865,77232
0.3262033979823082,41622
0.7722643808363401,49105
0.7854219139548007,17015
0.7419347598892165,17634
0.5485100199470461,26161
0.07526055303461748,64175
0.18118158963759645,68577
0.4004616518940157,65482
0.25086663996338493,65682
0.3514474994576195,36042
0.09314352627342833,31911
0.3894405001678992,7228
0.0569124358257027,36452
0.4981823214902674,55827
0.4666920905611812,34085
0.38070570969093814,71832
0.12315668176697195,31402
0.33027155185675966,75389
0.08815636711159891,76154
0.07566939514375429,37385
0.6469526109639734,52250
0.09169816816432211,78792
0.7249607867316006,34069
0.16462645026485287,23670
0.3683453440801024,65430
0.2180470092325255,76667
0.8271525455573663,13674
0.773707328479718,42669
0.3695291595359614,71032
0.3216725173367178,21676
0.316543229242856,59190
0.6416894934541787,12150
0.3255588144006732,24612
0.898250187030765,6442
0.39202797841150167,74173
0.2559172528127605,48369
0.12709060489417023,18744
0.1650588493865955,3655
0.31012613128746763,63647
0.20116767640689054,72589
0.1936096542952082,29735
0.3562071043736368,48714
0.8185129263792958,44140
0.07967193038317795,23172
0.33993734165056466,43597
0.764941433154656,44977
0.873904771675479,12290
0.4222905830611943,64158
0.1307287074965992,54692
0.3269384953310545,31011
0.3114929373173895,13468
0.10008159961923688,72431
0.6877588073983275,42653
0.4414841751903297,36379
0.7529782253583683,57717
0.6648305905262438,7152
0.2895488685247507,50116
0.7528023590692364,6013
0.05279881363922772,46414
0.026264052044321404,46882
0.11174659252936128,37651
0.1248707208965478,45380
0.8594731931925687,36915
0.38627777062815866,8907
0.8715578335777145,56089
0.3461184257551047,39311
0.48597746939272646,59183
0.12661760209177647,69968
0.11322360851035586,64107
0.23713454838700432,33175
0.8244731493810558,24597
0.049112316018936515,58349
0.0594131526186852,26988
0.08859769919288688,59890
0.17983339589423886,26967
0.6539516907922209,73771
0.16835086678459354,46820
0.4619523008514192,11564
0.17829565050744273,27599
0.45376726320456806,11557
0.7487846340277384,53552
0.300681476464689,21637
0.6290159325038602,32780
0.3803738557731232,4761
0.7584421445460459,1178
0.5181704256790833,64733
0.8383840244362848,31349
0.09907157328248146,35632
0.3914821035881123,6472
0.26206647285438567,22613
0.45741902394946,25538
0.18121766906493564,60234
0.11950693647810154,76744
0.08419994120371951,63450
0.043605697587193716,22444
0.010673036712129746,8928
0.010021153679771376,31325
0.5388501389848068,35644
0.26556199869906005,9109
0.31800946494789406,27724
0.7531017717358404,3727
0.29948224453923783,51925
0.6348354187127156,1368
0.3623979155907985,3713
0.7859064859754283,17773
0.011643901537145788,25427
0.363921912784254,73298
0.8458806343527083,36322
0.0389342094115849,64966
0.3751941159822985,4115
0.37567807106872175,67204
0.58787210759545,29166
0.33447963594328506,25924
0.3012220716369029,39883
0.35282965981513004,66025
0.10445093598795752,27209
0.14262254788331163,72461
0.8582809616616478,73385
0.3998417195243128,60577
0.11041892813089593,5705
0.2384546349455248,17088
0.8499799818214065,69570
0.28719535839804616,36060
0.8079639975669379,8126
0.8900201035595667,26985
0.28593659354727113,42288
0.26264321295496806,78987
0.8508852893107073,47056
0.40999262552090276,77744
0.03747171839189398,30660
0.25559369371362,54062
0.2513569890917935,37209
0.7442746987510169,42824
0.7723676008826832,50139
0.38248462153182067,65839
0.34919022507865394,36488
0.3377052341193205,24090
0.4905853394833103,28626
0.29623488555125355,55410
0.6092179337950503,15578
0.999873774085433,47415
0.999873774085433,48321
0.999873774085433,37381
0.4217725107289082,13670
0.3942767308975321,23197
0.999873774085433,10226
0.42165796373427644,4471
0.999873774085433,43754
0.07150595505479422,1970
0.5150377459859512,32557
0.22472662276100558,22912
0.3406246079735115,39063
0.08520719091464322,12116
0.6066047097108639,9111
0.3210907659262261,68786
0.9999433523970209,6571
0.15546684751990428,6639
0.4436200677364984,56504
0.44821142496452426,15399
0.8174921536814759,61213
0.4809064144189285,45273
0.29806732076554565,65662
0.06733953366344834,1240
0.19295025768390525,35058
0.21399255089114855,41236
0.999873774085433,25612
0.999873774085433,33998
0.1464520317968135,64179
0.3159294621949839,9201
0.16477079219484803,29857
0.7564079378901221,28405
0.6116204599793671,76261
0.4497099698661708,1059
0.8919086382961663,39031
0.7938600839617197,27421
0.8919086382961663,282
0.41696299454011954,47615
0.49888761772485085,66505
0.7262318280429392,20338
0.06894191047194363,34708
0.17481646620870483,79086
0.4433662506014512,620
0.05730615110596242,18310
0.2063894653088959,67279
0.12658312855022377,26156
0.81910261382495,9848
0.2967767284181175,15564
0.04230333969122211,71653
0.47487717600758256,51887
0.4396719713253334,55205
0.028917461861231262,35947
0.3644374106532841,71636
0.004678137607233219,23500
0.999873774085433,6277
0.999873774085433,42241
0.2857159307159898,78323
0.29457676336912436,76620
0.3062199204352176,71261
0.11279932176800773,76368
0.456098701522859,33398
0.20245178380412576,44739
0.34966831833268,52234
0.052341043961989416,12589
0.7705954129385337,61368
0.24467006988674952,21928
0.3615668353642366,13761
0.3420899658796328,64675
0.043335338613618456,67650
0.5164382409484793,61273
0.5383903963770832,45894
0.5216013477519192,69351
0.09562356914587877,47065
0.43301851683430437,35047
0.7461680621788873,70136
0.3830835348739842,50678
0.8479406797740778,35134
0.38981479287609083,4649
0.08924495619378256,44966
0.38822868696336854,64325
0.5347004747741371,26917
0.49003219786474983,33143
0.33346724160937535,77788
0.2763805869744083,66062
0.3768701945682718,11562
0.06154321544031999,23280
0.32801444918030914,26724
0.3342435017587553,19976
0.49025928270158514,27491
0.18842788210821088,57057
0.07729077373456986,48365
0.8555983470114539,42230
0.0988404101770868,45242
0.3785530408460547,17779
0.6423935726536235,29427
0.999873774085433,12202
0.6093367412037556,45351
0.7746455264230203,76708
0.4125493159449395,26018
0.1805006469410631,26959
0.8265769765434142,79207
0.30277475264638726,77540
0.31382128651041613,22016
0.03057261080024662,31586
0.38442577427877234,31861
0.32388591152263746,25850
0.763648868941267,72100
0.3227860690745229,65129
0.4224786443930259,4704
0.4684386267744745,39064
0.1296734600518319,39444
0.04058929595503271,25964
0.5966884965406448,47909
0.5137599518935451,74132
0.2361311702017997,957
0.03436831758314526,59322
0.8317734547104678,72542
0.13090887333434234,30028
0.7632096196638176,55231
0.5994982533766591,16310
0.8810137808418482,45501
0.48673546888813335,8947
0.42936663725702146,60316
0.7555699847965374,2921
0.08157437815758031,37413
0.0986699540129437,662
0.04891099318538736,16083
0.727243592323603,75718
0.12075203167528752,20050
0.7192562593302049,70327
0.7104932792744263,2357
0.43773114793000956,28381
0.17333180886318994,79009
0.487271368857058,52580
0.7443947362699548,20023
0.25770301639186954,31891
0.7216495277139898,26746
0.3955537721056873,1561
0.6951684099830167,10327
0.44627107095495955,72716
0.023760133976990436,15314
0.1539151683313426,36878
0.6050374730164337,21289
0.6204233037653222,56447
0.8329769089875243,33663
0.028892366105107578,74138
0.07833646301640124,27962
0.010767018176135849,11654
0.7615184284559926,66436
0.807553652607226,78324
0.5309620223147906,26631
0.6814392303712946,24827
0.055924601512388435,61551
0.6406822515861208,13630
0.46710663699234206,25684
0.024757374592766182,3390
0.4921127715807552,26290
0.10583356472157968,64882
0.08278429342955136,33321
0.8028533978053695,26016
0.5394259836478723,1926
0.3651149299385005,49787
0.3916881564837355,57661
0.48960022589766694,71627
0.6265058195799643,51048
0.8311703265856272,62769
0.3910351791825706,25004
0.21248372313005284,9079
0.11336446833040008,65642
0.10681490037139554,68578
0.019855548009063872,75898
0.4748857096950499,50862
0.6774779264960531,23399
0.315246862662644,52327
0.36420343296244095,50070
0.31240972485439483,56986
0.8437302489671574,45005
0.0349760756585764,27425
0.4294262775558919,6369
0.3351271319370981,49154
0.7290034790241983,63484
0.5539772635064419,61682
0.04574272208693525,22432
0.3410427381135856,74664
0.8299456226385755,74442
0.33613426188837825,35489
0.5913961214943586,48788
0.02504811265823924,74320
0.4386146468115233,38560
0.7373757553651545,52270
0.7518686285656143,39500
0.004767114829964625,43409
0.0039003722650076582,75305
0.6628243126744863,46168
0.817486040825045,69299
0.4386146468115233,32982
0.4306140997714223,49931
0.34353768245837396,30088
0.2447182453205036,52649
0.3655270932423277,78146
0.4115490072725917,51196
0.15517555344908998,64289
0.5238876833897403,41689
0.23751761323597453,21805
0.4665609816012415,6155
0.8461172932218637,26144
0.8228606272201368,62047
0.904163486817878,29010
0.2302044430292527,30016
0.036872845903970546,26590
0.4302211226189829,60113
0.6792181742951914,29760
0.697036644317115,54616
0.5604686884556199,49269
0.7320013895404269,5110
0.31073597603343905,74745
0.05665167188285639,65456
0.750234538632,8713
0.1637779852217183,34532
0.29744782236841705,51028
0.35016953653477834,28542
0.6773504926423692,11537
0.8499023381971136,47838
0.3632222554576079,68761
0.7394103077226251,527
0.7464868823847002,15252
0.5774812287244534,52099
0.6500077672057849,53626
0.5033888403975441,44860
0.579304062111097,5656
0.054623239478145916,38828
0.6479872460020191,61789
0.4038613889180835,39111
0.782467802874984,30708
0.7522728465218711,74319
0.28097558302729186,8712
0.423767510348011,68917
0.13708378542018326,36445
0.32328513883168264,5777
0.019088154937430903,39342
0.2668580901872753,21564
0.4457527002686302,18640
0.012875829788068765,23020
0.06686767633379212,38159
0.3899210274903596,26386
0.8129873571797002,26432
0.43413472117099994,48291
0.6276307962657472,1981
0.3083840499153844,76962
0.26619131756165887,19983
0.32059058135178536,12858
0.19505986122612215,7425
0.69834629809715,5627
0.34248851986988627,32197
0.12255751992083938,63417
0.44344621307261406,48902
0.0238799041029669,53332
0.010877292790355306,28603
0.3772154841428557,39215
0.5304191215204677,53269
0.8015362533991264,33757
0.05643022620893762,44414
0.12299517347253483,52931
0.2995012341853939,22043
0.3799679869277416,77259
0.8223823186388854,3094
0.8091858725343735,52308
0.07775271475833932,60546
0.6134268723027225,50976
0.04853815185442798,23412
0.8466161609789593,17483
0.665017273248254,75933
0.776261710384788,41847
0.4116578103880429,68879
0.4516732588945606,6541
0.8424109379572746,14289
0.032054175641331735,13026
0.030551500721482085,26030
0.2941867617844544,11746
0.7949459209569097,44570
0.28770723722466546,29242
0.799768812765895,27083
0.2848592052459854,31599
0.3987519896458034,7814
0.8860152454280994,79078
0.021521787958435092,57373
0.24896976255136913,27084
0.7999639383023487,21428
0.8153755170495722,77476
0.8378534774250792,21196
0.8049567280855392,24861
0.1280805078762935,37568
0.12832980279489106,23822
0.7888001258454025,67890
0.0238799041029669,76920
0.40784233902861466,20954
0.7615559940377252,9078
0.17209499802157563,73610
0.29335685691998714,63889
0.4823601246256422,50193
0.6621278141044189,7492
0.46132995239009733,45540
0.2648030347486339,72596
0.3582882949050785,13508
0.6634500143764743,5085
0.5986139867934823,26661
0.49598414433244153,1436
0.23587586038093183,61247
0.37520489853721223,13282
0.7453825559377352,42208
0.359914027911018,29258
0.13327900820394872,47518
0.058961106708656535,76243
0.5471022818975086,70982
0.34201316906030466,1008
0.2905008335193566,63853
0.15866723538377087,31576
0.07447973332502672,37312
0.7601206572525816,12988
0.7028309690159635,72546
0.7673865551713828,31967
0.3916012923241737,34833
0.043703371796412274,66673
0.6948804308213485,75419
0.31419688450621786,60462
0.261530088829188,75714
0.3542443223861037,33063
0.05823088707245872,57933
0.6518424250141421,48846
0.12941237047236673,18788
0.40961718101562844,42535
0.3762782734776848,36510
0.7512579949640601,77237
0.7549189452337084,22891
0.8049955913997029,2720
0.2892307995565527,47639
0.41022679680536694,54303
0.38339257410337807,49139
0.35911156505631736,68345
0.6598411799310246,74554
0.12683246861648162,49709
0.44667058145419297,48875
0.7116591607754023,63621
0.356935571521955,22535
0.3661052442128695,53948
0.0448498688013036,2470
0.7999075317578036,69275
0.14535785212751653,26293
0.8231679077022477,51757
0.535578489937165,33131
0.32082491777124383,65083
0.35746211680927903,67676
0.3348416869906731,19624
0.022202168078111106,7315
0.32002887304948546,71720
0.12440040816652619,30562
0.32420002749998345,11304
0.40051950137559306,1592
0.034456619286551866,19130
0.3323626463230663,2397
0.4743204700789192,9517
0.01947846896585194,78233
0.7919369222503293,41756
0.05648379380114794,3021
0.4784799552292667,9904
0.08253860616718789,41874
0.20919860733601525,70832
0.694617754076631,3973
0.8027695824019189,21755
0.7668659732061491,69670
0.12334300732152914,33743
0.39705025627740237,25560
0.8812285734029316,50107
0.40429682271079875,58763
0.3353252547404509,78405
0.7848913099067489,42521
0.5986608169673082,46543
0.47757760046633274,29193
0.5160934369788064,25932
0.11081918475247503,17603
0.36738945203541157,65161
0.5927545229048724,43643
0.7572031143782059,23875
0.5672139088378231,17675
0.396856496875011,34702
0.336378003037969,59721
0.3509899453708447,60505
0.27222993744391577,75759
0.4584733541193394,33661
0.03415444593560877,7288
0.3036102941996094,54029
0.0956407709143112,61414
0.6240311221071644,7907
0.5132928149611575,28832
0.8338099713351088,24579
0.43755854248393156,26686
0.07359299640205873,25426
0.7951444829571397,7658
0.3786274495851467,42875
0.4722411866045157,26173
0.03556817737436184,30449
0.7728272117367028,18298
0.48166436646506927,62484
0.359173073966833,76899
0.08265046902776708,46601
0.4956273425113159,66263
0.09654265332945014,72751
0.37321695933262594,73782
0.4792167699384846,50949
0.8144984076344157,14200
0.45949182002818434,55555
0.14882917057596998,27377
0.27325571208858884,61666
0.5407348165937101,40043
0.3393414158818973,77130
0.808828544175987,34158
0.43805996705281247,64755
0.1946324006598714,41845
0.3596033458287205,38198
0.3218002884864199,56980
0.3044590318700141,54843
0.38921575806137243,62212
0.7851609162578219,24263
0.7707092245847263,48281
0.3272433258193348,34637
0.4093620336293734,29758
0.6651161906027483,56639
0.5099003507006679,807
0.4743639984468112,37574
0.009971641889647673,45029
0.37164948003751885,67365
0.02468418161418792,79292
0.13407971831444385,74692
0.5160934369788064,4495
0.7477998986188755,35401
0.17091823833976263,57776
0.7765212370389861,40601
0.15054106124618505,32914
0.294669976647637,55620
0.4904117337005224,34802
0.05025408891843556,32414
0.3568271227391234,24952
0.18977298276191684,33934
0.3680790458509811,2051
0.18796981447161237,32734
0.3381126176735748,10817
0.050633930778598804,12677
0.8167643251351995,3431
0.8660478123587796,24575
0.40325309931880476,50073
0.7994921954032563,10617
0.1508865385683239,58607
0.7577830484995638,33040
0.1938728881358159,12985
0.4522146535843057,62188
0.7951444829571397,73973
0.33246695622735545,61917
0.7919369222503293,51185
0.7951444829571397,29630
0.9127576687616001,45085
0.351849319935714,79120
0.5160934369788064,39975
0.468068509101859,69347
0.19558789062481563,13920
0.1815896885500135,48544
0.08657173927451708,27789
0.5290607476682017,75533
0.04312479410272983,29431
0.40325309931880476,66082
0.3174963464992586,52394
0.24152306858379913,74039
0.16755285440982684,74860
0.20619411892321882,27346
0.9998794647530613,7565
0.47639336738691573,15318
0.7271175870914792,54621
0.8215123385022483,44548
0.3722255590122664,6641
0.3676865526720787,56847
0.03503236327351779,40999
0.4331223100326559,23511
0.0906671704535011,20663
0.9998980104828704,2984
0.2004263027546919,57133
0.2914855087124163,35436
0.3327723574558728,52376
0.9998980104828704,74911
0.057263475578661675,66151
0.39841329586253693,17851
0.3876776776268964,37266
0.7339832421107393,19427
0.9998980104828704,25511
0.20976258197889455,51572
0.4652362406091538,54238
0.48097831106317035,36063
0.28679472461113237,6738
0.8072524234665142,41787
0.9999274469239865,73544
0.9998980104828704,11123
0.30937911909033233,69769
0.8230159484802679,24071
0.19617886387353461,8821
0.806319546988348,37199
0.3150060976378087,44814
0.10544282316075587,19542
0.8054156127688967,56277
0.6461015326373092,12183
0.20572239897453537,70343
0.6747475683810502,29712
0.3908316242273365,37642
0.4308190670848512,27936
0.5715076339578639,77455
0.34112394520539785,62553
0.4974740493678273,55762
0.11334699447539284,15897
0.10729301960889488,70856
0.6771691773219006,79184
0.7288623083534819,67958
0.09611670487871,54757
0.05533798061667093,1751
0.9998980104828704,11345
0.6703561192314423,51861
0.8235360774443675,12255
0.8126749546951086,71432
0.40350525674700577,339
0.17137970563086227,44624
0.4181464517136322,1342
0.3210504242956528,20492
0.6344916511781131,57135
0.9998980104828704,36409
0.12418148869961658,49482
0.2040904628067013,21521
0.34630388555171293,35773
0.296140251099344,6961
0.30865753974888954,69627
0.3311344538057501,51475
0.7614569893914922,23052
0.7986640852065076,20582
0.7511221446956639,75187
0.2905066419901224,34021
0.18312311488275884,28146
0.5481003956484994,45187
0.4169041537948933,24355
0.9998980104828704,13351
0.07186883147424229,55338
0.07594569888515203,74667
0.4161649128992232,61
0.9998980104828704,34009
0.9998980104828704,54913
0.9998980104828704,37905
0.8364766573510394,35112
0.9998980104828704,15049
0.14103355216594265,1525
0.5508208265552775,32922
0.21505520487866592,47305
0.4528597132604023,66018
0.6739087105771318,38891
0.03658758056645386,45421
0.05434029746717006,24059
0.9119381120094175,12113
0.1261403432376778,15851
0.3698863254974363,31988
0.9998980104828704,67299
0.4354018023616351,74479
0.1707182058191869,59130
0.7501440036616657,21793
0.17023938066528793,4854
0.9998980104828704,68248
0.15586648610365772,23151
0.29334630116621185,53303
0.19073610647561073,28770
0.7023253368955551,11047
0.16017810343660438,24763
0.30913522224225987,72356
0.6685569041201858,53003
0.059487390411360606,57493
0.297582710261023,53277
0.4175308916606313,11556
0.11782031236729827,21173
0.3170117500699553,19251
0.0337101043522887,61121
0.09997363770164222,38710
0.09425292838711995,36398
0.9998980104828704,29374
0.7891797153089585,35738
0.9998794647530613,11665
0.026851434965353117,59053
0.47645126951125344,74183
0.030390956607927868,47925
0.7452863954999448,46829
0.02357019421344559,4264
0.4506745934796894,29403
0.7173380690604243,51227
0.5678044121832428,61397
0.043827817302602885,16726
0.370393490916495,40810
0.03930727499688261,48757
0.8078016749337962,1623
0.16945979533026037,22181
0.047957173743708004,39953
0.7505871401163221,26658
0.17607032257788158,31654
0.02810700331714069,57385
0.6858874055629232,38244
0.4106235377972146,61269
0.43416357572810027,56134
0.011687930944308367,74533
0.18895683398766036,76909
0.022627878213003567,55962
0.7737108858277565,51694
0.8789117661963435,17686
0.05562035631315351,55030
0.012610337088440665,23753
0.018147867522164077,60775
0.48884108725907016,35368
0.46306915097956297,2574
0.4652184224799575,27857
0.4202573031705939,35955
0.712251490293834,28530
0.7144733111272218,51921
0.11141536153717217,37600
0.04935890797564971,67643
0.1699583858772053,19064
0.554863001689234,48286
0.046789456714556255,45649
0.8365004170603199,29976
0.09650400415203972,17772
0.7769820690666431,7084
0.03698656329473899,62517
0.7427090005798829,63198
0.22030236857438118,1280
0.02272880712676817,33573
0.6942880015074053,14597
0.009924882293304424,76919
0.780947387941558,15359
0.38962946582743463,23237
0.25911758300653176,42881
0.41957368642868775,8706
0.01605842259955619,31420
0.028650097157050396,50461
0.0303434632105145,13860
0.40784999674175476,41875
0.025861779592085812,36221
0.4171986448570354,20080
0.3614738380246527,53395
0.5229470688375984,60501
0.13867605263470942,2199
0.6274444491535947,16033
0.4017836908455832,4426
0.05641366201561741,6151
0.18078576898564513,47058
0.1907800033725338,17328
0.17254780229801941,66359
0.4645529500353775,54772
0.05704519785771762,12176
0.8559453513909514,60536
0.009754858232073208,75040
0.7120882390309347,31822
0.39424759205405946,78874
0.47977455900850074,73507
0.20179590755833915,64930
0.48085986495596544,24161
0.13830958179488564,39987
0.48241421176784016,72259
0.7839566707745229,68837
0.4484736851560638,31481
0.41769659856171637,56374
0.04868092896181666,74056
0.43762303729281177,63231
0.7405391774856082,76219
0.21350977543171454,30679
0.13912534898624065,55107
0.6213729427327129,76535
0.7867413581661249,26400
0.07665241776756522,52604
0.5965849112322809,75630
0.7758438365436853,48771
0.12562221011694902,40807
0.02444713686790465,12343
0.8505176989724776,52488
0.46054122741824444,55169
0.3878398001445567,65156
0.06626220943092549,25523
0.31580145109301994,38566
0.72107825099463,11486
0.5743551571769476,26738
0.25489800293241915,38001
0.7665974830490098,6646
0.2771695077622147,28866
0.7079962931523378,48303
0.46161773968188435,38259
0.18928426503856333,64078
0.3479506908571114,33537
0.21213506797703194,18450
0.4002881059795606,72848
0.17815554937539918,42461
0.01244192983676684,27953
0.8437505609785835,59677
0.72747839726367,2718
0.0739149593375494,2080
0.8074215919497604,58067
0.15782955698384885,33720
0.33232201564484853,24443
0.0974939108594307,2483
0.672785472793476,41950
0.7026917121489789,1760
0.03858819614487492,75521
0.4726288318429908,20807
0.20233215967154833,62824
0.44191184490621466,75453
0.4887171375604171,21567
0.7800127755895445,24918
0.4824528026468352,52854
0.3277604067264794,49841
0.4811895657859363,19817
0.10899124334276339,46164
0.04499288204510055,70481
0.3692510813625487,27697
0.08959236488207183,16242
0.5397596664637476,10396
0.48377076672984876,19098
0.11337203917646771,4758
0.5846190663238087,37149
0.511544797437926,46241
0.022275842388847975,19957
0.11643350685675254,45766
0.5387977513476452,70836
0.15150499456504812,67527
0.024212054321272082,70508
0.29713323011865156,41915
0.3072458856403633,6784
0.028190420762165096,36369
0.08692609346139231,57762
0.4404170005441821,8667
0.44947129742919,8071
0.9016319471256097,8578
0.5172176303270936,73510
0.013360229483035679,49689
0.6720719206387866,63732
0.47345879888556774,25151
0.8360773468337201,40739
0.017532335979126443,13225
0.8182522155986561,39225
0.3039019433066108,57546
0.8255860980495956,75061
0.4859711890631812,56265
0.8027181459166799,11695
0.12030629192625883,68245
0.8141687769925614,63375
0.04810395594878458,39283
0.6771638919003109,37431
0.5320589883125784,53174
0.3797077553152936,19257
0.2152192247678554,47524
0.3520807120633165,1646
0.7951669219731702,36245
0.1441895036890916,22117
0.4300619093342668,76590
0.8459637933307259,34561
0.11420806414901628,13719
0.8314368831001803,47883
0.6259503984758961,3798
0.41767564444166405,68905
0.1586575491516701,44328
0.09924264254908971,55177
0.127155043055762,65311
0.3277624402393747,27633
0.7607524873247197,78637
0.28962273584032977,127
0.08316487179237593,53029
0.5425684979901615,60280
0.6022926287022432,64645
0.37915699611191017,37220
0.7479262440158407,39916
0.0199351186954393,27307
0.708378778055784,56943
0.5308603602032017,15329
0.15129067466787516,17369
0.6711714713816407,73320
0.15785919643397361,75917
0.854289484432192,75994
0.5138500240074211,2444
0.8037193648321006,76078
0.4974536193889417,815
0.4465328622282133,55319
0.46586355446225314,13000
0.04710001864679472,76326
0.8682583201560012,14154
0.2573097451114032,77835
0.18150419344025542,71316
0.13307141287330487,75684
0.4935016631247485,39667
0.46603872224882437,16479
0.318662366439974,20610
0.4641487950146006,3757
0.1826045027793805,14383
0.8244642058713294,64773
0.06417542541315086,20104
0.08662499620246343,40632
0.34672470685479695,64436
0.2937068756544837,71896
0.5092866599027732,71908
0.10074786546945912,29487
0.5418166684743408,23711
0.3233617870438747,55181
0.0913566658177026,46198
0.44128386698379873,43873
0.3964019198279339,32266
0.25967519060187577,59202
0.016084273908233436,19030
0.03696111451549252,67780
0.7747650456864383,2337
0.08418659098092639,32155
0.10378519824398351,64485
0.678630575289485,44029
0.6125791851909855,66657
0.7966713472274611,10790
0.6709377175132226,51357
0.8096336310450658,923
0.40152858323072543,9447
0.6139455038382409,25054
0.581034842409322,59380
0.13417341994763865,5409
0.15348442892703473,71325
0.29646452630202813,56820
0.5130932689967361,24520
0.2455602103500619,54918
0.6298275186277751,41158
0.40492778063365675,67507
0.4427068806384804,11303
0.43989381911624004,4019
0.024572173331451685,36456
0.2881489035210386,18382
0.12766446893517133,45559
0.02035372084559416,11247
0.7157891924081181,34017
0.0353599992348466,67729
0.15287235125534984,19097
0.49149261179068027,9185
0.07218820688948924,18575
0.38325079547811136,71521
0.6613593470987024,72102
0.058169770073621827,73341
0.3281799088068527,11955
0.09591461757037191,39712
0.7945031849339022,29288
0.48936279400187543,75047
0.2208509638446972,59208
0.28008811156295105,43304
0.10715094394256312,14061
0.26791025677644037,16985
0.41130122910380407,20612
0.43461212214484973,78
0.38668449018285606,23931
0.2172059104113478,19283
0.11950489277874463,15525
0.2542698522667217,30524
0.04925384528286543,58597
0.30839385845426404,41833
0.2864979764287293,8008
0.1905969513656724,5952
0.8106159499228052,43926
0.35734330863653374,36160
0.14572686273563007,5416
0.07679567849128327,73699
0.22195854823477065,65442
0.16129307481679944,70793
0.010030648534624402,8568
0.19834635815257828,67445
0.25976853634677244,42930
0.0258526938768155,236
0.35467746005212314,12220
0.11377722611522617,42079
0.8082882849898404,36259
0.31145885186483746,26615
0.11989644293134208,19217
0.028514017501894064,63077
0.8538664160280316,1343
0.2021172185230411,8513
0.6975895500997561,34388
0.590557090629659,5288
0.3219074300937382,39810
0.02183398615032759,2220
0.40554811334904906,9866
0.16889434130129014,78727
0.4112273210133057,59384
0.8161955065477552,20129
0.12361548604258724,47363
0.40051924172372766,32255
0.21937566403174674,20619
0.8144139989346605,1918
0.7755147962660657,1829
0.3790940914242795,42534
0.24881724871015976,78478
0.1499861703090816,67585
0.5106135820362019,36977
0.0571391920315069,45588
0.819044608996442,49377
0.35705931956569464,58068
0.22232845698352569,64324
0.2584413411680695,42102
0.03229207534676844,30106
0.23975175687292707,6470
0.76354507161338,46515
0.12879598868618505,10955
0.503959274877891,847
0.43286988402941845,53442
0.7376282904183014,13235
0.37650631731294415,118
0.8613879714594468,28747
0.07488171584912806,41428
0.3597065057744029,16390
0.10604281225333169,38111
0.08180970046680412,9112
0.49585597480876586,76324
0.4343471300607406,4325
0.5350242873207618,24819
0.3487470298926205,13047
0.0948664139854959,27447
0.0645094566731684,13919
0.11426261865246773,76126
0.4843153372414638,56139
0.30282961717585677,77150
0.4532710644139317,27140
0.17043599793005604,72304
0.012082828795321021,71159
0.12121012689897703,1606
0.4119649783787024,27286
0.4464150030114211,58657
0.6252030086925073,28025
0.7642247512448027,3813
0.2492402427697707,17261
0.43025681928720694,76091
0.4223723038089289,75704
0.8819496798592338,34530
0.06806747477311034,48448
0.31109366093921337,54554
0.288278259876178,62982
0.029666388795664224,60005
0.07210867279678972,72275
0.11285672360998693,23276
0.01044038060257676,77736
0.031092258689454387,73480
0.042362571120621716,12911
0.11054948231208644,26070
0.3437334937119594,6372
0.18757739173334714,26735
0.2944976292449889,73795
0.41747093534496665,7562
0.31969460844964154,6169
0.6277866740249766,3597
0.4638823228354635,4633
0.2783235625528462,47916
0.3474110511419022,56794
0.40686359771086406,6230
0.6689322946752563,50449
0.35952864097861886,78834
0.16240618835128762,10268
0.0233079113160031,38519
0.12096008369321816,73689
0.03088496985613972,46272
0.23020843969136356,35855
0.7456347545055425,34675
0.3417092459456209,67068
0.03088496985613972,38639
0.7302235024984972,55659
0.0323289611867654,18031
0.6722830445162536,5123
0.06592745945705893,5127
0.515615380477124,15035
0.8566721000089772,4622
0.062819904335142,16749
0.5381761481247674,44248
0.14796584519925446,67662
0.2835369916557615,73687
0.4213612804850967,28700
0.029184224694719676,8718
0.836719808147443,56
0.4253886056666943,303
0.1477420538087253,50429
0.29871136754851146,59400
0.6733228990822039,64292
0.0433178225770586,4433
0.12237496551776546,52797
0.31406459691817334,19263
0.36916643058767845,55646
0.7572711416856197,10479
0.4245146732190835,43222
0.107608770653146,5241
0.7648176179918984,22575
0.8493751957729809,10489
0.22941649371909184,23322
0.029666388795664224,23625
0.032101495088603334,51746
0.7143395060201287,18778
0.43394052776493863,16908
0.027027582116940993,39750
0.6592264491898336,23062
0.26725074420543493,36669
0.04252656560528212,57109
0.9134825552459291,23955
0.09365553789288815,11315
0.06655061769483026,28733
0.08072812845285927,75698
0.029666388795664224,69725
0.23121495325645933,33435
0.2559810866246829,41241
0.5540715526441997,58244
0.2587085629057296,24072
0.7569939123666601,22416
0.052775355599022244,11638
0.4267637423304308,6091
0.7595578471910179,71775
0.01306286217176476,24215
0.6899458210033702,17145
0.3014794972936008,6255
0.796187700435107,45003
0.2790657396412165,12016
0.8216556057580555,36587
0.8775860883159364,69837
0.7426348899441209,5570
0.298314501346835,14389
0.7263670248501821,73478
0.9132515083547096,55124
0.2791533787884532,19964
0.3330011505950399,55480
0.011873022632826422,39812
0.016160396594729075,43089
0.010190243768508083,52330
0.12602387889274141,70391
0.023380421446668017,70174
0.013315575070555113,42319
0.021122655434137147,56801
0.00975619771066792,53414
0.15234326827916503,75746
0.031707170988198134,61887
0.013315575070555113,23387
0.7421848676498615,25935
0.01066331940792001,6942
0.7237042174873006,73554
0.3333993947222279,55394
0.4885730405799473,6950
0.8761346780492711,78588
0.009171477577557815,65216
0.7019423802775667,59495
0.8198958108506355,53683
0.010386764888403411,37442
0.38972203341403266,77710
0.1222744458131031,39765
0.015763968128836747,1253
0.37052951825392194,44239
0.8078997003374806,15255
0.013248076513448,19759
0.18010860988600208,19199
0.00975619771066792,53872
0.021122655434137147,42809
0.013142937599073147,37627
0.3589226954938086,24286
0.017477764579336204,73964
0.7261048392012124,42945
0.6787681958977052,37132
0.711940454216785,32050
0.6724291616186526,49923
0.534261668264496,43126
0.016160396594729075,61878
0.01066331940792001,58018
0.00975619771066792,14490
0.44642143114893235,7240
0.010386764888403411,36188
0.025654113620716675,78959
0.3015995716384742,37745
0.7383818064179553,70081
0.020683928229211057,21950
0.012695329154711449,57092
0.37073422687274515,17101
0.010386764888403411,53933
0.3497530752586302,45107
0.02161666005342616,34817
0.31047158522009,38766
0.8294841335922771,56398
0.06596109395250913,13457
0.018016669845043253,53331
0.2989191779824808,32202
0.40123467534089946,4810
0.20886893223721575,10917
0.7240145801733615,69173
0.02063766915593333,23525
0.00975619771066792,23575
0.010386764888403411,50613
0.03375934812823198,9861
0.7432774844403585,60101
0.49657909697867425,18385
0.013210436156180259,12764
0.1265063053147468,29190
0.00975619771066792,47927
0.00975619771066792,40944
0.45975454327880666,405
0.4659659928329639,385
0.8294841335922771,8703
0.010386764888403411,75881
0.3463975390045409,18018
0.7268484154003302,20385
0.012406806281161325,46541
0.018304261208210347,72475
0.6914374442207102,6971
0.22678573946698155,20310
0.010386764888403411,62681
0.00975619771066792,4159
0.8765447766194623,23834
0.009455460034546044,62293
0.12058287370080153,8416
0.010484976011851816,27713
0.00975619771066792,61814
0.012582697028100498,1016
0.009190472109148771,37893
0.3083098048413472,56571
0.00975619771066792,23794
0.34269668433076916,58142
0.009190472109148771,65546
0.8222878117365352,75673
0.28224049086097147,50991
0.010062523147118542,70341
0.6033557917175802,49408
0.010386764888403411,56179
0.20026759337479777,5714
0.7264655736575665,45446
0.06168366936599629,34350
0.2259283106381049,27533
0.009455460034546044,35548
0.732275712353172,57044
0.7296951195529219,55285
0.08704275096794109,38089
0.00975619771066792,47606
0.01066331940792001,20160
0.00975619771066792,4836
0.8340735846897247,27356
0.009455460034546044,33308
0.010386764888403411,31922
0.01135826515774436,61530
0.7361560042125165,46428
0.013248076513448,9338
0.025605518716531862,29704
0.009455460034546044,66204
0.01135826515774436,23960
0.8205998507401107,21448
0.683886945987651,11024
0.014628985005765403,10976
0.8209082613248972,7115
0.33018142060763667,24505
0.00975619771066792,41431
0.8497476559992465,19088
0.1756200116979646,68867
0.8544987067934062,52737
0.018293617159621398,52639
0.3491441561457567,38414
0.471840157570655,52529
0.012582697028100498,17641
0.013248076513448,71727
0.012695329154711449,13844
0.0400897367571244,30355
0.14338608806726988,21733
0.7208142170055094,76540
0.012406806281161325,61643
0.010062523147118542,20560
0.5422034589162792,34621
0.7048192272181943,22701
0.6327296134157808,36396
0.30861584011098636,67642
0.7923562419726091,33592
0.1693748811015535,23961
0.019164153286348594,28017
0.029420604849074015,66041
0.029420604849074015,61630
0.2180403622941159,39299
0.3919681398765466,52225
0.059963435192406364,42919
0.639984039332341,42345
0.09700337528404412,25471
0.02754253933679848,13117
0.3763124767552912,57800
0.8203593011670781,55772
0.019164153286348594,30356
0.08827532358889807,3710
0.36678504037000426,78944
0.019164153286348594,4749
0.3789400484058716,44483
0.5867624814905441,15486
0.8324181744782446,55130
0.37556261969362204,25290
0.11951840831540095,26791
0.029420604849074015,72125
0.10623384739872171,34579
0.33526259081559834,19871
0.40939617922617466,35910
0.39607547009144106,1325
0.6472780247412825,37081
0.35397937341832614,40263
0.5277308369891844,57855
0.1366751671121612,26433
0.029420604849074015,42349
0.39712139527672125,13808
0.32350790041653815,28296
0.7345891093469319,26963
0.6883919422247854,54694
0.348434352621258,19066
0.06211550311379099,62857
0.4781921036786533,39082
0.4595882407162668,50344
0.13456820348123372,46733
0.8098544198544786,21678
0.3662137570167824,1543
0.7078521708584293,44262
0.6147926674277966,77053
0.6543692286257268,72593
0.7527701453095508,23626
0.2847203109848634,48137
0.2825268459129828,72268
0.236691243141757,6802
0.01888975638964929,74461
0.1886803009495751,38103
0.029420604849074015,23715
0.08122672079585339,9349
0.5632624504796135,11175
0.7052818101522094,21690
0.02736334498420127,21546
0.19699815509082091,1063
0.5528878589867441,27193
0.7719822497921435,66704
0.20230797268869546,60567
0.37782289665041413,11131
0.2455328670479797,8336
0.0904761406003419,5487
0.4093437615187018,60922
0.029420604849074015,54099
0.7553963847136107,32308
0.3809458102246181,64896
0.19753927375797492,51935
0.4227092961914728,59164
0.029420604849074015,35271
0.21511964517023036,69897
0.8163815318586659,36940
0.20230797268869546,24467
0.03393459316798146,72937
0.7036829749664135,63933
0.033130362200120424,16780
0.30937039583170545,47281
0.4227092961914728,39955
0.7016872887065797,66235
0.02754253933679848,50518
0.37310735381248195,729
0.35384810133917266,46960
0.029420604849074015,41556
0.035413467072390875,14398
0.7488904979798343,55070
0.813042605002548,21353
0.6742662690312216,68451
0.505474124495381,43287
0.5206062911911675,71181
0.029420604849074015,20151
0.7074496329082618,36209
0.02906326048328865,44812
0.361187687786301,61477
0.6839992853382579,32480
0.25800857465375315,7358
0.28922643953483024,59032
0.40807624680949184,34912
0.4496471033824454,65511
0.27979263249400715,70641
0.8205992625110745,37842
0.41896469700506067,17956
0.23880627795114068,47296
0.5274560831892976,35736
0.2574638599467048,18889
0.3882665970008994,38757
0.34362299967803156,44426
0.4687705831183119,60693
0.7825274105152698,33497
0.18426528165352327,7544
0.06591642663355338,413
0.09202906987510405,11339
0.4172229022565079,26093
0.2613415607800993,38514
0.4138876656848836,3268
0.06327741281372645,20359
0.5819533332727744,57459
0.36741407225344586,65954
0.2486071360100584,76798
0.8030417032750375,75354
0.6034127658316459,15306
0.2420504761711279,25352
0.41481859696834344,27351
0.2925366264597617,12162
0.551181288388908,3374
0.3064669905023801,38495
0.6552356109651318,20765
0.13582871619250608,69450
0.1875911595850509,38305
0.2094557588635192,70589
0.4243288985136898,4001
0.37664753083931174,35196
0.07403980534416545,11939
0.22770330338799685,72370
0.10422005828285406,59276
0.30796239147893045,18072
0.3475665989549087,66388
0.47395091114819576,60891
0.3542968829756962,49116
0.15830488475858356,30978
0.0900450071719084,57680
0.17902187609230186,51992
0.360261835030453,27664
0.7633732974034992,4612
0.3327256984670933,16365
0.2883146283965735,9541
0.0727413739877901,41976
0.4707856029261295,60161
0.29706931325474006,9824
0.3282166438310842,23290
0.6909989812904536,65418
0.3464836662741691,40159
0.066114337731555,68386
0.6520229906794458,23050
0.11020957568146969,26647
0.08219261951296257,59102
0.06529835443102706,56574
0.1046465166496301,62753
0.034480708064912914,35248
0.7594618316336673,43920
0.08511368444962954,29125
0.10958573571699831,60404
0.18645921943671087,78782
0.47207238033343485,51294
0.3014492949510852,78833
0.08627702896536203,44079
0.4979581625176296,54341
0.38997371141924964,9436
0.09075332743200122,61390
0.342235156089702,72790
0.5708447316159819,13285
0.35922947009724515,69043
0.31023535257782286,67216
0.29201164280001746,73667
0.40112100916114946,59639
0.0999555366795978,16965
0.15265536365471855,9663
0.2411388639562413,29376
0.2791148204019844,53223
0.27770720059535015,13501
0.20803852177256052,3344
0.7171627749284942,56557
0.06539009740837902,45544
0.7276849598977383,20057
0.4178974998236091,5238
0.10858500016232467,7806
0.10486235133704896,46176
0.5266764288299854,16897
0.19516395519398227,66618
0.4584061386922236,74741
0.8056178646676787,1151
0.24583897127308743,51991
0.20219418068705114,5950
0.30156429835529797,8309
0.7546876608362443,32218
0.2073614538516312,25946
0.16400506053290087,28252
0.07841144753283233,73848
0.731220873370336,17020
0.5430459229105353,73524
0.1183408531102833,72616
0.35549452528887054,39735
0.39397103194450334,69679
0.08260354379054471,32094
0.3673401922809034,56180
0.14679520165989163,58336
0.34080818755479425,66413
0.27972285221690163,54022
0.33245379186281193,48748
0.6517553759915993,3052
0.26975538105400204,19509
0.30626073500037376,68028
0.3092972928430262,15339
0.5418784886278594,53007
0.3092972928430262,70314
0.5802698432863783,31025
0.3196812957300627,56662
0.3373447905322474,55610
0.279590841966612,22678
0.7590789481389105,50301
0.3858811473747503,49727
0.07733274125382966,52922
0.3092972928430262,10967
0.2093441980035942,78658
0.3604604819224093,32098
0.3094341092076085,13404
0.7273143174819716,55767
0.35179453955653817,76430
0.277983737691568,70032
0.2087738839886485,6656
0.23584078652946197,77576
0.7646848402446829,2369
0.3196812957300627,70317
0.3092972928430262,8717
0.3094341092076085,10648
0.3259755835000039,29593
0.21826431138235042,50994
0.2265181550233199,49690
0.24826516860966064,19191
0.6295624256655001,5802
0.21537203241493702,54749
0.698353216618886,78070
0.3092972928430262,27752
0.31630268896518976,66321
0.4052466416960995,45018
0.31630268896518976,10730
0.14534560702324767,56959
0.3196812957300627,35778
0.2699466622629376,18071
0.3564666907836961,11094
0.4174759352341172,4015
0.33245379186281193,72992
0.6571333281504586,36632
0.30823561020089363,51886
0.3912387580782887,66106
0.6732843811202789,23094
0.7202214173846225,32746
0.3092972928430262,34585
0.3218604769425223,26642
0.41361332342026946,50337
0.82275234127179,6103
0.3092972928430262,10493
0.4172168166971578,65727
0.3373447905322474,54241
0.3196812957300627,66236
0.11609682745733468,45237
0.3092972928430262,302
0.3196812957300627,3421
0.31630268896518976,18712
0.22143474394895912,33829
0.32669758641140784,63209
0.3259755835000039,32636
0.3092972928430262,47203
0.29552502890951865,43526
0.7735239922405637,36213
0.33245379186281193,43485
0.13896263470256648,18590
0.6876577300067499,56492
0.3259755835000039,73745
0.7697458339854053,56836
0.5338244159900281,45715
0.09882655242138688,74544
0.32678125309199,40765
0.3092972928430262,5601
0.0910004377900829,39791
0.4170046052129974,54046
0.3358753790692164,48405
0.3094341092076085,49378
0.43741740888113095,30747
0.1078377364582592,19739
0.734281736179894,5896
0.33245379186281193,76214
0.3094341092076085,74291
0.3092972928430262,3437
0.30626073500037376,47334
0.31630268896518976,6894
0.6583804725417122,17430
0.27708054503471036,19831
0.08097302066679618,45526
0.20123393193234132,40819
0.2469302969284793,70092
0.7377234755103825,44065
0.3082901312486335,70272
0.319265992559763,46215
0.31630268896518976,22400
0.3092972928430262,58872
0.3094341092076085,3988
0.42654145403463734,23329
0.3310648955538067,38468
0.33245379186281193,50109
0.30626073500037376,61136
0.3094341092076085,2870
0.2527672191144402,77506
0.7950182364158738,21358
0.4909029782872932,46976
0.44920288867136526,68498
0.7941162452474673,2201
0.19354929284725428,38361
0.9042961965368752,2558
0.35601036342206827,48355
0.5085745339024648,61268
0.38054031779194986,53352
0.3092972928430262,5540
0.7335239223965273,32712
0.3092972928430262,12875
0.45411065426371944,29300
0.3196812957300627,12184
0.21509632601325768,59041
0.3092972928430262,6296
0.3092972928430262,4500
0.3196812957300627,66691
0.10414664629904721,51408
0.10077310237404286,15152
0.3092972928430262,42643
0.5156410508406168,7401
0.17383134620428292,43017
0.07915178122802595,72695
0.3092972928430262,61435
0.9998798431553122,29856
0.47670328133673434,20933
0.20134953543368428,31617
0.35794089113376193,2050
0.46169630588206323,77372
0.17915840460584975,16372
0.2528258963958091,46844
0.7339680225093825,16647
0.4391705771687612,30307
0.07282949258408422,60714
0.2506123029911651,21919
0.41313534156408355,47255
0.4146500643228202,39385
0.2536113889643668,73657
0.44113984366140646,8156
0.3884263659525309,1803
0.32622326403151247,37505
0.8500826745994556,11112
0.6491664914456488,71296
0.7945083143244087,8681
0.36213847849683106,67271
0.4267294801616982,2912
0.08793982348939226,11412
0.07498098331373271,34755
0.2280643809924698,72083
0.7922813359084234,56251
0.2409449553293771,2812
0.7185766972558199,49812
0.5562685450709649,15709
0.2892234222457484,51664
0.9998798431553122,42108
0.30408980474081243,25185
0.9998798431553122,22672
0.29013596505300693,34699
0.9998798431553122,65734
0.28884085877670074,52084
0.9998798431553122,67864
0.05518288937609512,37158
0.7227825525689331,25343
0.47258343195425523,12689
0.19295163073178767,52663
0.9998952211578891,70468
0.3618934372257235,63735
0.34330649366147703,26310
0.5808408953378736,50860
0.19374948006084924,46718
0.1262845612377144,55681
0.9998798431553122,7393
0.5322032842994728,38624
0.4359054717899545,855
0.6086958179216475,26737
0.4605232094454641,67173
0.9998798431553122,23665
0.2854669844828414,65319
0.7334248394969982,52734
0.7807973285436236,62004
0.46768471878506135,39354
0.21601720342443026,46577
0.46068469600069584,51006
0.3604703110785241,54385
0.1825335349070206,68841
0.9998798431553122,61088
0.3132445843895745,73531
0.06772088642613829,34767
0.2671363490370298,66200
0.8391744346696279,13546
0.16224915291245912,3749
0.17974169020194664,5531
0.4369434638665251,21960
0.44394279109035495,58054
0.31753837141982433,9475
0.32195779399889823,55017
0.41908008853897866,6777
0.4459369086421928,61374
0.9998952211578891,66843
0.2399776511705924,30081
0.5467230653287481,23777
0.7659674239334737,44263
0.06769049876611143,21977
0.682550428137033,15708
0.4939017961978929,75767
0.4369434638665251,26106
0.230061494036777,18048
0.3154790091813264,21835
0.2995194459212557,42942
0.6092033481516672,48926
0.145743980769138,25940
0.03375354283819957,69164
0.3611486230919441,2694
0.5761844135012122,49081
0.31712389065278374,42558
0.271056944774572,64045
0.09210401881214475,43586
0.2434629554999664,22300
0.29231705163064764,75451
0.7031317605104143,62624
0.09767264729289477,55821
0.3226662268534063,33828
0.23692462760977015,67215
0.4440484322317526,56045
0.3823616151096946,71911
0.2402577451424978,18142
0.07827263610661182,54269
0.3059608679954232,50016
0.8328196182801144,50637
0.2684704622193716,23420
0.3771301011010171,207
0.04832121676439533,6911
0.8384276870174949,52993
0.27468513986846016,27267
0.4269105198847306,8111
0.0356781745098858,70593
0.82369870544392,24539
0.0384681907427586,10966
0.2319453816438523,63336
0.5258016736243982,77374
0.039318068300696105,35223
0.16241051826181463,52257
0.5199047604211866,78604
0.7503817213825172,30536
0.69295423390464,8393
0.051370976846929185,22663
0.6605909288252743,52252
0.7474338328780208,64506
0.4118316720675602,26855
0.16435828461157148,3562
0.42825242971681476,38661
0.3221104148209503,12667
0.37589685095113423,61859
0.21817315146519617,13987
0.39403553086900034,33160
0.7507371318756394,39505
0.6202977058727492,5259
0.07940520553993045,48191
0.5075526989512967,2696
0.20269309181891443,67564
0.5293422005682652,62593
0.43148543345176366,2569
0.45614491695875925,40775
0.8423429224362098,48985
0.1608758430784194,61229
0.05418675237497491,51215
0.3918852430302019,38045
0.23810397655246532,8572
0.09867128009526324,39100
0.4589710762015657,63705
0.4670702731062096,12186
0.32565259164517263,9269
0.13113835362481385,74066
0.1402375839969123,24301
0.5567275165186099,23248
0.2297911360291401,55592
0.6019614128942873,1017
0.367529589640745,40398
0.3270863346328454,11535
0.1269757060450156,32607
0.40432515102892874,37066
0.4338401538086758,65698
0.361523075436215,71212
0.11990312049453489,72410
0.13616955383007345,45759
0.5684526287853561,9693
0.26867988391497094,40758
0.08530862097022711,52996
0.4237942770579559,78954
0.42932126250869374,77190
0.41419282507577226,66558
0.4929973800998817,19458
0.3212449153165939,69480
0.79807301025867,67122
0.33267109432488284,35921
0.5557316068853699,17160
0.41543126989521983,48556
0.1323045882627592,23484
0.05493410590345434,68149
0.33267109432488284,23898
0.1343633390107021,76553
0.016064270339035434,43002
0.14057580900862565,73970
0.6863618488310366,8793
0.7622787473525585,10628
0.41488746411919797,41607
0.44065099425717535,3891
0.1343633390107021,69093
0.4736189284224818,11395
0.37857611076052333,31552
0.41488746411919797,66804
0.19896918823889118,56887
0.025427270113186226,67436
0.33267109432488284,35774
0.1720458166099919,65726
0.8679072840443748,59151
0.4315404862761949,2748
0.1975286093228508,18432
0.3428948953124826,25659
0.1430136201800982,71933
0.03741282391182426,28694
0.30984808424975446,53708
0.14706786028877347,5312
0.23861777882554536,67970
0.3006841741801689,64926
0.3302184387759725,62956
0.3291679088693936,59736
0.10193324947649414,770
0.34002098713081924,64821
0.24178433350648176,67222
0.030908885212025658,41091
0.7937491467764277,16024
0.8317368148703973,60264
0.3846241267270182,44132
0.7981210393209627,37195
0.06114475799588563,6266
0.13493000850402898,54887
0.36359032521583134,76821
0.7302119829688664,861
0.7740993119376892,15796
