Client_ID,Drop_Probability
62246,0.23872851800495817
43031,0.9538846170007144
26571,0.24557754527501155
77694,0.9559750409681079
22185,0.43564855666204466
54569,0.7088112945922097
64162,0.8778099920164714
48916,0.3089205428799529
48449,0.9302386654901467
9730,0.9302386654901467
72740,0.9305012815664524
67763,0.1903021135341821
14162,0.058510861800916
62420,0.9634018236060339
45538,0.9597672171099626
41582,0.92196100676499
9711,0.05111559309214673
68191,0.8263162317744444
63707,0.9020547081810161
70110,0.8188579352073617
61360,0.961847136434304
45414,0.8130173536703222
19196,0.9566368334803984
38018,0.9576032606412035
19267,0.9559750409681079
24360,0.18099499978990716
29947,0.09992016471280307
23372,0.854594730871045
8827,0.9307533929997058
10940,0.9576032606412035
48471,0.6412874490524813
55952,0.9621202571536619
4683,0.8236060338669692
17971,0.9669734022437918
29467,0.9559750409681079
27127,0.469599563006849
46771,0.9307533929997058
44304,0.9307533929997058
28396,0.9369826463296778
18507,0.9559750409681079
60582,0.943506029665112
33428,0.933421572334972
24512,0.9576032606412035
47288,0.6428001176520022
59143,0.16051094583806044
37330,0.9482436236816674
30609,0.006870036556157823
5831,0.7049876045211984
58999,0.9470881129459222
32587,0.3710029833186268
6508,0.057187276776335144
38554,0.20830707172570276
16501,0.5046640615151897
76617,0.9904407748224715
67746,0.6924660700029412
76894,0.9520463044665742
40857,0.3275347703685028
66713,0.5173746796083869
22218,0.2753897222572377
52088,0.842808521366444
42140,0.3461279885709483
9884,0.22706836421698393
63661,0.9470881129459222
61293,0.1725282574898105
54588,0.42283289213832514
43168,0.516555317450313
46053,0.9501134501449641
46391,0.6914156056977184
55579,0.4700197487289382
53097,0.3835665364090928
38550,0.2934997268792806
53327,0.2008487751586201
58081,0.7566704483381655
41042,0.9520463044665742
31836,0.7920290768519685
61073,0.8633345938904995
29413,0.7292533299718476
68292,0.6899659649565107
75410,0.27454935081305937
41411,0.36238917601579895
25646,0.9501134501449641
2067,0.9501134501449641
62337,0.4168242363124501
34391,0.21115382999285684
1072,0.919471406361612
7077,0.366654061095004
23732,0.41037438547838145
74107,0.6009076011597125
68251,0.7205764948107064
30494,0.22135383839657127
34489,0.48174293037522586
257,0.3440060506743981
42355,0.23307702004285893
74377,0.45300222698432707
42802,0.4074120761376528
15494,0.29007521324425395
21625,0.2843816967099458
8698,0.21115382999285684
59186,0.7189167612084542
9959,0.7059960502542123
50390,0.8637127610403798
23829,0.8628303710239926
21615,0.9469305433001386
51307,0.9479389890331525
20882,0.9529917223412748
51281,0.3765494348502038
19845,0.4914282112693811
69383,0.24335056094793897
3879,0.19771839152905582
37749,0.9529917223412748
24618,0.530400436993151
45567,0.9482436236816674
63068,0.906781797554519
29785,0.7891718139417622
49892,0.6017479726038909
44569,0.2650741627799487
62093,0.9515735955292239
71650,0.5876087230555905
49484,0.6650489516366235
51731,0.7088323038783142
77286,0.47317114164460694
35392,0.9469305433001386
60819,0.5300432791293752
61156,0.3306651539980672
16250,0.36509937392327413
63475,0.5034665322072356
17508,0.20158410017227613
53671,0.17231816462876592
13769,0.3770536577167108
42733,0.864637169628976
35338,0.3312113954367831
2224,0.8538173872851801
12902,0.22427412916509096
71619,0.9098806672549267
31283,0.7593386276734316
80,0.9469305433001386
5444,0.5350855077944452
67950,0.7135593932518174
72721,0.8338375561998403
10778,0.8653094667843186
26409,0.9482436236816674
4627,0.8553930837430143
34248,0.9482436236816674
49250,0.2649270977772175
49051,0.37881843774948526
64320,0.5767889407117947
69326,0.09552922391697131
52958,0.7316693978738602
34711,0.9048174293037522
55189,0.9470881129459222
16084,0.30417244422034534
3373,0.8538804151434934
49243,0.9469305433001386
68607,0.9501239547880163
28708,0.14158157905794364
11986,0.8415479642001765
26598,0.1861422748854994
31276,0.18275977982268166
423,0.9483801840413463
55414,0.6688726417076348
23612,0.9482436236816674
20763,0.9482436236816674
45310,0.2889407117946132
35746,0.17588974326652382
51266,0.46726753224925416
71283,0.3631875288877684
74509,0.7962519433589647
58050,0.9501134501449641
6304,0.7512710618093198
47428,0.9444934661120215
51195,0.4075381318542796
64303,0.7536030925669146
20329,0.4153956048573469
45303,0.48981049623933776
26808,0.33058111685364927
68491,0.9482436236816674
21699,0.9482436236816674
1152,0.342304298499937
43919,0.697907475103996
1557,0.23120719357956218
70186,0.9452708096978863
22098,0.27721753014832556
65252,0.059036093953527456
73057,0.32484558174713224
11441,0.33715702340434467
61017,0.7200722719441993
33540,0.21099626034707342
61833,0.13668641539560486
59911,0.9470881129459222
61685,0.6581579057943611
9279,0.675763687549897
19378,0.27833102231186185
15077,0.46485146434724145
74903,0.3458128492793815
4167,0.9469305433001386
46409,0.03273246775074582
26579,0.7545064918694063
77230,0.7341064750619773
40694,0.3072187907054918
16787,0.06277574688012101
41774,0.3940081516030085
66493,0.6484516156141015
42239,0.048951636623387536
7646,0.11870246649018866
29356,0.8017773856044371
64566,0.5695617462918611
15536,0.052901382411025676
70808,0.08033951006344804
23118,0.3072608092777007
27974,0.7516702382453045
56306,0.0649397033488802
21459,0.7209336526744821
59184,0.32923652254296404
65753,0.43970334888020507
58435,0.5899722677423421
63298,0.867336862893399
9298,0.5796882221942098
71045,0.34116979705029626
74513,0.8587125509475187
16025,0.8525778394050171
46197,0.5912433295516618
28669,0.6264023698474724
48193,0.728265893524938
58136,0.3418420942056389
24266,0.7674692213958569
69385,0.7745493508130593
5273,0.21734106475061976
44540,0.8001176520021849
22943,0.5704021177360393
41165,0.7553888818857936
42827,0.8017773856044371
47278,0.05154628345728812
38912,0.17477625110298753
50780,0.6480944577503257
39586,0.3150972729946636
38617,0.44361107609563427
74372,0.15960754653556872
46736,0.06309088617168788
12940,0.5784696836001513
30946,0.17427202823648055
48018,0.8016303206017059
28689,0.5971259296609102
54680,0.4811126517920921
10863,0.2519013403924535
69655,0.5543720324383378
3406,0.47911676961216854
59631,0.0488675994789697
44899,0.7753477036850288
13182,0.6494810706332199
25413,0.17654103113576203
50723,0.052901382411025676
13043,0.7061221059708392
65897,0.5814319929408799
59816,0.4648724736333459
32609,0.461574015714946
44692,0.804245976721711
74176,0.6964788436488929
15008,0.13775788898693223
11915,0.5978402453884617
24183,0.5383839657128452
7750,0.6631791251733267
13415,0.456804907769234
36882,0.7210176898188999
74398,0.09036093953527459
72040,0.29217614185469976
16544,0.7017311651750074
43499,0.7137904953989663
2471,0.32467750745829654
7164,0.7792134123282491
8220,0.5001050464305222
50919,0.5100844573301399
69809,0.379448716332619
63532,0.052901382411025676
41909,0.8049287785201059
52634,0.8339846212025716
63210,0.5032354300600865
59535,0.3360330265977562
50510,0.7906844825412832
56978,0.7985839741165593
65711,0.3614017395688895
7015,0.804245976721711
8952,0.3409176856170428
4744,0.7774381276524224
62496,0.04622042942980798
7102,0.23673263582503465
13510,0.3125551493760242
26105,0.7658094877936047
36123,0.13206437245262406
44677,0.49132316483885874
17706,0.2793394680448758
10962,0.8037102399260473
71602,0.5844993487121307
51885,0.6022311861842934
59465,0.13859826043111056
21182,0.27215429219715115
36254,0.7141056346905333
67060,0.5810748350771041
51058,0.24446405311147526
36776,0.08515063658136897
51291,0.24557754527501155
64408,0.24841379889911339
73300,0.8507920500861381
9326,0.31871087020463046
25494,0.4010042438757931
75910,0.7648220513466951
33685,0.5372074456909953
18056,0.7965040547922181
12877,0.709693684608597
43983,0.33652674482121103
11865,0.34860708433127446
24296,0.05154628345728812
46486,0.36928022185806125
20106,0.590886171687886
40377,0.5106096894827513
59182,0.8189209630656751
22031,0.867336862893399
68825,0.35627547375940166
12524,0.8676835161141224
59021,0.5941636203201816
39178,0.03086264128744905
25973,0.5732803899323501
13810,0.5581747132232447
35547,0.22440018488171773
4155,0.5688474305643094
17220,0.437455355267028
3899,0.8196562880793311
19522,0.23269885289297873
10053,0.16759107525526282
26316,0.7037480566410353
66243,0.8669902096726753
72171,0.25122904323711076
39413,0.5899722677423421
57267,0.6922349678557923
24233,0.05046430522290852
41946,0.2580045380057986
16709,0.05286986848186898
43131,0.6588932308080171
22779,0.04945585948989453
59637,0.49684860708433126
59641,0.24103953947644854
69619,0.05403588386066641
51493,0.35066599436951135
24838,0.4850623975797302
22837,0.7486869196184713
16129,0.6129879406697761
4193,0.7359132736669608
79116,0.2522374889701248
54436,0.38604563216941895
47854,0.2865666624648095
50458,0.3360330265977562
21973,0.245094331694609
892,0.7489600403378294
61025,0.8103701836211604
26803,0.37589814698096563
9516,0.7906424639690743
11302,0.7492961889155006
70788,0.2867977646119585
42321,0.01056767091054246
78729,0.1367704525400227
20578,0.6264023698474724
42489,0.3740913483759822
42988,0.804245976721711
64333,0.15000630278583135
17217,0.05187192739190722
64990,0.5658641119374764
13604,0.06674650195386361
16772,0.23835035085507794
57372,0.027732257657884785
25615,0.05286986848186898
67076,0.5766208664229588
1359,0.5440564729610489
5132,0.4930039077272154
76313,0.4159838648682717
56745,0.8017773856044371
62759,0.3203285852346737
43752,0.4086516240178158
72511,0.14286314551031556
51601,0.3444892642548006
58186,0.5546241438715912
41353,0.4357956216647758
71836,0.25095592251775284
73352,0.04953989663431237
28141,0.6078406655741838
40076,0.5221227782679945
62625,0.02970713055170385
38848,0.21652170259254588
75614,0.87243161477373
37575,0.7682675742678264
21079,0.1478213370309677
20831,0.7469011302995924
59170,0.804245976721711
450,0.39829404596831797
5365,0.12710618093197193
36672,0.09136938526828858
38363,0.19536535148535653
18858,0.00044119500819362164
4540,0.2580045380057986
46388,0.28936089751670235
74652,0.1589142400941216
59835,0.7718391529055842
19473,0.1953443421992521
51116,0.20465145594352704
4859,0.9743161477373
70353,0.8984936341863103
16714,0.03285852346737258
20330,0.38549939073070294
68510,0.9678452876171267
43026,0.48508340686583473
41250,0.9678452876171267
64364,0.2363964872473633
3377,0.12599268876843564
9637,0.790579436110761
14235,0.34587587713769485
34141,0.42531198789865127
31942,0.4803983360645405
2754,0.022900121853859406
28951,0.34604395142653055
7057,0.5930501281566453
70486,0.1460565569981932
45583,0.6552586243119459
48314,0.40875667044833813
36104,0.88774738434388
78854,0.10078154544308583
26898,0.9559960502542123
37225,0.8217151981175679
11135,0.9000588260010925
37378,0.8165259044497667
58916,0.4154166141434514
19898,0.25965376696499853
33501,0.2308920542879953
1911,0.5981763939661331
52653,0.3199924366570024
19632,0.2194419933610656
39912,0.2180238665490147
57850,0.48031429892012273
15078,0.8333963611916467
19824,0.3821799235261986
12029,0.394260263036262
58392,0.8594058573889659
66617,0.8344048069246606
1664,0.45955712424891804
76395,0.6500693306441447
52436,0.3081852178662969
34818,0.14763225345602757
24370,0.17288541535358629
65691,0.8879154586327157
40365,0.8069456699861338
76438,0.6395436783058112
14298,0.048825580906760785
46043,0.5489936551955964
11378,0.6025253161897559
47200,0.4073700575654439
64609,0.3087734778772217
7736,0.633345938904996
61202,0.737573007269213
24199,0.9734022437917559
41733,0.8211269381066432
60820,0.2264170763477457
70913,0.31335350224799363
28793,0.9121286608681037
41743,0.9344300180679861
3743,0.9007206185133829
72663,0.6821715198117567
74964,0.9757762931215597
12085,0.24467414597251988
75245,0.4426446489348292
35675,0.7498424303542165
6093,0.5236984747258288
72981,0.5103785873356023
21662,0.6929913021555527
68444,0.22753056851128198
39762,0.9007206185133829
70340,0.748812975335098
29136,0.2883104332114795
21553,0.4382747174251019
59232,0.24307744022858105
39266,0.9805454010672717
3091,0.9742216059498299
56589,0.7238749527291063
43203,0.7145048111265179
78948,0.3120929450817261
71730,0.31261817723433755
60588,0.39659229379385685
74838,0.9006050674398084
48905,0.4287154922475734
44841,0.5419555443506029
72997,0.47317114164460694
20710,0.9121286608681037
32585,0.8992919870582797
2507,0.7111853439220135
17605,0.6524013614017395
49670,0.7941510147485188
18090,0.33459389049960087
60201,0.3574309844951469
15197,0.8079120971469389
58480,0.5649397033488802
21816,0.7938148661708476
15437,0.6646287659145343
62586,0.46527165006933063
25053,0.5121853859405858
77541,0.49018866338921807
24257,0.8984936341863103
21905,0.21881171477793185
20968,0.5048321358040254
63123,0.8870750871885372
72092,0.899806714567839
77672,0.8725366612042523
5711,0.3584184209420564
58824,0.23078700785747297
44886,0.6958695743518635
7016,0.6045842262279928
56626,0.14614059414261105
71991,0.37024664901886634
11305,0.749128114626665
13563,0.9769948317156182
60483,0.5271650069330645
52646,0.47409555023320316
34083,0.28828942392537504
10026,0.7050716416656163
77195,0.12773645951510568
76904,0.2079289045758225
68424,0.3047396949451658
35546,0.8080381528635657
1113,0.33553930837430146
46027,0.8201395016597336
37673,0.9743161477373
16938,0.9686541451321484
5113,0.4889701247951595
68515,0.898987352409765
64495,0.9743161477373
2093,0.8157065422916929
68210,0.4563637127610403
10487,0.7934997268792806
9353,0.5735114920794991
2946,0.31715618303290055
9459,0.8647212067733938
59000,0.17109962603470733
52570,0.3082272364385058
77764,0.6252993823269885
11329,0.8874112357662088
30212,0.1570023950586159
35925,0.6313920752972814
17008,0.7052187066683474
42197,0.3868860036135972
32384,0.2180238665490147
57468,0.8575990587839825
16637,0.6454052691289549
14549,0.2691499642842136
54244,0.44184629606285974
63806,0.5385940585738896
72239,0.18691961847136432
27869,0.7185806126307828
18370,0.23532501365603598
37598,0.7782679944535484
69706,0.38276818353712344
74891,0.21927391907222993
62766,0.898987352409765
42806,0.2470271860162192
38063,0.5626917097357031
13424,0.49894953569477707
70566,0.24114458590697088
49265,0.9676036808269255
29270,0.5485944787596116
64319,0.8992919870582797
34104,0.3709609647464179
9369,0.19547039791587884
2873,0.898987352409765
67235,0.271229883608555
66330,0.3032270263456448
78941,0.9743161477373
57936,0.07989831505525442
55928,0.8965922937938569
36215,0.8731039119290727
21815,0.9722467330560107
52081,0.8879994957771334
75839,0.8494054372032439
40317,0.7821126938106643
75815,0.3352241690827345
53050,0.7380982394218245
6350,0.33686289339888237
26330,0.6261397537711669
8567,0.4688852472792975
18816,0.3538383965712845
16131,0.26532627421320226
25320,0.5357578049497879
21555,0.33752468591117274
58610,0.40589940753813186
62882,0.5857809151645027
67536,0.3078280600025211
74149,0.04619942014370352
42739,0.42379931929913023
67251,0.4003739652926594
25368,0.6509727299466364
14733,0.009538215891424008
13616,0.6147527207025505
64488,0.22555569561746291
41998,0.33064414471196274
21869,0.2838774738434388
33870,0.06964578343627884
20116,0.8191730744989285
19333,0.2792134123282491
45780,0.33752468591117274
4442,0.5576074624984243
19065,0.47176351947560824
60365,0.6460145384259843
13301,0.5800453800579857
19451,0.024265725450649187
34726,0.4668683558132695
49949,0.03848901214336736
55166,0.8002226984327073
60685,0.4794319089037355
76682,0.22093365267448214
11172,0.48315055254422457
39730,0.48983150552544225
6730,0.08244043867389386
72121,0.12916509097020884
48919,0.2825748981049624
67394,0.5095172066053196
62362,0.2249674356065381
54335,0.3391529055842682
22616,0.38182276566242285
20271,0.412601369805454
52681,0.03052649270977772
70724,0.3144039665532165
71736,0.47928484390100423
52178,0.6894197235177949
1020,0.7441489138199083
40286,0.38869280221858066
78862,0.2198411697970503
29486,0.6038278919282323
2700,0.4637589814698097
52490,0.7690028992814825
22301,0.4472877011639144
41771,0.8087734778772218
5459,0.6886633892180344
49251,0.3344678347829741
14083,0.24637589814698094
33382,0.3714441783268205
36895,0.20467246522963148
35780,0.7745913693852683
47289,0.7994453548468422
32994,0.23330812219000796
38088,0.4268036472120677
35123,0.513803100970629
64350,0.3594268666750704
8302,0.25396025043069037
22792,0.32175721668977686
44297,0.43667801168116305
67075,0.4996218328501198
17887,0.8748897012479516
41912,0.2904113618219253
34738,0.07346947350729022
40678,0.44718265473339214
34295,0.0836799865540569
52956,0.3570738266313711
36367,0.19952519013403924
71409,0.04659859657968821
43830,0.9305433001386613
74393,0.20984074961132823
10322,0.2906214546829699
75692,0.5574393882095886
19179,0.6749233161057188
5984,0.47680574814067817
72442,0.9049434850203789
63816,0.9256691457624271
27016,0.0637106601117694
57332,0.6832009748308753
14727,0.9093659397453674
31579,0.7860309256691457
7414,0.21900079835287198
49745,0.8569267616286398
16144,0.4121181562250515
32880,0.060548762553048446
27261,0.7052187066683474
15286,0.16374637589814697
68178,0.9305433001386613
70701,0.38682297575528385
5381,0.5433736711626539
21864,0.025106096894827512
58946,0.760641203411908
78208,0.2597378041094163
36734,0.10023530400436992
55342,0.4080003361485776
29998,0.7702424471616455
19411,0.28339426026303627
39613,0.5135089709651667
65381,0.010357578049497877
61105,0.5669986133871171
72884,0.6406571704693474
14924,0.6807849069288626
18226,0.9254590529013824
53988,0.7860309256691457
3485,0.9254590529013824
11409,0.05897306609521408
64558,0.0018067986049834027
3416,0.7924072440018488
3240,0.34911130719778144
67371,0.5612000504222867
170,0.30787007857473003
3035,0.6442077398210009
23561,0.12050926509517208
66022,0.8291524853985462
31682,0.8138157065422917
29482,0.3422202613555192
71356,0.5879028530610529
74155,0.5076263708559183
21638,0.21229883608554978
13908,0.5117441909323922
66807,0.9256901550485314
69349,0.10750451699651246
41356,0.7399260473129123
21034,0.023068196142695074
52419,0.013256859531913107
11448,0.14273708979368882
69242,0.7015210723139628
68047,0.3873061893356864
27411,0.01021051304676667
18840,0.6937056178831044
47260,0.7660405899407539
21193,0.08517164586747343
11146,0.8243413588806252
69149,0.08590697088112946
49290,0.44226648178494893
54282,0.3850792050086138
63176,0.595928400352956
65545,0.12294634228328921
29852,0.7489180217656205
78754,0.6793772847598639
48529,0.5431320643724526
25359,0.48491533257699904
62338,0.7085801924450608
8710,0.8420942056388924
70976,0.6105298541955544
60084,0.07271313920752973
48123,0.21032396319173075
45218,0.8129123072398
28914,0.6377158704147233
75541,0.18874742636245223
66592,0.44136308248245726
9484,0.6347535610739947
32048,0.5433736711626539
22569,0.07697802428673474
7049,0.5156098995756123
25689,0.19721416866254884
9755,0.35469977730156727
14938,0.9241984957351149
38228,0.9305433001386613
20237,0.4004790117231816
50190,0.2243581663095088
76833,0.3763183327030548
18078,0.6372326568343208
72927,0.9123072397999916
5172,0.6422538762132862
43879,0.4081894197235178
48111,0.7025925459052901
62682,0.9034413210639102
44871,0.11744190932392118
11009,0.25559897474683807
30886,0.2523005168284382
18033,0.5317240220177318
58749,0.71597546115383
36791,0.5401277364595151
39633,0.9314466994411529
67887,0.07309130635740997
7875,0.1944619521828648
19075,0.9305433001386613
47569,0.689335686373377
78866,0.08912139165511157
42511,0.28125131308038154
17652,0.26511618135215764
39696,0.20242447161645447
793,0.42634144291776965
25665,0.7610193705617881
48966,0.36014118240262194
70234,0.8658136896508256
6828,0.20868523887558302
62959,0.786776755325854
27072,0.9256691457624271
24358,0.4980461363922854
76947,0.49703769065927145
56523,0.9254590529013824
33515,0.4549140720198328
1934,0.527375099794109
50607,0.0637106601117694
27278,0.73303500147065
55334,0.9230429849993698
48348,0.3462330350014706
50947,0.5543090045800244
17585,0.5845623765704441
3670,0.2943611076095634
1334,0.9294508172612295
1245,0.9254590529013824
31237,0.21721500903399305
47997,0.697634354384638
51437,0.5321021891676122
48282,0.08393209798731038
57256,0.5845623765704442
1777,0.9314256901550486
77589,0.9254590529013824
4630,0.9305433001386613
24894,0.4312366065801084
56870,0.9262784150594562
25294,0.5468507080129417
26668,0.16710786167486028
59205,0.09592840035295601
58445,0.6695869574351864
70690,0.9256691457624271
45331,0.8399932770284466
29859,0.18105802764822052
23685,0.7387705365771672
67488,0.21324425396025046
48056,0.14095130047480986
58525,0.3553930837430144
33150,0.16458674734232528
63545,0.17668809613849323
7320,0.5196016639354595
70267,0.49025169124753143
18547,0.8578826841463928
9869,0.6788100340350435
77533,0.34688432287070886
60023,0.6659313416530105
478,0.3891129879406698
13458,0.6020631118954577
58381,0.3242993403084163
48234,0.3732299676456994
9820,0.2449892852640867
61378,0.3053069456699862
1311,0.2959368040673978
16058,0.31740829446615404
65377,0.06609521408462542
28015,0.11731585360729442
79070,0.2857893188789445
24000,0.4132106391024833
50421,0.22801378209168452
3825,0.11845035505693517
49978,0.17582671540821046
34355,0.21437875540989115
8199,0.023005168284381695
8040,0.3442371528215471
51896,0.1809529812176982
57334,0.1626328837346107
21616,0.1748392789613009
49593,0.32524475818311693
70204,0.3512332450943317
26639,0.028152443379973944
74386,0.7232446741459725
77652,0.44607966721290815
77562,0.10174797260389094
30086,0.3630824824572461
37098,0.11435354426656581
72075,0.49226858271355933
3570,0.47371738308332284
63286,0.0908651624017816
39306,0.8578826841463928
5414,0.6676120845413672
9951,0.4700407580150426
51217,0.41875709063406025
65273,0.28929786965838905
22700,0.7768603722845496
11076,0.1009076011597126
51683,0.4659229379385688
52175,0.5079625194335896
41560,0.635593932518173
73866,0.3845329635698979
57136,0.22347577629312157
62039,0.32740871465187615
41984,0.1479684020336989
889,0.2478045296020841
41210,0.6319383167359973
49664,0.37348207907895287
7650,0.3345728812134963
43902,0.5671666876759528
63412,0.28740703390898775
73686,0.39928148241522754
58011,0.020736165385100213
39422,0.2751586201100887
71424,0.4116559519307534
50310,0.15983864868271777
47681,0.10872305559057104
50317,0.5469977730156729
56423,0.2939409218874743
54088,0.3543006008655826
77011,0.14393461910164293
49259,0.6244169923106013
7552,0.7305979242825328
76993,0.1255304844741376
39917,0.585150636581369
76077,0.4331064330434052
50630,0.8134795579646203
37444,0.5972519853775369
50934,0.12891297953695532
28897,0.25812008907937306
26527,0.06727173410647506
31301,0.39968065885121223
12418,0.5858229337367117
76152,0.3955838480608429
35806,0.13122400100844575
3144,0.017416698180595824
50394,0.030547501995882177
76179,0.008067565864111939
3326,0.14840959704189252
66342,0.8452666078406655
41623,0.12109752510609688
6284,0.5800873986301945
10007,0.1663515273750998
21656,0.013929156687255766
62610,0.3733980419345351
48847,0.19357956216647756
18066,0.4263204336316652
15668,0.06922559771418968
34023,0.29123072397999916
59262,0.12794655237615027
19281,0.34736753645111135
33327,0.24198495735114922
40265,0.008529770158410017
19279,0.6516240178158745
77709,0.8109584436320855
64438,0.7851800495819151
75049,0.6832640026891886
31559,0.4983822849699567
1855,0.3745325433841758
50999,0.11987898651203832
36451,0.20252951804697675
40855,0.6246691037438548
64168,0.0128576830959284
46730,0.052187066683474094
47716,0.5922097567124669
23694,0.7078448674314046
27849,0.36589772679524346
20196,0.007395268708769276
40205,0.44607966721290815
51338,0.3440270599605026
17840,0.13868229757552838
54849,0.4581284927938149
5400,0.9980461363922855
4334,0.9977940249590319
12931,0.16044791797974703
4602,0.4693054330013866
75062,0.9977940249590319
12814,0.6713097188957519
23361,0.33766124627085176
24945,0.8769276020000839
41037,0.5630278583133745
50989,0.8864973318206647
18631,0.11571914786335562
76571,0.37488970124795157
59427,0.4751460145384259
47718,0.7897390646665826
46527,0.9289045758225135
65087,0.022795075423337113
11946,0.6040589940753812
78607,0.8984411109710493
33312,0.2780579015925038
31793,0.9506491869406277
73217,0.8163158115887222
11701,0.9270662632883734
68768,0.7849279381486617
75563,0.15189713853523257
11970,0.9599352913987983
56690,0.19664691793772848
10820,0.6614563637127611
69438,0.2480776503214421
69072,0.28641959746207823
47005,0.9547985209462583
16920,0.9579183999327703
10608,0.25255262826169167
12456,0.9393251817303249
7085,0.6698180595823353
26473,0.16204462372368586
62466,0.6798184797680574
824,0.6720030253371991
50365,0.3500357157863776
17581,0.17074246817093153
61795,0.2925753182906845
56252,0.435711584520358
56923,0.6274633387957477
39117,0.3323879154586327
29716,0.33665280053783775
45390,0.3157695701500063
38734,0.3962351359300811
64834,0.16118324299340306
60823,0.9977940249590319
17329,0.43085843943022817
45958,0.33072818185638053
25398,0.377200722719442
69229,0.3464641371486197
70025,0.9506491869406277
22066,0.9545989327282659
39043,0.6308038152863567
47502,0.17618387327198623
73122,0.5315139291566872
51325,0.08544476658683138
13488,0.20273961090802137
30030,0.9270662632883734
16783,0.9577608302869868
17662,0.5335938484810286
53596,0.2600949619731922
32090,0.5829446615404009
59539,0.9594310685322913
43258,0.9545989327282659
13004,0.6889575192234968
50823,0.5662002605151476
69828,0.25515777973864445
65690,0.9305643094247658
606,0.5793100550443295
77988,0.0797092314803143
49514,0.313416530106307
9218,0.6224631287028867
55330,0.332766082608513
77110,0.9343249716374639
3871,0.9577608302869868
45565,0.6194167822177402
17636,0.6349846632211437
6578,0.9299970586999454
75103,0.3451615614101433
44986,0.5734904827933948
65947,0.8165889323080803
1265,0.9343249716374639
62969,0.4547249884448927
29560,0.9979726038909198
3025,0.4802722803479138
39317,0.663746375898147
11165,0.4772049245766629
20616,0.9561956384722047
32796,0.7022774066137233
62879,0.1834740955502332
12459,0.9979726038909198
25734,0.9349552502205974
65790,0.9343249716374639
4367,0.5386360771460986
51858,0.9307008697844448
3477,0.9545989327282659
51674,0.06924660700029413
6377,0.9334846001932854
55168,0.9547985209462583
15000,0.19717215009033992
24356,0.9768267574267826
49613,0.7020252951804697
67657,0.46476742720282366
18202,0.4191352577839405
39728,0.2464179167191899
70160,0.37131812261019376
14249,0.5001050464305222
6933,0.9289045758225135
28964,0.9981826967519645
1659,0.255409891171898
45607,0.6480104206059077
74824,0.3633135846043951
25967,0.9289045758225135
12652,0.9981826967519645
36844,0.4265515357788143
66209,0.5197487289381907
9242,0.4659229379385688
12694,0.9579183999327703
50102,0.48386486827177616
19011,0.9547985209462583
19323,0.9465523761502584
25064,0.8123660658010841
66125,0.9547985209462583
23101,0.20013445943106853
69159,0.5829656708265053
76341,0.9506491869406277
19630,0.43445102735409047
72911,0.2911256775494769
73256,0.9592104710281945
78210,0.5212824068238161
25042,0.9981721921089122
48217,0.5005252321526115
34063,0.2875961174839279
17537,0.9982982478255389
69991,0.514307323837136
67773,0.47088112945922095
25477,0.10506743980839532
77219,0.931677801588302
41352,0.5435732593806463
52766,0.898294045968318
20288,0.92865246438926
28937,0.9277595697298207
26548,0.4188201184923736
58187,0.14990125635530904
18519,0.0699189041556368
20740,0.5268078490692886
79232,0.934787175931762
43008,0.43166729694524975
34962,0.6662674902306819
28468,0.9224757342745494
36325,0.9183579141980754
75019,0.9332219841169797
71267,0.49388629774360265
40849,0.4551031555947729
7623,0.18019664691793771
73275,0.7695281314340939
13449,0.9022648010420605
19953,0.9172654313206438
20711,0.936720030253372
23462,0.8856464557334341
75587,0.931677801588302
16513,0.19580654649355014
60277,0.934787175931762
12874,0.9372977856212446
31287,0.692949283583344
57153,0.9331064330434051
71757,0.22984158998277238
16290,0.9331064330434051
14202,0.22458926845665786
73859,0.46997773015672933
47660,0.9079373082902643
12283,0.9564477499054581
5718,0.9297239379805875
69873,0.22290852556830118
16082,0.14380856338501619
49428,0.42842136224211097
2670,0.931677801588302
30567,0.31717719231900504
63595,0.14126643976637673
20114,0.9178957099037776
27978,0.22761460565569983
70728,0.9348291945039708
59390,0.848817177192319
77549,0.5602126139753771
43200,0.6527795285516197
45460,0.14998529349972686
3135,0.9172654313206438
57430,0.9172654313206438
48944,0.16105718727677634
4839,0.10210513046766671
4371,0.5304634648514643
6126,0.5149165931341654
27257,0.9268036472120676
43561,0.07878482289171813
32021,0.17588974326652382
19692,0.9325076683894281
20749,0.4321820244548091
60190,0.46541871507206184
32260,0.365141392495483
43587,0.9342934577083071
26805,0.9181268120509265
5152,0.51531576957015
77371,0.9172654313206438
74732,0.10662212698012523
16776,0.38335644354804826
39600,0.45165763267364173
75446,0.9385793520736166
19929,0.5963695953611498
16203,0.47184755662002603
68222,0.9378125131308038
65427,0.934787175931762
8470,0.1960166393545947
39866,0.67525946468339
14782,0.9352283709399555
76942,0.2781209294508173
73015,0.9320664733812345
66938,0.6293331652590445
29076,0.4006470860120173
19572,0.6546703643010211
46659,0.7030547501995882
74812,0.6711836631791251
79087,0.2196310769360057
57703,0.2596117483927896
34953,0.06006554897264591
3488,0.9331064330434051
55098,0.3182276566242279
6733,0.6921719399974787
16036,0.9172654313206438
17668,0.22963149712172778
4074,0.48737341905122067
32408,0.2437497373839237
38931,0.9362578259590739
65231,0.8963401823606034
24833,0.16494390520610108
42420,0.931677801588302
28705,0.915668725576705
6243,0.3251817303248036
33806,0.9380856338501617
34814,0.33028698684818686
51446,0.6358460439514265
75299,0.4795159460481533
57358,0.276734316567923
5834,0.20721458884827093
37539,0.3256439346191016
56300,0.7075717467120467
63668,0.23133324929618893
36943,0.6942308500357157
28985,0.9233581242909366
42425,0.07487709567628892
42178,0.9167401991680322
24244,0.9300600865582588
23959,0.9342934577083071
22438,0.6425269969326443
52495,0.9168032270263456
52633,0.931677801588302
68977,0.9320664733812345
12776,0.2649270977772175
58619,0.6789991176099835
58678,0.7413546787680154
72413,0.9277595697298207
71535,0.7086222110172695
37587,0.8560443716122527
70791,0.9249968486070843
2847,0.32236648598680623
49950,0.9456909954199757
31857,0.931677801588302
51331,0.931677801588302
3332,0.6426110340770621
19193,0.18801210134879617
63253,0.9046283457288121
44609,0.9352283709399555
45558,0.9352283709399555
9606,0.08922643808563385
2784,0.474368670952561
45229,0.7729316357830162
55253,0.43166729694524975
37084,0.9332219841169797
5616,0.4995798142779108
22926,0.8234379595781336
63965,0.3157065422916929
24086,0.9333375351905543
77732,0.030127316273793017
21761,0.9205428799529392
51377,0.4642211857641077
48751,0.4366359931089541
40423,0.9181898399092399
29693,0.1522332871129039
52142,0.9385793520736166
25603,0.2207025505273331
52415,0.9038825160721039
58974,0.9168032270263456
43863,0.5051682843816967
48247,0.32551787890247486
72397,0.9249968486070843
37678,0.5855077944451447
79106,0.9167401991680322
64658,0.9672465229631496
38181,0.9168032270263456
68858,0.6828228076809951
76088,0.2865246438926005
48744,0.404848943232909
47797,0.5046430522290852
44656,0.19320139501659736
48975,0.3408546577587294
58729,0.6678431866885163
77808,0.931677801588302
44340,0.9172654313206438
8599,0.931677801588302
48426,0.24601874028320517
10929,0.033131644186730536
40376,0.9325076683894281
26191,0.9172654313206438
60506,0.9167401991680322
20615,0.9349552502205976
61691,0.9236312450102946
72986,0.3344468254968696
7020,0.737573007269213
2156,0.8040673977898232
61973,0.8528509601243749
15840,0.7585402748014621
48358,0.37636035127526374
46150,0.8060212613975377
2788,0.6360351275263667
53453,0.9363628723895961
64833,0.807502416067902
55176,0.7294214042606831
46669,0.725282574898105
15341,0.2851380310097063
59004,0.1366233875372915
69412,0.3162527837304088
6453,0.5097903273246774
32819,0.35600235304004374
38761,0.018677255346863316
43756,0.8393419891592084
31759,0.9270557586453213
1580,0.7348418000756335
23654,0.9301861422748855
19353,0.9204168242363124
32633,0.0581116853649313
14796,0.7023824530442456
20015,0.5288247405353165
15545,0.6945459893272826
9948,0.790579436110761
25062,0.7350729022227824
17789,0.554519097441069
50120,0.06241858901634523
29098,0.7364805243917812
54700,0.7313332492961889
20918,0.05378377242741291
56197,0.29320559687381825
19515,0.8074498928526408
40504,0.35638052018992394
42326,0.7803689230639943
10140,0.24171183663179127
30528,0.41478633556031763
11259,0.7362284129585276
43186,0.9204168242363124
18076,0.21404260683221984
60127,0.07956216647758309
29815,0.9204168242363124
28224,0.4053321568133115
78818,0.8109164250598765
63577,0.8372095466196058
54929,0.524622883314425
72282,0.6889995377957057
73175,0.9204378335224169
12123,0.353124080843733
47151,0.13445943106853228
56148,0.5287407033908987
62168,0.28251187024664903
659,0.2777217530148326
75896,0.467351569393672
76669,0.40764317828480184
24620,0.40330476070423127
78696,0.7716710786167486
38974,0.8569687802008487
53698,0.6897138535232572
67072,0.46903231228202863
58190,0.834782974074541
60549,0.832450943316946
27126,0.0523341316862053
20397,0.6888314635068701
44847,0.011870246649018867
50397,0.9253960250430691
28559,0.20891634102273204
21126,0.08977267952434975
49702,0.8338165469137359
19051,0.3436699020967267
20115,0.9204168242363124
56287,0.0998991554266986
35900,0.3718853733350141
40155,0.8640909281902601
23011,0.7802428673473676
79290,0.8373881255514938
45886,0.7349048279339468
60617,0.4399134417412496
56842,0.927139795789739
23024,0.6670868523887559
31370,0.803142989201227
60041,0.510861800916005
47180,0.04638850371864364
75897,0.1419807554939283
56153,0.838039413420732
76885,0.6873818227656624
62422,0.3042144627925543
74482,0.361884953149292
38208,0.6750388671792932
8794,0.5104836337661246
72389,0.8348670112189588
14570,0.24908609605445609
5944,0.9204168242363124
54809,0.8144249758393208
39301,0.415122484137989
22311,0.3791966048993655
72697,0.30358418420942057
70772,0.5694777091474431
51320,0.6785369133156856
39114,0.5104836337661246
6095,0.5481112651792092
71807,0.03260641203411908
28175,0.28490692886255725
18213,0.4197445270809698
15381,0.20549182738770536
43402,0.4269297029286945
33716,0.73963191730745
32975,0.4071389554182949
65206,0.3027858313374512
21884,0.5195596453632506
76201,0.5961805117862095
71923,0.6667086852388756
39156,0.7905584268246565
31218,0.20091180301693348
47739,0.8369154166141435
43740,0.287785201058868
2672,0.7904533803941343
8934,0.0011975293079541157
57756,0.7778057901592504
39223,0.9289886129669314
4082,0.7846758267154081
38346,0.8350771040800034
49137,0.4360687423841338
52331,0.4026219589058364
68011,0.807502416067902
32787,0.8979789066767512
44350,0.40954451867725533
54360,0.012794655237615025
75038,0.4495356947770915
74464,0.07586453212319845
32265,0.5301063069876886
47306,0.32436236816672964
78967,0.8690491197109123
56122,0.7783100130257573
8465,0.4716584730450859
3458,0.8372095466196058
10953,0.3583974116559519
22556,0.8369154166141435
25039,0.011744190932392116
52953,0.6750388671792932
72143,0.7756628429765956
45154,0.7069624774150175
30024,0.10008823900163873
3588,0.8459178957099037
56144,0.5313248455817471
75026,0.3931677801588302
44066,0.5104836337661246
67010,0.3470523971595445
53649,0.4662380772301358
64588,0.7364174965334679
37076,0.7861884953149292
70840,0.07636875498970545
66808,0.07878482289171813
61727,0.6040800033614858
3371,0.680847934787176
21804,0.4681499222656414
70529,0.8157905794361108
67640,0.7292533299718476
45729,0.7924912811462667
17505,0.6650909702088322
61513,0.7681415185511996
47131,0.4951258456237657
45038,0.6906382621118534
61851,0.09088617168788604
66826,0.19076431782848016
34847,0.49686961637043575
24451,0.4815118282280768
11797,0.48953737551997983
44843,0.9184419513424934
30685,0.5854657758729359
24853,0.28127232236648597
51336,0.709966805327955
51828,0.7137274675406529
35160,0.5146014538425984
59944,0.9197865456531787
35291,0.27139795789739063
14963,0.513256859531913
17946,0.40954451867725533
40245,0.40330476070423127
58941,0.22034539266355727
19576,0.3593848481028615
69745,0.41140384049749984
11158,0.04571620656330098
36498,0.8152653472834994
3575,0.3865708643220303
48977,0.2547796125887642
9051,0.691121475692256
69775,0.6352787932266062
70713,0.9278541115172908
1223,0.34858607504517
5903,0.705155678810034
17766,0.6460145384259842
11231,0.9958296567082651
73832,0.21505105256523385
8767,0.2028971805538048
2155,0.32721963107693597
12547,0.05749191142484978
45169,0.34472036640194964
7260,0.6671078616748604
34311,0.026303626202781632
45039,0.051682843816967104
18683,0.6678011681163074
27745,0.9954724988444893
67176,0.6220849615530064
26416,0.253897222572377
34572,0.9759653766964999
41746,0.996880121013488
24735,0.9954724988444893
27445,0.9961868145720407
46983,0.6889575192234968
68580,0.9706710365981763
41717,0.1020631118954578
16497,0.9735177948653305
13384,0.996880121013488
21552,0.6788940711794612
49331,0.9954724988444892
38799,0.9958821799235262
70747,0.47560821883272403
39497,0.328690281104248
30163,0.9728244884238834
64271,0.9958296567082651
19505,0.6612462708517164
52298,0.0924618681457204
38910,0.02229085255683012
5692,0.7687717971343334
26109,0.3734190512206395
26291,0.20389512164376655
12443,0.28360435312408083
27410,0.7038741123576622
206,0.584331274423295
58179,0.9728244884238834
77520,0.7599268876843565
24643,0.9759653766964999
59316,0.9854825833018194
73024,0.9728244884238834
9984,0.032438337745283416
50783,0.19574351863523676
66606,0.9728244884238834
60022,0.9727509559225177
3539,0.9946951552586243
60013,0.5341821084919535
40364,0.5990797932686247
54423,0.7894869532333292
58298,0.6871717299046178
959,0.640089919744527
76434,0.9958296567082651
38470,0.25139711752594646
15924,0.8870120593302241
16690,0.5285516198159587
31446,0.6670868523887558
29370,0.9777931845875877
50158,0.5684272448422202
74247,0.4177486449010462
5519,0.13050968528089416
2601,0.5586159082314383
36652,0.9396823395941006
35540,0.012164376654481281
49262,0.9968486070843312
6801,0.5287827219631077
50160,0.4621622757258708
25623,0.996880121013488
51424,0.8230282784990965
55158,0.14628765914534222
69101,0.10351275263666541
16763,0.10122274045127948
13318,0.9139249548300349
76589,0.5668515483843859
76044,0.7128450775242658
23759,0.0581852178662969
8110,0.18790705491827386
61701,0.09254590529013823
66562,0.5802344636329257
2340,0.6205092650951721
65827,0.08525568301189125
42277,0.9986028824740535
29373,0.7845497709987814
41937,0.7442959788226395
64164,0.974463212740031
50719,0.8244253960250432
64343,0.6887474263624522
12402,0.05399386528845749
68194,0.43100550443295943
616,0.2028971805538048
9333,0.5975251060968948
58982,0.4587587713769486
58651,0.9935081305937223
76135,0.9759653766964999
28795,0.996880121013488
36966,0.27933946804487586
14365,0.6670868523887558
6360,0.9961868145720407
60667,0.27971763519475606
47319,0.9749254170343292
8118,0.13859826043111056
31416,0.8238161267280137
35002,0.7098407496113283
78547,0.6522963149712173
20430,0.996880121013488
74352,0.10115971259296609
75473,0.5204630446657422
8168,0.996880121013488
46177,0.1889365099373923
32601,0.2609773519895794
12090,0.006680952981217699
8067,0.6116013277868818
58740,0.4998109164250599
64199,0.5794781293331653
48155,0.6866254884659021
75274,0.3054540106727173
68595,0.12496323374931721
26241,0.7490020589100382
24438,0.2401361401739569
55219,0.7022774066137233
35789,0.10073952687087694
40801,0.08361695869574352
54023,0.055044329593680406
1477,0.7291692928274297
77012,0.42831631581158874
38517,0.8230282784990965
65030,0.9720471448380185
42033,0.1640825244758183
11629,0.20171015588890287
64774,0.5335728391949242
36642,0.4639480650447498
37500,0.05749191142484978
13106,0.6815622505147275
49747,0.0239085675868734
15163,0.21996722551367706
73885,0.2268582713559393
65434,0.022437917559561326
51,0.0723769906298584
19985,0.6670868523887558
61839,0.21353838396571287
49409,0.05454010672717341
30741,0.9958296567082651
37781,0.5106727173410648
29380,0.05749191142484978
50839,0.08147401151308878
20244,0.9063826211185343
27029,0.05533845959914282
20783,0.8275347703685029
23798,0.6460775662842977
31450,0.4278961300894995
376,0.8603092566914577
8917,0.2437917559561326
40951,0.9970586999453758
21143,0.39207529728139834
42654,0.16124627085171647
29509,0.9428967603680828
63722,0.9749254170343292
27382,0.9728244884238834
66530,0.46878020084877514
8690,0.6460985755704022
62941,0.7628261691667717
65357,0.5784696836001513
78776,0.6996722551367703
75151,0.4836547754107316
20502,0.9774990545821253
21789,0.0581852178662969
9219,0.05749191142484978
33979,0.07449892852640867
47377,0.9720471448380185
26695,0.9954724988444892
68955,0.02052607252405563
10978,0.67681415185512
52351,0.6567082650531536
73631,0.9720471448380185
54407,0.974463212740031
36993,0.6674650195386361
72488,0.9728244884238834
25100,0.5119752930795411
18259,0.9895163662338753
12632,0.9946951552586243
47028,0.46701542081600067
8316,0.14021597546115386
25824,0.5804865750661793
9013,0.7288541535358628
41541,0.9720471448380185
37597,0.679293247615446
4261,0.06435144333795538
63411,0.34673725786797766
5028,0.39369301231144166
45853,0.21265599394932563
21249,0.018824320349594522
69099,0.7455355267028025
20194,0.5296861212655993
57736,0.4241354678768015
14621,0.5109983612756839
15994,0.014013193831673598
69286,0.6490608849111307
39220,0.6046472540863062
32693,0.7555779654607336
9361,0.31717719231900504
36068,0.7867347367536451
43909,0.26614563637127614
65573,0.28490692886255725
53879,0.6729274339257952
23203,0.2034539266355729
66258,0.5378797428463381
29025,0.15925038867179295
57967,0.4441573175343502
61657,0.13053069456699862
77117,0.0199378125131308
13647,0.5534056052775327
37761,0.38682297575528385
46020,0.6433253498046136
9158,0.21534518257069624
39879,0.5481532837514181
59304,0.4654607336442708
1224,0.3963611916467078
38238,0.7261859742005967
3626,0.21202571536619186
52078,0.715009033993025
72946,0.30268078490692885
40881,0.8097819236102358
42554,0.6408882726164965
3361,0.4273078700785747
65712,0.168746585991008
43502,0.13389218034371192
15366,0.26093533341737046
62727,0.6144795999831926
61272,0.4062985839741165
66685,0.038972225723769904
51435,0.02292113113996386
27333,0.1536409092819026
17315,0.16118324299340306
23637,0.5829026429681919
23032,0.5537837724274128
16911,0.047754107315433426
11202,0.16124627085171647
55155,0.6892096306567503
54844,0.7918610025631329
50498,0.017563763183327034
16147,0.21549224757342744
63593,0.5505063237951174
14306,0.7334761964788435
983,0.2692760200008404
5024,0.6096264548930628
60887,0.1192907265011135
24931,0.5190134039245345
41496,0.24022017731837472
44747,0.739222236228413
57688,0.28747006176730117
58690,0.06762889197025085
70502,0.6900500021009286
24508,0.5869994537585613
4753,0.6511618135215765
6834,0.2897180553804782
76984,0.34688432287070886
25283,0.6001512668599521
58997,0.739222236228413
70441,0.6236606580108408
46111,0.11397537711668558
26041,0.13332492961889156
45417,0.1715198117567965
67425,0.7271524013614017
19948,0.030022269843270725
57860,0.5109983612756839
41029,0.6480314298920122
22057,0.5093911508886928
31677,0.6062229505441405
70213,0.12855582167317955
41164,0.7354720786587672
21850,0.04311105508634817
15232,0.20895835959494094
59279,0.6916887264170763
69626,0.7529307954115719
35185,0.037585612840875665
52509,0.8441321063910249
62003,0.12504727089373505
21243,0.017017521744611117
50257,0.2307239799991596
75508,0.003991764359847052
64874,0.6375688054119921
59613,0.3937350308836505
415,0.44953569477709143
63695,0.4949157527627211
71610,0.427917139375604
62343,0.6733056010756755
50318,0.9355225009454179
69109,0.6909323921173159
24134,0.013593008109584437
4672,0.022584982562292532
42798,0.4277700743728728
43579,0.11153829992856841
43739,0.5332366906172529
76868,0.3556662044623724
33283,0.9349972687928064
16434,0.1363292575318291
39979,0.5647296104878357
56318,0.07729316357830161
14243,0.1365183411067692
73511,0.9208370099584017
28926,0.16807428883566536
47178,0.6488087734778772
78710,0.15471238287322997
74771,0.174524139669734
63082,0.3811084499348712
68159,0.5636791461826127
23056,0.2596327576788941
71051,0.35646455733434185
67637,0.3094037564603555
9587,0.874679608386907
8412,0.4131266019580655
33338,0.8463590907180975
14920,0.46707844867431403
49876,0.29541157191478634
2861,0.037711668557502416
23486,0.7668389428127232
64911,0.1745451489558385
29257,0.632337493171982
37092,0.8957939409218875
12322,0.8920332787091895
27145,0.7045674187991092
16633,0.9208370099584017
45820,0.8130173536703222
38630,0.7107021303416111
39914,0.04010672717341064
68083,0.31282827009538217
45014,0.004853145090129837
28275,0.09863859826043113
57644,0.5362830371023993
11644,0.32595907391066853
46351,0.8361695869574352
65265,0.6039329383587546
71977,0.13305180889953358
42518,0.8369469305433
9339,0.9208370099584017
60448,0.16301105088449094
67531,0.186583469893693
77323,0.30167233917391484
19921,0.7053657716710786
239,0.23467372578679777
26246,0.667969242405143
7661,0.9241249632337493
59791,0.30978192361023577
73671,0.4180217656204042
24975,0.7744022858103281
18992,0.03815286356569604
14499,0.4485902769023909
5949,0.13025757384764067
68653,0.24265725450649187
34554,0.9206899449556705
74825,0.9241249632337493
60821,0.7405353166099417
9544,0.8262742132022353
10350,0.6385772511450062
41720,0.5581326946510358
69654,0.7712088743224506
58915,0.9207004495987227
45580,0.2829110466826337
69482,0.422412706416236
55038,0.5214924996848608
30084,0.153430816420858
47973,0.2605571662674902
10681,0.03153493844279171
60710,0.5242867347367537
43775,0.7695911592924073
30848,0.5025841421908485
50850,0.05704021177360394
64181,0.7864826253203917
37919,0.24990545821252996
72660,0.26499012563553087
22136,0.8380184041346276
51050,0.844321189965965
24605,0.026219589058363798
33713,0.12779948737341906
42027,0.6473171141644607
73431,0.6913105592671961
1990,0.8157905794361108
67167,0.7171309718895752
21654,0.10716836841884113
13213,0.016765410311357618
47595,0.6646497752006387
45792,0.011218958779780663
7805,0.9281482415227531
2440,0.5777553678725997
45223,0.10223118618429346
20462,0.4897894869532333
31171,0.9207004495987227
74760,0.6772343375772092
48674,0.14721206773393838
19764,0.768477667128871
64239,0.23213160216815834
778,0.2147989411319803
27359,0.4875625026261608
8173,0.12288331442497584
30809,0.2010588680196647
31411,0.18584814488003698
64908,0.5254842640447078
54947,0.09296609101222741
11410,0.4754611538299929
3935,0.4928778520105887
47412,0.9208370099584017
17569,0.26047312912307236
49077,0.5498760452119836
18424,0.01777385604437161
63095,0.8352661876549435
18745,0.2820496659523509
10732,0.48243623681667297
54432,0.9202067313752679
26522,0.8311273582923652
65714,0.9208370099584017
32064,0.6573595529223916
21952,0.5222488339846212
51117,0.7816925080885752
8658,0.011576116643556454
31666,0.4835917475524181
5016,0.23914870372704733
17685,0.2383713601411824
63487,0.1660573973696374
34893,0.21227782679944537
60017,0.7184335476280516
23054,0.2804109416362032
59197,0.19622673221563933
8800,0.12025715366191857
20360,0.8769065927139796
46276,0.33655825875036766
72443,0.9767217109962604
13866,0.3998907517122568
33194,0.46932644228749104
57673,0.03818437749485273
73331,0.031555947728896167
2453,0.04960292449262574
7399,0.2743812765242237
11480,0.17109962603470733
51933,0.9839278961300896
77534,0.3501197529307954
4319,0.4753561073994706
55242,0.0435942686667507
78932,0.04991806378419261
3365,0.8425564099331906
36588,0.8770116391445019
27947,0.1649018866338922
21220,0.3715702340434472
41044,0.2901172318164629
78082,0.21660573973696376
24160,0.9750619773940081
71825,0.3897012479515946
72149,0.033593848481028615
29768,0.9750619773940081
33491,0.8768540694987186
9446,0.2936888104542208
29477,0.10071851758477247
37833,0.0034245136350266815
73262,0.08895331736627589
32257,0.02355140972309761
19606,0.3232068574309845
52297,0.5854447665868313
34815,0.8761082398420101
52470,0.5853397201563091
15908,0.8768120509265094
16362,0.839320979873104
70182,0.35251481154670367
67169,0.8770116391445019
39096,0.16135131728223875
36500,0.6417916719189882
77340,0.7657464599352913
72760,0.8770116391445019
3062,0.621097525106097
6124,0.18458758771376949
54716,0.4292827429723938
76079,0.1374637589814698
9624,0.02603050548342367
25575,0.4107315433421572
36885,0.22322366485986808
11252,0.9731501323585025
60865,0.17334761964788437
36086,0.6181142064792639
21416,0.9731501323585025
50589,0.09466784318668853
18289,0.7966301105088448
71211,0.03248035631749233
28156,0.07859573931677802
23897,0.1140173956888945
31318,0.3526408672633304
17928,0.17576368754989705
1630,0.20410521450481112
40152,0.9731501323585025
13443,0.7288331442497583
73679,0.24740535316609943
64539,0.3837556199840329
46516,0.8758351191226522
21270,0.5411992100508425
31886,0.5868103701836213
73918,0.6237236858691543
52833,0.21753014832555992
12177,0.016219168872641708
77403,0.5679650405479222
58163,0.646140594142611
31720,0.3463170721458885
2057,0.7285180049581914
51242,0.15630908861716877
67688,0.19490314719105842
63332,0.47560821883272403
24068,0.09057103239631918
48614,0.03818437749485273
21507,0.8769801252153452
6016,0.8033740913483759
21107,0.08105382579099962
6648,0.8208748266733896
67789,0.4370771881171478
58172,0.12042522795075424
71333,0.05676709105424598
69545,0.21629060044539686
61008,0.07340644564897685
57392,0.20097483087524684
28646,0.8775578805832178
70961,0.9506912055128366
52743,0.8768120509265094
37945,0.003235430060086558
27730,0.15338879784864912
17402,0.18477667128870964
30610,0.047144838018404134
46746,0.5616622547165847
6591,0.7863985881759737
44541,0.21372746754065297
28831,0.7871549224757342
69924,0.1783058111685365
21171,0.2128660868103702
52808,0.9731501323585025
10141,0.1050254212361864
42155,0.22755157779738644
34061,0.33213580402537923
45464,0.0877978066305307
9603,0.6741459725198538
12920,0.33655825875036766
57870,0.7560401697550317
3976,0.050107147359132735
57541,0.2569855876297323
33888,0.7505777553678726
22771,0.6013067775956973
60675,0.012479515946048153
23734,0.8894071179461321
17588,0.8768540694987186
67102,0.34617000714315727
9180,0.6694398924324552
37631,0.14798941131980334
30857,0.8769801252153452
71416,0.19059624353964452
42917,0.46993571158452035
73919,0.17910416404050591
9781,0.7389386108660028
16026,0.030337409134837595
53523,0.5641203411908063
66548,0.6551325685953192
1179,0.9767217109962604
9997,0.6988528929786965
38701,0.5476490608849112
53579,0.28238581453002226
43049,0.6018110004622043
64157,0.5521345434682129
28767,0.15637211647548216
74740,0.6031345854867852
9107,0.8777469641581579
61000,0.5789634018236062
56320,0.18967183495104836
68255,0.8776104037984789
26353,0.016324215303164
34235,0.026618765494348506
73178,0.1754905668305391
64142,0.5749401235346023
5838,0.4605445606958276
17830,0.09601243749737383
47759,0.17290642463969075
53617,0.6181352157653683
7109,0.48401193327450737
77264,0.12197991512248414
68410,0.5612840875667046
33054,0.01802596747762511
24372,0.41951342493382077
50574,0.546493550149166
23196,0.2190218076389764
62403,0.2032018152023194
12675,0.4415311567712929
58177,0.025841421908483552
24501,0.7839615109878567
55383,0.013172822387495273
17853,0.03506449850834069
41510,0.01689146602798437
69643,0.599962183285012
29779,0.2836253624101853
11102,0.5358628513803101
58907,0.1315391403000126
33291,0.4017815874616581
52605,0.5472498844489264
3049,0.1999033572839195
68333,0.2897600739526871
49547,0.2036640194966175
44714,0.2612924912811463
69148,0.8403084163200134
34842,0.8779675616622548
36815,0.028761712677003236
64468,0.21736207403672422
701,0.7662927013740073
72071,0.8779675616622548
29811,0.4094919954619942
77060,0.6031345854867852
50889,0.25097693180385733
34748,0.5500126055716626
26440,0.40539518467162483
31479,0.6031345854867852
2068,0.10073952687087691
40671,0.6566242279087356
9176,0.7033068616328416
16013,0.03924534644312786
72391,0.1996932644228749
64709,0.4043237110802975
42845,0.5193705617883104
17677,0.47949493676204885
55589,0.5471868565906131
59674,0.007647380142022774
53598,0.021639564687591914
22278,0.20979873103911928
5920,0.3322828690281104
65404,0.6638514223286692
56310,0.49348712130761796
35830,0.01588302029497038
17541,0.16994411529896214
77218,0.19645783436278833
40119,0.7484558174713222
70326,0.2786251523173242
54607,0.2650531534938443
36525,0.5980083196772973
23551,0.20158410017227615
2920,0.2034539266355729
74115,0.6969200386570864
44772,0.15834698936930122
70942,0.6142800117652003
52777,0.20030253371990417
21022,0.7161015168704568
41647,0.5328795327534771
35733,0.5789634018236062
57694,0.5550023110214715
36524,0.5472498844489264
17389,0.8447413756880541
22355,0.19469305433001385
77528,0.8764443884196815
18749,0.09910080255472918
20406,0.5326064120341191
30724,0.24452708096978867
10935,0.5521345434682129
70421,0.12542543804361528
30805,0.5472498844489264
23413,0.010294550191184504
70262,0.7032648430606329
68710,0.17992352619857976
67438,0.2474683810244128
73114,0.07710408000336148
9496,0.1300474809865961
7594,0.44823311903861507
18867,0.877652422370688
60286,0.8776839362998445
25533,0.19790747510399595
51525,0.6142800117652003
42096,0.20939955460313456
78929,0.5500126055716626
56299,0.5357367956636834
42382,0.12796756166225473
54837,0.6975923358124291
75823,0.8776104037984789
63282,0.5227740661372327
73518,0.5440774822471532
64055,0.877652422370688
46648,0.6478003277448633
738,0.43140468086894407
29474,0.037123408546577585
60659,0.02155552754317408
8834,0.5229001218538594
74416,0.28083112735829235
77490,0.8775788898693223
36418,0.43407286020421026
78287,0.30497079709231484
27550,0.3535442665658221
65903,0.694524980041178
34627,0.35362830371023996
45332,0.2765242237068784
59684,0.9061725282574898
130,0.6969410479431909
24978,0.5622505147275095
61135,0.04139879826883482
64968,0.5331736627589394
4790,0.41384091768561704
32399,0.7011429051640826
3195,0.3794066977604101
31017,0.352808941552166
47199,0.9621412664397663
23325,0.08340686583469893
14397,0.677549476868776
30395,0.7633093827471743
13150,0.730324803563175
61527,0.3794066977604101
36172,0.5101264759023488
29395,0.9633387957477205
25601,0.5282154712382873
62326,0.6087860834488844
34422,0.05042228665069961
37791,0.4910080255472919
32751,0.6009391150888693
9821,0.2761460565569982
33923,0.3794066977604101
59630,0.8632505567460819
9458,0.8448254128324719
55439,0.38189629816378834
53630,0.474368670952561
65556,0.07958317576368755
75188,0.04254380436152779
23730,0.03531660994159418
1644,0.7913777889827304
16278,0.3692592125719569
62287,0.5436152779528552
62130,0.8786503634606495
35256,0.13074078742804318
69033,0.11342913567796965
24943,0.6588722215219126
56540,0.9621412664397663
62426,0.6648598680616833
36137,0.96093323248876
67858,0.5304844741375688
18641,0.9610802974914913
30487,0.3304130425648136
27526,0.7736879700827766
78192,0.3733140047901173
41202,0.8044455649397033
44776,0.4887600319341148
77839,0.68030169334846
42927,0.7702004285894365
50802,0.7133703096768772
66320,0.5338459599142821
43096,0.7588554140930291
24344,0.39211731585360726
51467,0.3900373965292659
45694,0.3577671330728182
75018,0.7414597251985379
7895,0.3567166687675953
40417,0.9633387957477205
11274,0.5277532669439893
74256,0.485692676162864
14630,0.5585318710870205
10349,0.43970334888020507
48989,0.3581453002226984
78270,0.7629312155972942
33520,0.03611496281356359
10274,0.5073532501365604
67941,0.9641371486196899
77832,0.2558300768939871
12836,0.03542165637211647
65228,0.4443464011092903
77135,0.12443800159670575
34855,0.7153661918568006
70459,0.9145342241270642
11845,0.47363334593890505
51955,0.7119626875078785
56211,0.5506533887978486
46116,0.5639942854741796
73020,0.04139879826883482
12865,0.13838816757006597
54819,0.5123744695155259
77078,0.3232068574309845
61218,0.11256775494768688
35598,0.2840455481322744
14719,0.649397033488802
48721,0.4819530232362704
68652,0.38189629816378834
44221,0.5155678810034036
38080,0.030736585570822303
15785,0.6009391150888693
26521,0.38230597924282533
69122,0.12687507878482288
59955,0.5625236354468676
19674,0.011155930921467288
22344,0.9610802974914913
49692,0.013698054540106726
76112,0.07926803647212068
73434,0.48380184041346275
8753,0.17301147107021306
48952,0.0397285600235304
30658,0.46342283289213837
55417,0.091159292407244
79005,0.7224673305601076
75831,0.17112063532081181
75527,0.46403210218916763
33557,0.6331778646161603
28358,0.1360141182402622
11124,0.8058321778225975
19930,0.5409260893314846
55263,0.6789570990377746
7161,0.22141686625488466
47952,0.5363250556746082
46000,0.6374637589814699
44401,0.4044077482247153
18884,0.34140089919744526
36181,0.036304046388503715
10109,0.2276146056556998
15637,0.6915206521282408
32744,0.7580150426488507
48233,0.36942728686079246
39138,0.03848901214336737
17423,0.9193033320727761
24316,0.6345434682129502
67270,0.9633387957477205
50303,0.7307239799991595
58074,0.845560737846128
56832,0.1263708559183159
12198,0.0402327828900374
8735,0.09036093953527459
48839,0.46006134711542507
47970,0.12496323374931721
54314,0.6735156939367201
13369,0.7660195806546494
26721,0.5084457330139921
75568,0.13414429177696544
3292,0.7446531366864154
17339,0.5369133156855329
18080,0.5386150678599941
34721,0.3343417790663474
48087,0.40978612546745663
10873,0.3900373965292659
58189,0.5276692297995714
76245,0.5326694398924325
17427,0.3900373965292659
73268,0.595424177486449
66261,0.6749443253918231
1784,0.743854783814446
48243,0.6523593428295306
36231,0.21078616748602882
50529,0.2674482121097525
61110,0.6309508802890877
48466,0.7660826085129627
31796,0.39087776797344426
5463,0.28912979536955336
68745,0.9621412664397663
78544,0.47928484390100423
67004,0.18170931551745872
65952,0.7122568175133409
68756,0.8598890709693685
15874,0.5620194125803605
71838,0.3147191058447834
8968,0.30341610992058493
77345,0.5651497962099248
24658,0.06346905332156813
17413,0.5386780957183075
66433,0.48529349972687924
14013,0.45854867851590403
50711,0.5891634102273204
68013,0.41972351779486533
23909,0.45772931635783015
26142,0.6056346905332156
29191,0.04817429303752258
41096,0.7140426068322198
3450,0.7187066683474095
10052,0.5409260893314846
49193,0.6580738686499433
72031,0.40963906046472537
16226,0.16557418378923483
55724,0.1828648262532039
68151,0.5501071473591327
7142,0.3577251145006093
20911,0.6152569435690576
31067,0.6467288541535359
42136,0.17899911760998358
25029,0.6029244926257405
53080,0.7643388377662927
53107,0.40354636749443257
41233,0.21517710828186057
20344,0.23185848144880036
41539,0.40182360603386696
62186,0.30139921845455686
76599,0.5638052018992394
68979,0.057124248918021765
21706,0.4759653766964999
64704,0.8363796798184797
67985,0.30121013487961684
60583,0.37047775116601533
40822,0.3616958695743519
67023,0.07063321988318837
53122,0.8341106769191983
31088,0.6892306399428548
19159,0.23571368544896845
76991,0.6148052439178117
62409,0.7689188621370645
664,0.2527837304088407
2119,0.5637841926131351
14072,0.5522921131139963
1131,0.7483507710408001
63220,0.4462162275725871
60309,0.25858229337367117
22234,0.17792764401865624
5398,0.5841632001344594
32047,0.20605907811252575
24669,0.7946132190428169
27572,0.8059792428253288
22004,0.3927265851506366
77616,0.6148052439178117
44259,0.7205764948107062
5621,0.23571368544896845
31953,0.6076725912853481
71354,0.6113282070675239
15065,0.6947140636161183
1239,0.4432118996596495
6660,0.6977604101012648
59758,0.5275221647968402
6110,0.793058531871087
71204,0.23571368544896845
55216,0.4703348880205051
15584,0.23571368544896845
38893,0.20868523887558302
70774,0.8374301441237026
48323,0.8591117273835035
58169,0.42955586369175175
61672,0.2313962771545023
67558,0.4048909618051179
6662,0.6719189881927813
6968,0.7063532081179882
39428,0.7522795075423337
18281,0.6293331652590445
50512,0.721521912685407
50702,0.3638598260431111
12304,0.5596243539644523
15304,0.42409344930459264
22033,0.06468759191562672
70845,0.6693348460019329
27950,0.08876423379133576
39236,0.12450102945501912
41099,0.5663893440900879
47453,0.866191856800706
32629,0.3780831127358293
63961,0.36770452540022686
15325,0.8598470523971596
21388,0.7711668557502417
58921,0.715702340434472
10961,0.5565569981932015
30012,0.5830707172570276
73289,0.8454977099878146
2065,0.7010168494474559
63555,0.8454346821295012
24513,0.4304592629942434
68679,0.49634438421782434
42950,0.5071431572755157
77460,0.7616286398588176
52190,0.8447623849741586
51713,0.22034539266355732
62127,0.20704651455943526
57354,0.8844279171393756
63561,0.43837976385562416
24120,0.8242993403084163
2803,0.6608891129879406
75987,0.8932938358754571
9146,0.4046808689440733
14879,0.35177948653304764
47729,0.6650699609227279
25907,0.638755830076894
68281,0.28503298457918397
42370,0.6684734652716501
68999,0.640405059036094
21237,0.5211563511071894
15016,0.504495987226354
73372,0.18265473339215932
41517,0.6355519139459641
33701,0.32877431824866593
79234,0.2548426404470776
14334,0.15183411067691918
20172,0.3979789066767511
30285,0.3016723391739149
23217,0.6684314466994411
78805,0.7674272028236481
61573,0.6367809571830749
32407,0.6237867137274675
55209,0.7229085255683012
37556,0.42617336862893396
52343,0.7429093659397453
64855,0.2767133072818186
2077,0.4460481532837514
43795,0.5714946006134712
25667,0.4343459809235682
22821,0.5677549476868776
2675,0.35684272448422205
67582,0.13481658893230808
21384,0.12458506659943695
27191,0.8844279171393756
14835,0.4245346443127862
59,0.881875288877684
33242,0.5484474137568806
28208,0.8852052607252405
48504,0.40730702970713056
71019,0.5627862515231732
30130,0.6736207403672423
21748,0.9325706962477415
39045,0.8844279171393756
65232,0.2956006554897264
12560,0.31698810874406486
49213,0.692087902853061
77564,0.34430018067986046
1294,0.027396109080213452
37665,0.6416235976301526
74884,0.5627862515231732
70633,0.11315601495861172
7122,0.5988066725492668
5167,0.6402159754611539
48071,0.3869280221858062
33051,0.23507290222278246
25334,0.5885331316441867
45167,0.4256481364763225
15495,0.7876591453422414
58901,0.8860981553846802
61041,0.2839194924156477
66770,0.13729568469263415
33088,0.8860981553846802
78926,0.20175217446111182
5251,0.650447497794025
38293,0.7789823101811
17045,0.8891129879406697
60986,0.24717425101895038
16012,0.47565023740493295
41354,0.4064456489768478
11331,0.20710954241774862
64321,0.3174713223244674
32574,0.9151434934240935
26235,0.887705365771671
30274,0.08613807302827851
77157,0.30888902895079623
49337,0.6521492499684861
39492,0.5346233035001471
45112,0.638755830076894
77956,0.09452077818395731
58731,0.22324467414597252
37694,0.6656582209336527
14324,0.48926425480062186
9048,0.14971217278036894
74382,0.7929744947266691
61684,0.8860981553846802
44942,0.21274003109374343
2954,0.8852052607252405
1608,0.47657464599352917
54392,0.692171939997479
77076,0.8841653010630699
61590,0.8841653010630699
16286,0.6572334972057648
8292,0.8829992856842724
61103,0.6367809571830749
77664,0.30888902895079623
37205,0.8690281104248078
21054,0.22568175133408966
27042,0.10239926047312913
69105,0.6973192150930712
23119,0.4027059960502542
8130,0.888482709357536
54460,0.8859405857388966
16149,0.6258036051934955
864,0.21595445186772552
24799,0.8852052607252405
42531,0.881875288877684
46455,0.30396235135930083
10474,0.8878524307744023
22517,0.3997436867095256
55091,0.26906592713979577
2822,0.6500483213580402
18406,0.22610193705617884
2165,0.3036682213538384
5281,0.36222110172696326
18941,0.7923442161435355
28184,0.8860981553846802
39858,0.8089625614521618
19729,0.567271734106475
76333,0.2717130971889575
68637,0.4889281062229505
70631,0.26601958065464937
68124,0.5627757468801211
74111,0.20107987730576915
42838,0.529854195554435
36735,0.5383419471406362
71375,0.3060212613975377
49030,0.036367074246817094
64481,0.07002395058615908
39910,0.679566368334804
4984,0.16145636371276104
32978,0.09279801672339173
16140,0.4990966006975082
28331,0.5109248287743183
64483,0.08300768939871424
59811,0.7997184755662002
68249,0.08286062439598303
1562,0.5958443632085382
41754,0.5285306105298543
22881,0.4300810958443632
70948,0.14084625404428758
63945,0.3914450186982646
78408,0.32976175469557545
26762,0.6856485566620446
25278,0.5917055338459599
77781,0.30354216563721165
53010,0.6409407958317576
5951,0.2758729358376402
13386,0.2742342115214925
41731,0.3764233791335771
75796,0.21400058826001092
3971,0.06220849615530064
63328,0.63784192613135
59431,0.1618345308626413
72398,0.5613681247111223
13602,0.08628513803100972
54919,0.33429976049413845
37079,0.19755031724022018
2590,0.19551241648808773
50156,0.41131980335308205
40463,0.5273435858649523
42968,0.6371906382621119
76916,0.12487919660489938
4722,0.5351485356527586
16067,0.050800453800579855
65995,0.4990966006975082
68802,0.22832892138325142
2556,0.8153283751418128
44558,0.2922181604269087
28806,0.08075969578553721
72887,0.11097104920374805
78986,0.06733476196478844
58229,0.5986175889743266
73144,0.025883440480692466
72338,0.8045085927980167
15490,0.5004411950081936
77254,0.6408042354720787
44139,0.2579099962183285
64513,0.6856485566620446
26672,0.6409407958317576
9370,0.2437917559561326
24126,0.33140047901172315
19862,0.4634018236060338
1011,0.07870078574730031
43615,0.09624353964452288
48709,0.11090802134543469
5364,0.7570486154880457
1506,0.5555485524601874
42735,0.18906256565401905
22696,0.21820244548090253
38234,0.6389764275809907
19284,0.16101516870456742
40566,0.23793016513298879
56551,0.033005588470103785
34112,0.24391781167275936
49080,0.09624353964452288
24936,0.5286776755325854
33543,0.07002395058615908
7408,0.24175385520400017
17014,0.22236228412958528
14861,0.2787932266061599
3087,0.37883944703558975
78996,0.07094835917475524
30341,0.33501407622169
32487,0.4919324341358881
59396,0.37098197403252237
10247,0.07044413630824824
60361,0.07233497205764948
65283,0.08697844447245683
78895,0.27223832934156894
17749,0.1822135383839657
40712,0.055611580318500775
57115,0.5273435858649523
58621,0.10544560695827555
56796,0.2645069120551284
31829,0.20124795159460485
21149,0.1874028320517669
71533,0.29570570192024875
8390,0.38247405353166103
37740,0.6830959284003529
20100,0.051157611664355646
28185,0.08557082230345814
40383,0.5945838060422707
59999,0.5589310475230052
23089,0.06548594478759612
23660,0.4988654985503593
50527,0.22664817849489474
31148,0.11779906718769696
50776,0.5165132988781042
50389,0.683831253414009
21537,0.6973822429513845
22103,0.6686835581326948
78614,0.2171729904617841
35163,0.4990966006975082
61341,0.103218622631203
24884,0.2024244716164545
5770,0.03964452287911257
20548,0.08223034581284928
18947,0.9236627589394514
49058,0.8760872305559056
22069,0.9076431782848019
26256,0.9120866422958948
40541,0.9265410311357621
6614,0.9077587293583763
52238,0.28089415521660577
66490,0.18744485062397578
8084,0.07519223496785578
501,0.07697802428673474
2336,0.09666372536661205
70473,0.9120866422958948
66488,0.9083469893693011
16653,0.08666330518088995
519,0.9265410311357621
32152,0.9077587293583763
7160,0.9089667633093828
68213,0.9233896382200933
53969,0.9265410311357621
6361,0.7646959956300684
26584,0.9083469893693011
56142,0.5863481658893231
31281,0.7528677675532585
6655,0.916172948443212
50090,0.7982688348249928
45453,0.5244758183116938
17374,0.22425311987898652
59614,0.6586831379469725
57278,0.24223706878440274
59479,0.9143241312660195
4966,0.7318794907349048
37118,0.944745577545275
10047,0.9087146518761293
52272,0.9233896382200933
11227,0.14330434051850918
64058,0.9011302995924199
70054,0.5510525652338334
6219,0.9265410311357621
25237,0.9263834614899786
71234,0.9120866422958948
55500,0.9263834614899786
71015,0.6349216353628303
52197,0.42001764780032774
27567,0.9265410311357621
79228,0.7166057397369637
15635,0.27467540652968614
62899,0.052187066683474094
74052,0.8814340938694903
42279,0.9263834614899786
1770,0.9083469893693011
26284,0.9233896382200933
36477,0.9075381318542796
51941,0.9117820076473802
32747,0.9314992226564142
55832,0.9126959115929241
77606,0.9083469893693011
23815,0.9076431782848019
52715,0.028026387663347196
49283,0.9283163158115887
27836,0.6187865036346065
61065,0.9060149586117063
21303,0.9265410311357621
31424,0.9076431782848019
75763,0.7157233497205765
21967,0.9265410311357621
9816,0.18731879490734904
13787,0.9120866422958948
34594,0.35835539308374303
60522,0.9126959115929241
36673,0.7066053195512416
71642,0.9083469893693011
15649,0.9314992226564142
65697,0.9557334341779066
56791,0.9236627589394514
29179,0.34375393924114456
22062,0.9265410311357621
22151,0.9265410311357621
65229,0.6399638640279003
69546,0.4002899281482415
79159,0.4705869994537586
34985,0.9056052775326694
39098,0.7553258540274802
28369,0.9126959115929241
63970,0.32625320391613094
75363,0.9243035421656373
33167,0.18028068406235556
69729,0.9068343207697801
27372,0.9265410311357621
29975,0.11962687507878483
20456,0.581158872221522
72641,0.9102903483339636
10307,0.9083469893693011
12944,0.7742762300937015
24724,0.9265410311357621
14878,0.9093974536745241
58261,0.6112651792092105
69045,0.053405605277532665
71286,0.9076431782848019
77049,0.9236627589394514
46340,0.6754275389722256
27800,0.9084520357998235
58529,0.9093974536745241
64601,0.45621664775830917
49528,0.2396319173074499
75352,0.9235577125089289
48198,0.9336736837682255
20427,0.9263834614899786
65500,0.9075381318542796
35086,0.9063195932602209
57880,0.9283163158115887
32781,0.9077587293583763
9908,0.5345812849279382
48416,0.9236627589394514
367,0.08727257447791925
56960,0.9265410311357621
18911,0.3879574772049246
8670,0.30144123702676584
52358,0.9126959115929241
51043,0.7673641749653347
63784,0.9193243413588806
64176,0.051157611664355646
62073,0.9541157191478633
38735,0.9384217824278331
23058,0.9069393672003025
61249,0.9077587293583763
20999,0.3042354720786588
45898,0.06227152401361402
23534,0.9233896382200933
73751,0.9031471910584479
2666,0.9236627589394514
62462,0.9235577125089289
6034,0.9135783016093114
16926,0.3240052103029539
63546,0.5708643220303374
53975,0.6481574856086391
24231,0.12284129585276693
31254,0.9337367116265388
30695,0.5454640951300475
49607,0.10794571200470608
39727,0.39142400941216016
65701,0.9076431782848019
61197,0.08038152863565695
55893,0.4344300180679861
76569,0.05542249674356065
8304,0.9236627589394514
46628,0.9101012647590235
64166,0.9087146518761293
67295,0.9265410311357621
71464,0.9378440270599605
57444,0.9084520357998235
74411,0.9126959115929241
77873,0.02346737257867978
16121,0.9125803605193495
10664,0.9076431782848019
43725,0.12042522795075424
58178,0.4271397957897391
4788,0.29555863691751755
59052,0.9126959115929241
26926,0.3907937308290264
68109,0.9311315601495861
4475,0.9265410311357621
8262,0.9083469893693011
43492,0.06035967897810832
12280,0.9087146518761293
61275,0.9236627589394514
41535,0.4488213790495399
33702,0.9147022984158998
4356,0.08386907012899703
75163,0.9263834614899786
28888,0.7570696247741502
54958,0.9263834614899786
46430,0.6453842598428505
24284,0.6188285222068154
77471,0.9056052775326694
43153,0.7543174082944661
52093,0.8416530106306986
77258,0.7259338627673432
77165,0.9182318584814487
16239,0.9126959115929241
74362,0.47243581663095086
15555,0.9126959115929241
11067,0.9120866422958948
8263,0.09477288961721081
66341,0.9265410311357621
21860,0.7543384175805706
27281,0.42146728854153537
22381,0.9084520357998235
6473,0.7704735493087945
75029,0.9777301567292743
52332,0.9265410311357621
17337,0.9236627589394514
12908,0.9343039623513594
52500,0.9573931677801588
57073,0.9083469893693011
5001,0.7607357451993781
69387,0.037312492121517715
74262,0.5376906592713979
42501,0.7584562376570444
27274,0.9140510105466616
26863,0.9081053825790999
45960,0.1748812975335098
77503,0.18292785411151727
14991,0.9170973570318081
9040,0.9076431782848019
35179,0.52714399764696
16209,0.05743938820958864
75505,0.05842682465649818
11171,0.9087146518761293
65383,0.9151224841379889
17459,0.5296020841211816
28843,0.9060149586117063
50925,0.7412286230513887
62198,0.9076431782848019
59332,0.9120866422958948
54338,0.9233896382200933
8367,0.670763477457036
44159,0.7169208790285305
25910,0.9136308248245725
75567,0.4973738392369427
3937,0.3527669229799571
10177,0.9283163158115887
8044,0.6013698054540106
55492,0.9175385520400017
49457,0.904029581074835
12704,0.9087146518761293
70578,0.0731753435018278
61744,0.9068343207697801
40534,0.9263834614899786
45589,0.30660952140846254
76995,0.5390352535820834
33960,0.8294045968317997
58195,0.9056052775326694
59185,0.03529560065548973
40659,0.8807302827849911
28571,0.9034413210639102
52159,0.9263834614899786
43774,0.7952224883398461
17336,0.15481742930375228
32077,0.5210092861044582
48403,0.9084520357998235
45077,0.9263834614899786
33237,0.9075381318542796
13013,0.197130131518131
43189,0.591936635993109
26559,0.9263834614899786
22484,0.32736669607966723
15847,0.9076431782848019
4258,0.16988108744064875
29313,0.9233896382200933
49770,0.9126959115929241
5055,0.9063195932602209
22290,0.8927265851506366
14282,0.1177780579015925
77991,0.9126959115929241
19645,0.7607357451993781
18372,0.7563132904743898
32549,0.6567292743392579
77917,0.349048279339468
8759,0.6693768645741418
56417,0.08767175091390395
23708,0.05626286818773898
23396,0.10578175553594688
75880,0.9731501323585025
58466,0.25263666540610946
8700,0.606979284843901
72918,0.9750619773940081
29534,0.5760326064120341
38287,0.3832513971175259
44362,0.2527207025505273
3527,0.6475272070255053
79244,0.7359973108113786
10028,0.5856758687339805
17246,0.33003487541493337
14619,0.22242531198789864
77262,0.0528383545527123
42003,0.5356947770914744
10783,0.21921089121391654
58327,0.40682381612672797
17168,0.19494516576326734
2597,0.973360225219547
20873,0.2979957141056347
34811,0.9750619773940081
77913,0.5973360225219547
8725,0.3922013529980251
52186,0.46377999075591414
33369,0.5947098617588974
58210,0.21820244548090253
56579,0.053027438127652426
7505,0.34810286146476743
10427,0.17677213328291105
67213,0.44361107609563427
56334,0.38823059792428255
20450,0.08977267952434977
14320,0.684650615572083
10385,0.11204252279507543
185,0.09754611538299929
4353,0.35329215513256856
78200,0.7349468465061557
23529,0.7748014622463129
22449,0.3608554981301735
46862,0.11498382284969956
68874,0.7834572881213496
24195,0.8833564435480482
15155,0.29837388125551495
5841,0.7962939619311736
6564,0.9731501323585025
77619,0.35894365309466786
76206,0.6492079499138619
36154,0.019202487499474768
76683,0.13069876885583429
76932,0.6372746754065296
60063,0.18941972351779487
23439,0.88774738434388
58601,0.9731501323585025
14709,0.6531366864153957
5386,0.420164712803059
10833,0.10290348333963611
61725,0.6815832598008319
62002,0.8830623135425858
63428,0.7137484768267575
38786,0.3992184545569142
20944,0.6944409428967604
18670,0.7100298331862683
41299,0.07622168998697425
6474,0.5240346233035001
25913,0.9767217109962604
13691,0.6654061095003991
66009,0.05231312240010085
4682,0.7803899323500988
60263,0.6196058657926803
45679,0.62756838522627
34890,0.7382242951384512
77627,0.13473255178789023
68241,0.37724274129165086
10120,0.3927055758645321
20512,0.36390184461532
44589,0.2525736375477961
1529,0.7161015168704568
15820,0.26343543846380096
24957,0.6989369301231144
3774,0.5159250388671793
29697,0.40982814403966555
35659,0.21647968402033702
38136,0.32755577965460736
37623,0.38190680280684064
59920,0.059855456111601334
14736,0.008235640152947603
66814,0.08052859363838817
67189,0.08653724946426321
12938,0.1225471658473045
60858,0.0851296272952645
62104,0.08697844447245683
31140,0.7328459178957099
27327,0.14187570906340602
33953,0.16519601663935457
73193,0.7130131518131014
3007,0.009706290180259675
53150,0.8289528971805539
6567,0.4797260389091979
43875,0.009412160174797261
73081,0.12769444094289675
11481,0.6501323585024581
74310,0.47008277658725156
3045,0.08544476658683138
65962,0.46613303079961343
14752,0.15019538636077145
51164,0.24946426320433632
14179,0.21982016051094586
21653,0.34169502920290773
29955,0.2815664523719484
38131,0.7123408546577586
5317,0.43205596873818225
44105,0.47768813815706546
53517,0.03920332787091895
69578,0.0838270515567881
35195,0.42793814866170843
16491,0.21671078616748604
68929,0.09334425816210766
4112,0.14967015420816002
31669,0.2451993781251313
69150,0.8289528971805539
60559,0.04050590360939535
4800,0.48829782763981683
30277,0.18544896844405226
43889,0.14967015420816002
36680,0.6748602882474053
78808,0.6442497583932099
78197,0.14242195050212195
74532,0.7596537669649984
9880,0.08815496449430649
68850,0.6546493550149166
78716,0.4888230597924283
40431,0.14174965334677928
32647,0.06029665111979495
9306,0.6146896928442372
53178,0.6629900415983865
45987,0.14628765914534222
58814,0.7697802428673475
27570,0.4834867011218959
1437,0.1708054960292449
16313,0.4283793436699021
30499,0.3548468423042985
23454,0.14967015420816002
17660,0.1266649859237783
32807,0.08608554981301736
49863,0.01804697676372957
56378,0.02266901970671037
9902,0.6156771292911467
51285,0.22032438337745283
35887,0.19923106012857683
36623,0.6269170973570318
26039,0.6902600949619732
78398,0.6425690155048531
27485,0.0860330265977562
64772,0.05857388965922938
28893,0.7430774402285811
18067,0.5513046766670869
26297,0.20881129459220973
20552,0.09143241312660196
41599,0.08673683768225555
4133,0.019475608218832725
55920,0.2267112063532081
60973,0.6993991344174125
63911,0.7045464095130046
5316,0.22910626496911635
54611,0.3222824488423883
12421,0.7830791209714695
32665,0.6646812891297954
45490,0.3963191730744989
77573,0.588175973780411
23564,0.04546409513004748
59887,0.5028992814824153
46026,0.4209420563889239
39239,0.6646812891297954
77102,0.043972435816630955
15783,0.5506533887978486
26220,0.26091432413126603
18180,0.08608554981301736
6835,0.10147485188453297
71256,0.08673683768225555
30717,0.14557334341779068
17442,0.2473213160216816
40456,0.8294886339762174
7700,0.7204084205218707
30474,0.09067607882684146
26544,0.3535862851380311
35320,0.19689902937098194
4523,0.5939745367452415
60136,0.050296230934072865
16830,0.7820496659523509
34170,0.3183116937686457
58066,0.12632883734610698
53953,0.6439136098155385
66894,0.3577251145006093
21008,0.0452540022690029
50647,0.2288331442497584
10468,0.5530694566998613
69494,0.6134711542501785
51313,0.8288793646791882
24997,0.727026345644775
16247,0.4782974074540947
16669,0.12826169166771714
32420,0.4451867725534686
33767,0.46191016429261733
35651,0.5476490608849112
63868,0.7425942266481784
70733,0.6708895331736627
65268,0.7056809109626455
56307,0.9401235346022943
67130,0.4626664985923778
40130,0.6263498466322114
7170,0.24734232530778608
63767,0.3163158115887222
28411,0.5783226185974201
17385,0.5823143829572671
29946,0.4795999831925711
27822,0.35579226017899906
37050,0.002941300054624144
78075,0.4793478717593176
49455,0.8493844279171393
19492,0.698327660826085
23915,0.46120635320811804
23425,0.33341737047775116
9749,0.41662464809445776
27968,0.8125341400899199
52814,0.7661456363712761
17810,0.37602420269759235
41121,0.8531871087020463
2380,0.17330560107567547
40169,0.12559351233245095
17546,0.41655111559309216
112,0.4897474683810244
62997,0.913378713391319
24727,0.624353964452288
67787,0.4316147737299887
66756,0.6158662128660869
9389,0.6042060590781125
28894,0.6440816841043742
7394,0.34654817429303747
34143,0.5773351821505105
39243,0.09410059246186815
71413,0.6209714693894701
56333,0.07968822219420985
5703,0.7416908273456867
23405,0.18229757552838355
27384,0.5150006302785831
65908,0.15477541073154336
56106,0.48220513466952397
47420,0.6816252783730409
4943,0.02926593554351023
6260,0.4007521324425396
56752,0.41662464809445776
69971,0.5640783226185975
50698,0.31198789865120385
5943,0.9488423883356445
39245,0.18011260977351992
29655,0.3195932602210177
74650,0.3303500147065003
59487,0.33177864616160346
17033,0.4714483801840414
69602,0.47136434303962355
52928,0.7281188285222068
47388,0.6828438169670994
55373,0.007080129417202405
10432,0.474368670952561
60302,0.3357914198075549
23796,0.18204546409513003
3685,0.9420773982100088
59785,0.7043153073658557
32295,0.47417958737762084
35250,0.47514601453842603
50255,0.1056767091054246
18243,0.9256901550485314
35417,0.3031850077734359
7533,0.48220513466952397
15235,0.4608596999873944
23704,0.31600067229715534
51409,0.4707760830286987
34371,0.4299550401277365
48470,0.5947728896172108
14373,0.6924870792890457
52628,0.35448968444052276
72478,0.7317324257321737
15330,0.4580024370771881
69489,0.34652716500693304
9462,0.35282995083827046
73766,0.6045842262279928
9841,0.0874406487667549
7465,0.5246438926005295
56956,0.8726206983486701
22206,0.5428379343669901
52453,0.6681373166939787
35140,0.09160048741543762
71637,0.9408168410437413
21160,0.9429807975125005
15931,0.7394218244464054
44846,0.5623555611580319
34593,0.21866464977520064
62986,0.46120635320811804
62799,0.5958443632085381
19797,0.016345224589268455
3852,0.7188327240640362
64890,0.5152317324257322
28515,0.2727635614941804
16747,0.9412055128366738
77994,0.6802386654901467
30983,0.7774066137232657
22427,0.2902642968191941
26733,0.7405353166099417
43201,0.36934324971637467
60841,0.48220513466952397
43086,0.8652884574982141
36376,0.05506533887978487
15590,0.43157275515777976
64410,0.7758729358376403
74909,0.15883020294970376
38922,0.8160637001554688
1321,0.528614647674272
78343,0.444514475398126
43337,0.5498550359258793
54533,0.8087314593050129
55333,0.758162107651582
40079,0.29892012269423085
18331,0.9412055128366738
68564,0.580381528635657
49608,0.9075171225681752
8487,0.1583259800831968
66088,0.04195554435060297
20861,0.7291692928274296
62295,0.5235514097230977
54487,0.9323290894575402
35572,0.4149123912769444
17431,0.9284528761712677
52222,0.48735240976511623
95,0.9361107609563427
24010,0.9256901550485314
68065,0.5689104584226228
33683,0.9284528761712677
67259,0.8145825454851044
77803,0.7137904953989663
45057,0.31167275935963695
35381,0.9639795789739064
14394,0.22984158998277238
595,0.9284528761712677
10634,0.9291776965418714
76757,0.9456489768477668
40642,0.9615950250010504
39980,0.9284528761712677
66747,0.9639795789739064
70436,0.39031051724862387
45102,0.49136518341106766
72376,0.8145825454851044
59020,0.8088575150216396
19164,0.9267406193537543
62245,0.8952056809109626
70038,0.9626875078784822
42890,0.5268078490692886
4902,0.8998277238539435
18384,0.5251901340392453
41522,0.9102588344048069
21530,0.7552208075969578
21953,0.9284528761712677
38350,0.9284528761712677
40879,0.8956993991344174
64335,0.08853313164418673
73828,0.14391360981553847
31510,0.9291776965418714
69930,0.9327072566074204
51844,0.3735871255094752
44346,0.8951216437665449
76549,0.5113450144964073
17311,0.9659649565107777
28751,0.9284528761712677
53244,0.32381612672801374
45512,0.9417727635614943
43099,0.40516408252447583
14003,0.9302386654901467
30400,0.9008571788730618
55044,0.5191604689272659
42801,0.8952056809109626
67053,0.9639795789739064
13622,0.9284528761712677
17717,0.6108029749149124
41993,0.9134417412496324
5150,0.9383062313542586
15116,0.8381654691373587
43291,0.5086768351611413
19073,0.402600949619732
212,0.9367830581116854
77468,0.832030757594857
74653,0.9820370603806884
38806,0.5306735577125089
41292,0.9639795789739064
13066,0.8953737551997983
62970,0.5210302953905627
20240,0.9291776965418714
45074,0.9306063279969746
44859,0.9376234295558636
16008,0.9348081852178662
59226,0.9417727635614943
59233,0.4127904533803941
24893,0.5342031177780578
59268,0.9456489768477668
68718,0.9669628976007395
27427,0.9083364847262491
74550,0.8908567586873398
70493,0.9302386654901467
44110,0.9417727635614943
78340,0.8839236942728687
8251,0.38831463506870034
5363,0.20706752384553972
62498,0.4192403042144628
66862,0.8836925921257196
6386,0.9360897516702383
68532,0.9669628976007395
15170,0.8796588091936636
73466,0.9384953149291988
76751,0.8137736879700829
33845,0.8953737551997983
13247,0.9248602882474053
18319,0.5370393714021597
76652,0.9267406193537543
28306,0.8952266901970671
29033,0.16757006596915835
77396,0.8366317912517333
77521,0.9417727635614943
72588,0.7308710450018908
66405,0.4650405479221816
77768,0.9376234295558636
54463,0.8093722425311988
988,0.503067355771251
56968,0.3753098869700408
18410,0.1792092104710282
25177,0.8145510315559478
63124,0.48296146896928444
21696,0.29568469263414426
36896,0.7947602840455481
77358,0.9284528761712677
40450,0.9131686205302744
9281,0.9417727635614943
32310,0.9131476112441699
30633,0.43142569015504856
65159,0.8953737551997983
2929,0.9012563553090466
30413,0.9639795789739064
30359,0.7949703769065927
1909,0.28555821673179543
30933,0.6098995756124207
58575,0.9647989411319804
20530,0.8774948527249045
61332,0.47619647884364885
34362,0.7487289381906802
4384,0.9000798352871969
17085,0.3905416193957729
7444,0.5159670574393882
55598,0.38489012143367374
70390,0.8952266901970671
11886,0.8179965544770789
47346,0.9359742005966637
64007,0.7437917559561326
14307,0.6149628135635952
61340,0.5442455565359889
26999,0.9012983738812554
52269,0.9158367998655406
53495,0.40400857178873056
79326,0.9284528761712677
52237,0.7550527333081222
58800,0.9284528761712677
67980,0.9456489768477668
21659,0.9284528761712677
48172,0.4913651834110677
72345,0.39751670238245307
70273,0.9456489768477668
37815,0.5292029076851968
37691,0.8998277238539435
37356,0.7271944199336108
42865,0.9384953149291988
43635,0.8952266901970671
39493,0.9284528761712677
8699,0.4792638346148998
19360,0.8093722425311988
17409,0.29849993697214167
35576,0.7587503676625067
30417,0.8971175259464683
20725,0.29791167696121684
12271,0.8952266901970671
8497,0.9226648178494895
34470,0.6063279969746628
46534,0.8145825454851044
18478,0.578868860036136
78364,0.8063574099752091
31787,0.6435984705239716
37851,0.9639795789739064
512,0.9323290894575402
71690,0.8387327198621791
70864,0.8952266901970671
3334,0.9245976721710996
67801,0.9422349678557923
24790,0.9302386654901467
56587,0.8938400773141728
25445,0.8974221605949829
39619,0.9267196100676499
51501,0.8948065044749779
54813,0.9284528761712677
4545,0.3983990923988403
57521,0.5622505147275095
43611,0.48778310013025755
59146,0.417097357031808
6941,0.8952266901970671
74282,0.8956993991344174
7223,0.8953737551997983
62152,0.9280011765200218
59548,0.7419639480650447
65286,0.8971175259464683
51543,0.9660700029413
21882,0.6427370897936888
65842,0.4006470860120173
78956,0.8649102903483339
65297,0.5179209210471027
5379,0.9528341526954914
15583,0.6491449220555486
8574,0.09580234463632925
25512,0.8971175259464683
8368,0.953779570570192
28433,0.933190470187823
24941,0.9031682003445524
66199,0.9359742005966637
50514,0.8974221605949829
35765,0.4068868439850413
28982,0.9175175427538972
66064,0.9345980923568217
8632,0.485188453296357
28703,0.2327618807512921
49582,0.9443989243245515
24065,0.9639795789739064
53534,0.9291776965418714
34765,0.7274255220807597
29012,0.8953737551997983
54034,0.9417727635614943
37551,0.5225849825622925
34053,0.31654691373587124
17611,0.9267406193537543
35573,0.32358502458086474
67687,0.4990966006975084
55343,0.3451405521240389
73703,0.7137904953989663
54236,0.9383062313542586
904,0.8952056809109626
41092,0.5847724694314888
49151,0.9121601747972604
62060,0.5752552628261691
63177,0.7472162695911594
15415,0.38650783646371695
49238,0.12197991512248413
77940,0.5675868733980419
18643,0.5219547039791589
35848,0.36068742384133784
6390,0.9456489768477668
24551,0.9194083785032984
52169,0.13922853901424428
75266,0.6841253834194715
37757,0.32488760031934116
50806,0.8952056809109626
1533,0.81135762006807
35060,0.9302386654901467
15658,0.8952266901970671
9450,0.5928610445817051
23022,0.8996386402790034
41231,0.3117567965040548
41402,0.5620194125803605
24576,0.9639795789739064
48240,0.9617210807176773
67798,0.6041220219336947
18367,0.9102588344048069
42638,0.7441489138199083
3686,0.7827429723937981
42186,0.8926005294340098
11203,0.8952056809109626
13422,0.5189083574940123
56079,0.9376234295558636
47959,0.35173746796083866
27300,0.48778310013025755
11565,0.9391360981553847
33522,0.9346926341442918
31645,0.1397327618807513
40752,0.9291776965418714
76809,0.8952266901970671
71061,0.1804697676372957
53295,0.8953737551997983
74261,0.5454430858439431
70559,0.4652926593554351
19728,0.8952266901970671
41577,0.7205344762384973
34838,0.8971175259464683
30195,0.5151266859952099
73196,0.8926005294340098
59697,0.9284528761712677
60896,0.8926005294340098
25655,0.9302386654901467
63909,0.10989957561242068
11342,0.8953737551997983
2176,0.8994075381318543
8817,0.3678725996890626
37852,0.41480734484642207
61178,0.47321316021681586
53258,0.8953737551997983
40800,0.9391360981553847
13112,0.9284528761712677
14426,0.8953737551997983
15066,0.5847934787175931
67092,0.8145825454851044
63166,0.9346926341442918
4522,0.8787764191772763
6403,0.8471154250178579
68830,0.6941468128912979
40226,0.8013361905962436
77047,0.27410815580486575
66636,0.9302386654901467
9665,0.9323290894575402
21,0.8998277238539435
50236,0.9391360981553847
76801,0.09706290180259675
6451,0.9952308920542879
63180,0.9501659733602251
47253,0.1876549434850204
11749,0.482709357536031
37997,0.8134375393924115
4921,0.835749401235346
69933,0.9463422832892139
54211,0.9955670406319594
8164,0.7908735661162233
38177,0.8479557964620362
58250,0.5672612294634228
73356,0.07275515777973864
14256,0.05916214967015421
77109,0.9551031555947729
12700,0.7554729190302113
74022,0.7516282196730956
57291,0.9958401613513171
10909,0.4301231144165721
47311,0.6839362998445314
45539,0.7473213160216816
19524,0.6825076683894281
62015,0.9958401613513171
24584,0.029034833396361193
20440,0.7865666624648094
14643,0.7445796041850498
33551,0.4875835119122652
21135,0.27200722719441994
17198,0.48764653977057854
46222,0.8293835875456952
19709,0.7459557124248919
7884,0.3740283205176688
62445,0.031850077734358585
22632,0.4691793772847599
50076,0.9732551787890248
27618,0.1676541031135762
3108,0.9132316483885878
7926,0.3321988318836926
62671,0.696667927223833
57229,0.9953149291987059
75655,0.553972856002353
62399,0.3549518887348208
77603,0.1912685406949872
26270,0.8987982688348249
56007,0.36285138031009706
35593,0.8539854615740157
51604,0.9501659733602251
55823,0.9551031555947729
30803,0.5429009622253035
27076,0.8105802764822051
66837,0.06424639690743308
50022,0.4632967771755116
57397,0.9958401613513171
73653,0.830707172570276
35343,0.7578259590739106
55014,0.015000630278583135
51783,0.9958401613513171
74922,0.8996386402790032
48023,0.6921089121391656
60068,0.4065401907643178
9598,0.95240346233035
59263,0.031850077734358585
9712,0.5094121601747973
52434,0.12979536955334256
47456,0.2566914576242699
60946,0.95240346233035
39777,0.43798058741963947
51535,0.954378335224169
36726,0.7459557124248919
78487,0.6715618303290053
6821,0.9501659733602251
41849,0.9501659733602251
66601,0.8398672213118198
39424,0.41852598848691125
62932,0.5231942518593218
14508,0.6950502121937897
62806,0.5892054287995293
20374,0.3521366443968234
58028,0.031850077734358585
3693,0.996060758855414
76980,0.9203537963779991
1601,0.7445796041850498
76641,0.789802092524896
43155,0.5952350939115089
7815,0.03287953275347704
49350,0.016261187444850625
39009,0.6351527375099795
6735,0.05497079709231481
4289,0.7459557124248919
22581,0.9958401613513171
24515,0.35530904659859663
26876,0.03212319845371654
53620,0.4140720198327661
58335,0.05004411950081936
58583,0.6950502121937897
45207,0.4835707382663137
56879,0.6386612882894239
5632,0.2770914744316988
72099,0.6853229127274255
76857,0.4065401907643178
23799,0.10235724190092022
32522,0.03210218916761209
31567,0.39121391655111565
73355,0.7000084037144418
58514,0.3304130425648137
70692,0.954378335224169
1111,0.9157527627211227
46699,0.95240346233035
47775,0.05497079709231481
8383,0.567817975545191
62867,0.769170973570318
58705,0.8281440396655322
30009,0.8988612966931383
45267,0.9512164376654481
68216,0.31835371234085463
23635,0.9501659733602251
56691,0.3347619647884365
46063,0.7363544686751545
63304,0.9960712634984663
79163,0.9818689860918526
76386,0.9514685490987017
50660,0.45115340980713475
27913,0.2999705869994538
42757,0.95240346233035
47942,0.3570318080591621
26009,0.9501659733602251
59578,0.9958401613513171
63131,0.3796167906214547
70873,0.7696962057229296
184,0.3022605991848397
9512,0.6937056178831044
35935,0.6814151855119963
21312,0.8430606327996975
64510,0.7614815748560865
73962,0.28274297239379803
72253,0.7672801378209169
34724,0.9965754863649733
74253,0.2890877767973445
41722,0.5696457834362788
36856,0.2834572881213496
56442,0.1430942476574646
28256,0.9496197319215094
55716,0.4171393756040169
23505,0.2852850960124375
76203,0.9952308920542879
534,0.9185469977730157
56145,0.5616202361443757
3831,0.184839699147023
37194,0.95240346233035
37404,0.7884364889281062
22526,0.13214840959704188
12986,0.7316483885877557
72279,0.31154670364301024
63968,0.954378335224169
67753,0.5786587671750913
26174,0.7328879364679187
46667,0.3201395016597336
74976,0.6824026219589059
52045,0.6151098785663263
52130,0.2544854825833018
78897,0.4029160889112988
25531,0.9551031555947729
3993,0.6775914954409848
24668,0.6921089121391656
46304,0.9952308920542879
71172,0.914114038404975
59740,0.0887012059330224
17951,0.7250934913231649
38219,0.06878440270599605
37283,0.564519517626791
59403,0.33074919114248497
57027,0.7206185133829153
54914,0.9280221858061264
15730,0.26064120341190805
28107,0.09361737888146561
34313,0.2398630194545989
15669,0.3967393587965881
3882,0.020042858943653097
10797,0.6900079835287197
10992,0.5020799193243414
62684,0.7394218244464054
27477,0.8295096432623219
22560,0.8717803269044918
25728,0.7996344384217825
21972,0.996060758855414
26045,0.155447707886886
59619,0.6419177276356148
9322,0.6950502121937897
4643,0.646644817009118
6321,0.7013740073112316
3056,0.9958401613513171
48876,0.9501659733602251
12319,0.954378335224169
67577,0.9599983192571117
27294,0.9952308920542879
3600,0.6921089121391656
22287,0.7426782637925964
25742,0.8799319299130216
32684,0.4112777847808731
74094,0.5672612294634228
34556,0.95240346233035
39434,0.12046724652296315
17746,0.9952308920542879
3308,0.9807975125005252
26540,0.691352577839405
7283,0.68360015126686
30162,0.05512836673809823
76507,0.40825244758183116
38399,0.33732509769318036
34073,0.2925122904323711
36808,0.3444472456825917
62652,0.08059162149670153
69789,0.2550527333081222
52749,0.36743140468086893
60747,0.3178494894743476
12645,0.33383755619984035
55413,0.2951804697676373
2408,0.6701752174461112
75269,0.44674145972519846
18729,0.575297281398378
35845,0.02216479684020337
26884,0.5946048153283751
52183,0.35879658809193665
61609,0.5520189923946384
18511,0.30820622715240137
40664,0.7433295516618346
28563,0.242846338081432
78533,0.3029539056262868
56681,0.2945291818983991
11096,0.30364721206773393
41206,0.6915626707004496
59315,0.5631539140300013
51870,0.44831715618303286
32926,0.011260977351989582
4077,0.3208328081011807
3578,0.26501113492163536
68240,0.37272574477919235
55009,0.30303794277070467
9336,0.13698054540106727
71479,0.5713685448968443
6115,0.4401655531745032
48600,0.6531787049876044
33940,0.2929534854405647
57296,0.7636245220387411
20774,0.7417328459178957
29165,0.4030001260557166
9860,0.3896592293793857
52166,0.6021471490398757
50659,0.45083827051556785
78410,0.7916299004159838
67708,0.5828816336820876
74593,0.6294382116895667
18954,0.7281818563805201
56290,0.7184335476280516
3207,0.7919450397075507
65489,0.4252069414681288
5631,0.5682591705533846
67751,0.6887684356485567
32736,0.3190890373545107
32146,0.26906592713979577
58361,0.27095676288919707
57034,0.17532249254170343
4113,0.6020631118954577
22456,0.2027186016219169
43320,0.28587335602336233
78674,0.20248749947476785
73743,0.5355267028026388
25875,0.2388335644354805
45135,0.07063321988318837
67266,0.362620278162948
57206,0.767658304970797
22219,0.18507080129417205
69671,0.7462498424303542
51944,0.22860204210260934
48587,0.4234841800075633
16773,0.528845749821421
36127,0.27154502290012184
38670,0.15798983150552542
34095,0.26681793352661876
55047,0.4617420900037817
27216,0.38715912433295513
50803,0.21866464977520064
27258,0.2643388377662927
4960,0.46754065296861214
17224,0.5601916046892726
34190,0.26276314130845835
9967,0.009412160174797261
15625,0.459052901382411
39310,0.4964494306483465
33710,0.7696331778646162
6642,0.2984369091138283
44437,0.19750829866801126
76288,0.5714315727551579
10003,0.08712550947518803
9766,0.29150384469935714
63789,0.02792134123282491
16443,0.18322198411697968
67757,0.10868103701836211
23398,0.1714357746123787
53840,0.7920080675658641
2697,0.27927644018656245
28794,0.5033614857767132
25108,0.28083112735829235
8499,0.7941089961763099
48658,0.45340140342031177
24768,0.32230345812849276
39880,0.7110382789192823
43723,0.36146476742720285
48567,0.31047523005168287
5029,0.2966301105088449
10746,0.1392705575864532
55179,0.22881213496365393
43316,0.8102651371906382
43202,0.9241354678768016
49987,0.31585360729442413
40179,0.9020757174671205
54796,0.31156771292911467
32287,0.3501407622168999
26466,0.10468927265851506
52149,0.6405311147527207
24366,0.365509055002311
15676,0.37615025841421906
38503,0.698600781545443
41278,0.7418799109206269
44154,0.6608681037018362
58474,0.30999201647128033
12021,0.2213328291104668
20097,0.1822765662422791
69296,0.17660405899407539
3903,0.9162569855876298
9237,0.32766082608512964
37323,0.29761754695575443
44041,0.40842052187066685
22941,0.24272028236480525
69567,0.19824362368166729
59818,0.07672591285348124
19756,0.3462330350014707
16205,0.7321946300264717
23302,0.4807554939283163
55984,0.439934451027354
23902,0.5828816336820876
57955,0.8458968864237993
11468,0.4393461910164293
49957,0.06315391403000126
28549,0.3552880373124922
43382,0.8807302827849909
26864,0.9207844867431404
72005,0.8868019664691794
26438,0.07678894071179461
11641,0.7130551703853104
66085,0.7221101726963317
29377,0.7417748644901047
75816,0.5214294718265474
51143,0.42558510861800913
11953,0.40557376360351277
69112,0.35075003151392914
16576,0.37943821168956676
79323,0.40131938316736
67157,0.9207844867431404
29237,0.09136938526828858
29203,0.6625698558762974
22254,0.6764569939913443
16821,0.4913231648388588
5009,0.3033110634900626
4298,0.365509055002311
45415,0.26818353712340853
76467,0.6485146434724148
33896,0.15380898357073827
35549,0.3665910332366906
1800,0.553878314214883
59242,0.026723811924870795
56161,0.8042144627925542
2388,0.04794319089037354
63141,0.40131938316736
73011,0.15030043279129376
31501,0.3237741081558049
6067,0.33314424975839324
3513,0.45930501281566455
23385,0.06563300979032732
38699,0.8434808185217867
40325,0.7958947854951889
19015,0.19177276356149417
45345,0.14044707760830288
38527,0.24156477162906007
20673,0.39750619773940077
78427,0.0483213580402538
75969,0.5795201479053742
57789,0.49037774696415815
26914,0.4172234127484347
2264,0.2480986596075465
7803,0.3911508886928022
3146,0.37943821168956676
3261,0.7120887432245052
42177,0.7559981511828228
27386,0.5819992436657003
17230,0.5904659859657969
67311,0.0663473255178789
31950,0.8858985671666876
68110,0.550758435228371
50011,0.39750619773940077
22503,0.39750619773940077
53234,0.3100760536156981
1512,0.0548972645909492
31696,0.7163746375898148
66481,0.07008697844447245
48787,0.3404764906088491
37957,0.553878314214883
69174,0.454556914156057
13118,0.3298457918399933
15377,0.06091642505987647
78367,0.24223706878440268
13699,0.6735997310811378
49626,0.5401277364595152
12804,0.40131938316736
58585,0.39750619773940077
46492,0.37648640699189045
41784,0.6015798983150552
71401,0.3023866549014665
77595,0.24015714946006136
48898,0.2814193873692172
51004,0.7276986428001176
39926,0.32850119752930795
47932,0.3845119542837934
14040,0.1413294676246901
50834,0.36602378251187023
50605,0.3468423042985
39537,0.40557376360351277
59454,0.2445060716836842
48738,0.19519727719652083
36720,0.20330686163284173
72226,0.3430816420858019
27495,0.10086558258750368
11149,0.4498298247825539
67609,0.3679566368334804
29673,0.44035463674944325
21785,0.5598134375393924
49452,0.7127610403798479
17235,0.11830329005420397
20011,0.40842052187066685
2247,0.06091642505987647
13393,0.9209840749611328
16221,0.38096138493214005
55536,0.40842052187066685
53271,0.5792680364721207
25802,0.45046010336568765
1712,0.3103071557628472
66253,0.3529770158410017
66906,0.17996554477078872
37870,0.7994453548468424
66941,0.10876507416277996
35866,0.39594100592461867
4330,0.6570234043447204
7868,0.9176856170427329
71124,0.12870288667591076
42341,0.6707004495987227
18681,0.795810748350771
21231,0.6131350056725072
3658,0.7218160426908694
61051,0.981427791083659
51106,0.28692382032858527
47941,0.48789865120383213
24242,0.17196100676499013
24409,0.2929534854405647
54092,0.0035925879238623473
21033,0.4828144039665532
8982,0.044497667969242406
5970,0.1567082650531535
48156,0.025106096894827512
67778,0.2968822219420984
28089,0.5528803731249212
36552,0.6522963149712173
38401,0.6291020631118954
72232,0.49481070633219887
3393,0.789844111097105
46127,0.8886928022185806
73233,0.48396991470229844
71714,0.9775410731543343
17078,0.3488381864784235
24681,0.39138199083995123
60665,0.7931320643724526
18676,0.19042816925080885
59264,0.11275683852262701
16485,0.4188201184923736
27087,0.5414933400563049
51631,0.10805075843522838
54584,0.42237068784402704
59968,0.5944367410395395
26486,0.7492121517710828
34298,0.6056977183915291
1287,0.43768645741417705
48399,0.9775410731543343
15060,0.5319971427370899
70128,0.23864448086054035
69534,0.5358628513803101
12455,0.20578595739316777
21700,0.18905206101096686
17216,0.22813983780831126
47476,0.594457750325644
18228,0.09689482751376106
57436,0.9790327324677507
22565,0.24744737173830833
34405,0.5861800916004873
63039,0.40701289970166815
57264,0.3970965166603639
39182,0.09208370099584014
1846,0.347808731459305
7502,0.31784948947434766
9567,0.4297659565527963
73736,0.34520357998235224
61472,0.47375940165553176
75115,0.9812176982226144
5453,0.30289087776797347
705,0.5728391949241565
41458,0.4890961805117862
22445,0.8703937140215975
52772,0.3200344552292113
77859,0.545674187991092
7426,0.3009370141602588
44788,0.5640363040463885
20766,0.21391655111559307
44764,0.9600823564015295
25302,0.4802722803479138
48329,0.1902600949619732
62020,0.388755830076894
76444,0.5578805832177823
3550,0.6251313080381529
1767,0.9775410731543343
72189,0.17160384890121436
79156,0.5187192739190722
30581,0.39982772385394344
42449,0.24288835665364092
21292,0.008865918736081349
52276,0.06928862557250305
13201,0.6760788268414638
15234,0.3065464935501492
76383,0.24461111811420647
9644,0.6939157107441488
53791,0.18905206101096686
25836,0.07578049497878063
57390,0.7515862011008867
50908,0.557502416067902
50808,0.2594856926761629
45611,0.5171225681751335
30485,0.6770872725744779
25186,0.3203706038068827
52475,0.10569771839152904
27098,0.3320517668809614
9666,0.5272280347913778
53014,0.43478717593176186
25588,0.3943863187528888
19337,0.4606706164124543
18473,0.9775410731543343
43437,0.7866506996092273
982,0.11899659649565109
36026,0.27043153073658555
62815,0.4271397957897391
52648,0.9774150174377074
5268,0.6479053741753854
62304,0.5091180301693349
25823,0.5494138409176856
47964,0.08866969200386571
17185,0.2878062103449725
64290,0.32734568679356274
31662,0.23087104500189085
9676,0.862809361737888
75894,0.6600907601159712
52443,0.08984621202571536
15959,0.4564477499054582
22334,0.1866254884659019
54644,0.24532543384175806
63854,0.7012374469515525
50669,0.01825706962477415
51223,0.08293415689734863
37823,0.08293415689734863
13567,0.2811882852220682
35201,0.08866969200386571
71792,0.08420521870666835
32500,0.09645363250556747
17904,0.5915584688432287
74295,0.8208328081011808
69614,0.8701626118744485
5286,0.8579982352199672
77111,0.5355687213748477
6585,0.6163914450186981
35986,0.8507290222278248
2025,0.17395688894491368
23697,0.8577776377158703
7189,0.08293415689734863
62908,0.37770494558594897
66333,0.49712172780368924
21798,0.7545485104416153
69583,0.6054456069582755
67925,0.06720870624816168
27686,0.867347367536451
15390,0.6177885625446448
16259,0.8441110971049204
42083,0.01987478465481743
52254,0.5702340434472036
76204,0.2573217362074037
73182,0.19374763645531326
60612,0.6826967519643682
27,0.6287449052481197
38534,0.5770620614311526
43816,0.8577566284297659
19484,0.4411950081936216
17178,0.7108702046304467
45292,0.08293415689734863
10249,0.4642211857641077
38840,0.75339299970587
5701,0.68360015126686
72710,0.056893146770872725
13537,0.5781755535946888
71631,0.7247783520315979
52799,0.6960376486406993
40729,0.6177885625446448
22839,0.7309550821463087
37887,0.8659397453674526
18616,0.08984621202571536
22389,0.407328038993235
17975,0.08293415689734863
15829,0.8125551493760242
75174,0.08293415689734863
77849,0.08984621202571536
46902,0.020725660742047985
45811,0.18633135846043955
45892,0.6163914450186981
1083,0.08964662380772302
20759,0.07620068070086979
30184,0.37711668557502415
35990,0.02434976259506702
52834,0.7529307954115719
18688,0.8577566284297659
47951,0.504495987226354
19931,0.6143745535526702
60670,0.8670112189587798
10597,0.08420521870666835
52880,0.219736123366528
12788,0.19620572292953486
69186,0.20706752384553972
35482,0.5571872767763351
22541,0.46010336568763394
39116,0.8141728644060676
39594,0.8192150930711374
11144,0.8637337703264842
47290,0.866065801084079
3960,0.6832009748308753
38494,0.6945880078994916
24645,0.07109542417748645
73808,0.09139039455439303
65181,0.23828732299676456
62983,0.8605403588386067
435,0.7012374469515525
78935,0.7854741795873776
25371,0.45535526702802637
51987,0.5546241438715912
2204,0.010252531618975587
68039,0.5764107735619143
30042,0.08984621202571536
48635,0.24853985461574016
78027,0.7243161477372998
40275,0.5709693684608598
33070,0.018824320349594522
38398,0.8479137778898272
27598,0.6143535442665659
15175,0.6771923190050003
49896,0.5156519181478214
25711,0.18620530274381275
70319,0.5054624143871592
70455,0.6177885625446448
43176,0.607252405563259
7241,0.5588049918063785
63333,0.8652464389260053
53390,0.5067019622673222
17317,0.08984621202571536
41151,0.7788352451783688
27273,0.6437035169544939
72852,0.07126349846632211
78350,0.7188537333501408
42478,0.06061179041136181
15946,0.8688810454220764
44298,0.8722845497709987
34137,0.45384259842850544
36973,0.2907895289718055
12211,0.4867431404680869
30807,0.813962771545023
65366,0.6163914450186981
10713,0.8457708307071726
7067,0.7388965922937939
37831,0.8577776377158703
42214,0.6120845413672844
67472,0.6793352661876549
28583,0.3913609815538468
4900,0.8680511786209504
58283,0.6745241396697339
71478,0.1073784612798857
10663,0.08420521870666835
62907,0.8680826925501072
53144,0.07872179503340476
3448,0.12076137652842556
58123,0.029181898399092396
19406,0.5065759065506954
24912,0.692171939997479
46765,0.08984621202571536
74234,0.8077860414303122
42724,0.12296735156939369
65284,0.5980713475356108
15403,0.22238329341568974
4596,0.7657464599352913
47837,0.5053363586705324
44853,0.6646287659145343
62814,0.8690071011387034
46282,0.5540989117189797
54500,0.08293415689734863
19363,0.2711038278919282
64038,0.5374805664103534
12195,0.08386907012899703
55686,0.18775998991554266
26715,0.7140005882600109
76517,0.24217404092608932
54146,0.5209672675322493
31277,0.5733644270767679
3812,0.6953653514853565
13124,0.6785369133156856
2292,0.44846422118576407
17601,0.5568931467708728
55917,0.07485608639018447
13287,0.30625236354468677
16041,0.21324425396025046
69340,0.441489138199084
43474,0.5611790411361822
37931,0.031366864153956044
77128,0.6177885625446448
1660,0.8061473171141644
59415,0.7026345644774991
29023,0.7080969788646582
37368,0.8680511786209504
69783,0.24349762595067018
46630,0.7032228244884239
24289,0.21641665616202363
65688,0.8707508718853734
17176,0.8655615782175721
79297,0.7113954367830582
11756,0.4687381822765662
58952,0.47854951888734815
38290,0.08293415689734863
39143,0.6680322702634566
65196,0.5371234085465776
78247,0.10781965628807932
9429,0.08293415689734863
46613,0.8479137778898272
23766,0.829005420395815
27504,0.055737636035127526
32401,0.8642379931929914
77122,0.6851758477246944
20876,0.020725660742047985
33949,0.604962393377873
16483,0.8084373292995504
2607,0.6262448002016892
6415,0.6163074078742804
7039,0.8650993739232741
6,0.5631959326022101
19548,0.8072608092777007
11664,0.46842304298499937
49614,0.6970040758015043
60956,0.08907937308290265
441,0.6129249128114627
78495,0.5870204630446657
44323,0.5476700701710157
67475,0.19830665153998064
9118,0.856611622337073
18910,0.08293415689734863
4871,0.8488802050506323
6566,0.6172318164628766
27461,0.26345644774990545
7705,0.5973150132358502
69859,0.8852892978696584
77961,0.7950123954788016
46459,0.7014370351695449
27604,0.6756166225471659
24648,0.9121076515819992
78266,0.5236354468675154
29282,0.837997394848523
7665,0.9094289676036809
9822,0.8604143031219799
33065,0.63105592671961
72468,0.9099647043993445
6458,0.4543468212950124
42270,0.9117399890751713
75246,0.7236858691541661
27220,0.38352451783688396
12876,0.5879028530610529
8303,0.5460313458548679
21331,0.780768099499979
59800,0.6159922685827136
53901,0.6624858187318795
25466,0.4718265473339216
49980,0.5739526870876928
13728,0.5654859447875962
22874,0.31423589226438087
4455,0.6493129963443841
3516,0.6166435564519518
24497,0.07363754779612589
57806,0.754674566158242
45105,0.9171603848901215
36661,0.1553006428841548
58391,0.9092608933148453
22561,0.6561200050422286
62709,0.9715114080423547
60524,0.10363880835329216
26568,0.7921341232824908
9954,0.9099647043993445
56088,0.8745115340980713
28523,0.5553384595991427
17960,0.43018614227488544
55736,0.6133030799613429
24277,0.9121076515819992
50673,0.340518509181058
79112,0.5391823185848145
1618,0.5443506029665112
14220,0.6625488465901929
12122,0.8993235009874364
72448,0.5151897138535232
9523,0.9595991428211269
63826,0.7935837640236985
73191,0.1530946678431867
37698,0.5648556662044624
17694,0.6428631455103155
41752,0.684923736291441
72285,0.9232110592882053
63239,0.5352745913693853
42598,0.14975419135257784
65942,0.6297323416950292
16604,0.9763120299172234
4124,0.2581831169376865
46327,0.530862641287449
67574,0.8582293373671163
24332,0.6132820706752384
66559,0.20133198873902267
72020,0.506050674398084
7435,0.5263876633471994
68338,0.308143199294088
16651,0.2839615109878566
51799,0.6154250178578932
63798,0.5184881717719232
58014,0.15559477288961723
52980,0.5679860498340267
56133,0.14679188201184923
30625,0.48256229253329974
73303,0.6650909702088322
49108,0.8785663263162319
72748,0.6857220891634102
53818,0.543699315097273
13306,0.9708916341022732
1264,0.4760914324131266
8540,0.5458422622799277
57066,0.8309382747174251
56625,0.24099752090423965
39387,0.6102987520484054
51994,0.3305390982814404
71740,0.9708916341022732
42629,0.5365141392495483
37306,0.6223790915584688
59333,0.6125677549476869
45907,0.5394974578763813
18395,0.7018152023194252
77592,0.2568385226270012
10846,0.975103995966217
52670,0.44707760830286986
396,0.6164964914492206
58842,0.49668053279549557
16489,0.04157737720072272
58047,0.9139879826883482
47459,0.4936972141686626
54593,0.9099647043993445
70043,0.6437035169544938
61456,0.9698096558678936
32100,0.7177192319005
25169,0.6081347955796462
6859,0.6524853985461574
44553,0.6408462540442876
28476,0.5929240724400184
48482,0.5647716290600445
38188,0.7035799823521997
79040,0.5347703685028783
17280,0.47588133955208206
76184,0.5419765536367075
12197,0.9715114080423547
1226,0.5592041682423631
40404,0.8409176856170427
6409,0.5547712088743224
21663,0.41054245976721715
61337,0.2714819950418085
44294,0.8421362242111012
68252,0.8040463885037186
6956,0.6116433463590907
24347,0.9099647043993445
69861,0.1338081431992941
31352,0.7100298331862683
75228,0.8944703558973067
4861,0.6585150636581368
59820,0.3486701121895878
72067,0.6191436614983822
22651,0.5795621664775831
31515,0.18591117273835034
16677,0.35646455733434185
52949,0.9028950796251943
15468,0.6452371948401193
57325,0.6950817261229464
9467,0.5946678431866885
14569,0.6616034287154923
65309,0.6359720996680532
60168,0.6360561368124711
20472,0.5388251607210387
28005,0.6678852052607253
54863,0.7416698180595823
43169,0.1567082650531535
55421,0.5202109332324888
17879,0.5319761334509854
54349,0.8564855666204463
78417,0.6377158704147233
14408,0.3371780326904492
28070,0.7063111895457793
75407,0.9121076515819992
68172,0.8545317030127316
34228,0.22229925627127192
37117,0.42314803142989205
69136,0.6781797554519097
5968,0.9749884448926426
34955,0.8787344006050675
68344,0.40444976679692424
56489,0.4782133703096769
10996,0.9121076515819992
24688,0.6744611118114207
26163,0.5611160132778689
50548,0.36106559099121815
31336,0.6950817261229464
48227,0.9511954283793437
3890,0.34322870708853315
10867,0.514580444556494
64275,0.6849867641497541
64667,0.6258456237657044
29428,0.9244401025253163
59221,0.8368839026849869
11056,0.8317786461616034
5640,0.047438968023866546
65,0.9244401025253163
68759,0.20089079373082905
13673,0.8973906466658264
19417,0.19763435438463803
30756,0.3909618051178621
73827,0.8015252741711837
7971,0.44699357115845206
55236,0.6355098953737552
15592,0.9231270221437876
12662,0.9280011765200218
59527,0.7784990966006976
39370,0.5781545443085844
48167,0.0808647422160595
10224,0.24351863523677464
54650,0.44623723685869154
63925,0.5288667591075256
22223,0.569099541997563
17869,0.5762637085591832
55241,0.5292449262574057
74468,0.6619605865792679
51225,0.9275809907979325
70086,0.7190218076389764
52800,0.6130929871002984
54082,0.6106559099121812
16463,0.9246291861002564
10111,0.1964053111475272
45435,0.7329299550401277
40726,0.6830329005420396
16944,0.7191268540694988
75562,0.4964074120761377
61405,0.9215723349720576
72980,0.7226459094919955
48739,0.6408252447581831
9617,0.4475818311693769
55843,0.5823143829572671
39824,0.602252195470398
8661,0.505777553678726
65564,0.6156981385772512
10968,0.36900710113870333
17190,0.7297155342661457
43061,0.6045211983696794
10535,0.864868271776125
48409,0.6478633556031766
42104,0.4628976007395269
27314,0.35096012437497376
14240,0.7201352998025127
12878,0.09599142821126938
60253,0.791083658977268
69163,0.518299088196983
38060,0.7263330392033279
63173,0.9283583343837977
5303,0.7220681541241228
15798,0.5892474473717383
70647,0.9226648178494895
61087,0.690890373545107
57428,0.23267784360687424
14777,0.24673305601075676
22788,0.7222467330560107
63529,0.7067523845539728
13687,0.7222467330560107
58793,0.6194167822177402
22464,0.7496113282070676
7751,0.12013109794529181
71240,0.3927686037228455
5350,0.7470271860162191
50638,0.9270977772175302
60798,0.605970839110887
3455,0.9244401025253163
65899,0.14525820412622378
47911,0.646413714861969
69913,0.7251355098953738
13339,0.008193621580738686
42408,0.5165132988781042
11168,0.22358082272364385
15803,0.03783772427412917
57798,0.6210765158199925
36081,0.22379091558468844
72082,0.01995882179923526
21826,0.7254086306147317
20558,0.5142863145510316
39951,0.46588091936635995
21726,0.47743602672381186
52883,0.5379847892768604
9809,0.9244401025253163
48930,0.8040253792176143
32323,0.7220681541241228
1129,0.7173410647506198
23,0.21105928820538677
948,0.6152569435690575
33263,0.11019370561788311
36182,0.7795915794781294
50878,0.7903273246775074
20887,0.37417538552040003
3981,0.5669355855288037
42312,0.46558678936089753
15458,0.1832850119752931
55780,0.5480482373208958
44529,0.40354636749443257
31818,0.9226648178494895
5311,0.6359300810958444
50273,0.2040211773603933
2926,0.7769654187150721
7451,0.6271692087902853
33056,0.35224169082734574
40884,0.671635362830371
54480,0.6048153283751417
49617,0.15326274213202237
28606,0.7226459094919955
8051,0.8998487331400479
63764,0.22950544140510107
4370,0.6199420143703517
7249,0.017290642463969077
13190,0.7701374007311231
72044,0.4542417748644901
73768,0.2273204756502374
69612,0.7291903021135342
71953,0.671635362830371
27033,0.191121475692256
45314,0.10342871549224758
40161,0.4870372704735493
47367,0.7226564141350478
66331,0.7220681541241228
11938,0.5198747846548174
27379,0.9227068364216984
18262,0.3237951174419093
43022,0.6444178326820454
16694,0.33501407622169
15226,0.9268036472120676
73170,0.3500777343585865
54775,0.1964053111475272
49967,0.24818269675196436
27202,0.560254632547586
77322,0.44495567040631956
72552,0.9246291861002564
7387,0.2645069120551284
74830,0.26379259632757673
60722,0.5034455229211311
18229,0.7356611622337073
78090,0.3414219084835497
74312,0.582356401529476
42841,0.7234127484348081
24465,0.8129963443842178
21410,0.5812008907937308
11574,0.7171624858187319
59120,0.2550947518803311
62078,0.6613513172822387
58746,0.7401571494600613
5272,0.5812008907937308
33044,0.829415101474852
46903,0.6119374763645531
6612,0.5567250724820371
30544,0.5896256145216185
50809,0.8315895625866633
35844,0.668242363124501
65843,0.3669902096726753
40668,0.6315601495861171
6830,0.6791882011849237
54851,0.8391739148703726
25921,0.45955712424891804
4177,0.7024244716164545
2854,0.798100760536157
16109,0.2303248035631749
14036,0.42577419219294926
55905,0.45733013992184546
25157,0.6067271734106475
10347,0.6330097903273247
45651,0.8578931887894449
16353,0.49869742426152364
60315,0.6393335854447666
35569,0.29530652548426406
10237,0.5804235472078659
67552,0.8328291104668263
28671,0.6289129795369554
4315,0.3934409008781881
15052,0.8341737047775116
18007,0.5812008907937308
8077,0.6666036388083533
29584,0.5756439346191017
73741,0.7028656666246481
59720,0.0007983528719694104
10248,0.7109332324887601
28391,0.7171624858187319
46490,0.5976931803857305
57738,0.8350560947938989
32789,0.5864952308920542
245,0.3745325433841758
61478,0.09832345896886423
68857,0.39278961300894993
21771,0.33056010756754484
64443,0.09340728602042103
62920,0.5005672507248203
45521,0.829415101474852
75919,0.7071515609899576
40492,0.27761670658431026
34641,0.3839657128450775
68648,0.06414135047691079
21833,0.6203832093785452
38047,0.6324215303163999
2683,0.8221143745535526
27685,0.8326610361779907
66400,0.17250724820370603
60599,0.8356863733770327
33640,0.5817471322324468
9405,0.8233329131476111
43833,0.5860330265977561
40889,0.44396823395941
69842,0.7346317072145888
6929,0.776230093701416
46972,0.4217614185469978
50118,0.4475188033110635
78185,0.6592924072440018
45098,0.8662338753729149
2467,0.6482205134669524
20601,0.6626749023068196
5376,0.8299088196983067
1440,0.3634816588932308
18096,0.5849615530064288
37011,0.41818983990923986
50065,0.6625488465901929
13223,0.7690028992814825
21174,0.4310895415773772
70304,0.7792764401865625
25047,0.8083953107273415
45951,0.0905080045380058
35798,0.0622295054414051
32501,0.7250304634648516
20642,0.5756439346191017
13666,0.6690827345686795
72047,0.48894911550905507
50407,0.3716752804739694
23467,0.14313626622967351
34891,0.27791083658977267
2674,0.2075927559981512
38887,0.049960082356401536
19996,0.9769318038573048
8984,0.8559813437539393
70108,0.46899029370981976
56966,0.5625026261607631
23451,0.20624816168746585
47025,0.5609059204168242
65874,0.9757973024076643
53741,0.6895457792344216
73009,0.7876171267700324
20389,0.896004033782932
1943,0.5284045548132275
67450,0.896004033782932
69327,0.1698180595823354
7772,0.7366485986806168
23402,0.8956048573469474
62234,0.5651077776377159
64559,0.896004033782932
62874,0.0951720660531955
23646,0.15200218496575488
33903,0.896004033782932
34610,0.305895205680911
16418,0.04546409513004748
74174,0.5229841589982772
66613,0.09529812176982226
41272,0.3263372410605488
63380,0.5009033993024917
65528,0.9809760914324132
59661,0.18349510483633766
14264,0.9777826799445354
77313,0.36106559099121815
16268,0.36661204252279506
33358,0.5972940039497457
45613,0.35373335014076224
71044,0.3386486827177613
8272,0.5059456279675616
14893,0.980146224631287
64542,0.8553615698138577
7898,0.2536451111391235
55039,0.02147149039875625
38039,0.612987940669776
50898,0.3988823059792428
3200,0.6799865540568932
50023,0.7551052565233833
61601,0.9803353082062273
69906,0.5545611160132778
24112,0.7731627379301651
51554,0.7809361737888146
48796,0.5546556578007479
41401,0.9436320853817387
10197,0.37148619689902934
30925,0.18015462834572882
3744,0.3157905794361108
40240,0.5829236522542964
24946,0.5522500945417874
4091,0.980146224631287
27388,0.980146224631287
61518,0.34753561073994704
55966,0.43842178242783314
11232,0.5763057271313922
43770,0.5777973864448086
59331,0.97964200176478
998,0.7794235051892936
45178,0.05231312240010085
18677,0.9777826799445354
64819,0.980146224631287
7177,0.46323374931719824
38052,0.6939577293163578
2125,0.27003235430060085
36745,0.5484053951846716
17117,0.896004033782932
18716,0.2917559561326106
11026,0.06393125761586621
49486,0.30635740997520905
12684,0.896004033782932
29757,0.896004033782932
65840,0.11592924072440018
56880,0.8990923988402875
71224,0.7403252237488971
76194,0.868355813269465
16168,0.5264717004916173
14038,0.24406487667549057
14975,0.11095003991764359
39016,0.39365099373923274
73436,0.8570528173452666
5401,0.8835875456951973
5581,0.8941131980335308
37570,0.8951216437665447
53206,0.546262448002017
29606,0.8933148451615613
46010,0.49186940627757464
65643,0.9775095592251776
72577,0.2561242068994496
3405,0.8951216437665447
30216,0.5095802344636329
40485,0.980146224631287
46117,0.005567460817681415
39294,0.6407622168998698
78984,0.3335224169082734
19456,0.5692045884280853
34297,0.2671330728181856
21349,0.536724232110593
17350,0.7070044959872264
56951,0.906088491113072
69857,0.01573595529223917
9855,0.5518929366780116
73628,0.012668599520988276
23438,0.8553615698138577
7759,0.10674818269675197
46,0.5546556578007479
4748,0.7551052565233833
44789,0.06626328837346107
27290,0.8951216437665447
45753,0.6535358628513802
1779,0.535631749233161
54912,0.7475524181688306
51049,0.7287070885331316
44113,0.5435942686667508
42817,0.2621538720114291
74142,0.9941594184629606
3647,0.5049371822345476
33269,0.34745157359552925
58986,0.167507038110845
12212,0.11458464641371487
34867,0.05777553678725997
46112,0.11008865918736081
18241,0.5249380226059919
13581,0.7640867263330392
16996,0.888986932224043
76421,0.5190134039245345
10858,0.2176141854699777
54328,0.0406319593260221
78490,0.15786377578889868
44784,0.31894197235177946
69059,0.1527795285516198
9388,0.055275431740829446
42426,0.15235934282953065
60532,0.43569057523425353
24221,0.13492163536283036
18415,0.5333627463338796
65808,0.13443842178242782
57590,0.7096096474641792
36821,0.029581074835077104
34020,0.13761082398420102
16474,0.08586495230892054
3737,0.7452624059834446
63594,0.6121895877978066
640,0.38425984285053993
46816,0.3564015294760284
22008,0.7430564309424765
32676,0.08233539224337157
1081,0.44989285264086726
3213,0.2936888104542208
21495,0.01918147821337031
15331,0.1771082818605824
75833,0.42663557292323206
32964,0.537648640699189
57988,0.16796924240514308
5966,0.6299004159838648
8255,0.2827219631076936
66556,0.1058868019664692
4097,0.4089037354510694
7712,0.12277826799445356
32578,0.36850287827219635
52704,0.04248077650321441
26925,0.2593806462456406
9985,0.1785999411739989
7112,0.4056262868187739
29723,0.1389764275809908
15780,0.6408042354720788
2396,0.4068343207697802
43924,0.5447707886886004
59301,0.18660447917979747
42193,0.6951132400521031
69306,0.3160637001554687
1781,0.10197907475103996
50279,0.4341253834194714
26015,0.07601159712592966
37191,0.2994243455607379
54419,0.37715870414723307
35448,0.6554056893146771
19057,0.03674524139669734
17906,0.6005084247237279
2632,0.7430144123702677
16739,0.4234841800075633
54183,0.6400689104584226
73155,0.2311021471490399
3592,0.4068343207697802
73281,0.5085087608723056
8585,0.1384301861422749
66423,0.06607420479852094
71382,0.3473465271650069
9417,0.14416572124879198
67593,0.18246564981721922
28177,0.0178789024748939
18689,0.6602378251187025
21310,0.44768687759989917
37322,0.7200932812303038
36819,0.17790663473255178
42854,0.10206311189545779
55747,0.09288205386780957
20012,0.13893440900878187
75513,0.0399806714567839
21731,0.2738770536577167
66178,0.16864153956048575
25476,0.5726921299214253
40135,0.5998361275683851
4479,0.4341253834194714
4607,0.3632715660321862
4430,0.6021051304676667
28854,0.8897432665238035
37696,0.20271860162191688
21802,0.8901424429597883
27893,0.7041052145048111
16601,0.6112651792092105
38623,0.2146098575570402
73339,0.55273330812219
28232,0.17246522963149713
20606,0.12695911592924072
5507,0.9229694524980041
43263,0.6603008529770159
61769,0.24946426320433632
62949,0.15233833354342619
26899,0.8863397621748813
36742,0.9691163494264465
24510,0.9672675322492541
74813,0.1929072650111349
58943,0.03762763141308458
74371,0.9653977057859574
50956,0.5687213748476827
73463,0.14343039623513595
75013,0.06317492331610572
50152,0.5897516702382454
59077,0.9639375604016975
78363,0.7045043909407959
57288,0.9424765746459934
17157,0.966437665448128
63472,0.9881717719231901
26674,0.22349678557922603
62189,0.49468465061557215
36366,0.9723517794865332
47404,0.9773729988654986
65931,0.22845497709987814
14663,0.43270725660742043
43556,0.8941131980335308
37171,0.208958359594941
21510,0.9672675322492541
45925,0.19908399512584563
5005,0.9274969536535148
51898,0.9639375604016975
8832,0.41499642842136225
16102,0.008193621580738686
69976,0.558006638934409
38486,0.9653977057859574
18414,0.9211731585360731
37437,0.9639375604016975
33432,0.9141350476910794
67594,0.9708496155300642
48366,0.9266986007815454
71203,0.9639375604016975
64332,0.9773729988654986
70988,0.9708496155300642
7254,0.9229694524980041
31741,0.8849741585780916
23947,0.29333165259044497
79051,0.7340014286314552
38279,0.9672675322492541
6561,0.9672675322492541
16879,0.12124459010882811
58216,0.9773729988654986
25323,0.8865708643220304
18227,0.9653977057859574
11940,0.9672675322492541
7620,0.8859405857388967
65064,0.21406361611832433
78510,0.9653977057859574
58799,0.970240346233035
50573,0.9672675322492541
1219,0.4232530778604143
42904,0.3652464389260053
1409,0.36509937392327413
61315,0.1359510903819488
20655,0.6561620236144375
33742,0.26557838564645575
48352,0.6131560149586117
11218,0.963958569687802
61402,0.4766376738518425
37891,0.08334383797638556
58236,0.9672675322492541
57620,0.9121181562250514
50062,0.9653977057859574
28153,0.8863397621748813
77580,0.667044833816547
46871,0.4562586663305181
5682,0.22631202991722343
37959,0.9695890583637968
3202,0.5610950039917645
50552,0.4665952350939115
31972,0.07800747930585318
4890,0.34024538846170005
54605,0.9639375604016975
33363,0.9775410731543343
65517,0.07783940501701751
37318,0.970240346233035
32211,0.6212235808227237
28716,0.9708496155300642
8109,0.6199840329425607
2474,0.23814025799403335
22734,0.8924324551451742
77250,0.9897579730240765
11992,0.9672675322492541
31977,0.9672675322492541
1923,0.9726459094919955
32251,0.9639375604016975
17444,0.9259212571956805
56314,0.8169670994579604
26919,0.2195890583637968
60156,0.9623408546577586
4842,0.9639375604016975
24282,0.9653977057859574
24856,0.9775410731543343
39029,0.9653977057859574
40911,0.9653977057859574
11786,0.9672675322492541
30384,0.9555128366738098
28001,0.9513004748098659
31511,0.9773729988654986
69209,0.16843144669944113
67613,0.956248161687466
20515,0.912097146938947
17602,0.6307617967141477
61190,0.9326022101768983
30615,0.34980461363922855
30922,0.5044329593680407
42001,0.4227488549939073
51544,0.9669103743854784
49432,0.9677297365435522
34723,0.5276902390856758
11219,0.003235430060086558
30122,0.9672675322492541
1741,0.5712424891802176
63398,0.22559771418967187
52483,0.9672675322492541
76138,0.9691163494264465
57802,0.9653977057859574
77378,0.9639375604016975
20546,0.6477793184587588
50127,0.17477625110298753
48229,0.9672675322492541
16448,0.9672675322492541
30483,0.9672675322492541
12461,0.597483087524686
27003,0.4288835665364091
52182,0.9220765578385647
36528,0.2706206143115257
10403,0.881507626370856
55269,0.9438106643136267
3193,0.4448506239757973
38576,0.6609731501323585
17523,0.9672675322492541
1455,0.008319677297365435
35422,0.05367872599689063
44412,0.9695890583637968
50970,0.8863397621748813
69011,0.42096306567502834
8254,0.4560695827555779
76501,0.9623408546577586
3099,0.9229694524980041
5739,0.11645447287701165
63221,0.963958569687802
62509,0.6955124164880878
25969,0.9773729988654986
70159,0.735282995083827
66170,0.9653977057859574
31284,0.4292197151140804
40499,0.9724988444892643
37711,0.3225135509895374
44421,0.3178494894743477
56233,0.10958443632085381
52285,0.9653977057859574
68477,0.053594688852472795
71081,0.9653977057859574
27431,0.32303878314214884
68960,0.9672675322492541
33801,0.6332408924744737
77569,0.9672675322492541
14989,0.13727467540652968
12907,0.9672675322492541
62346,0.9438106643136267
69263,0.9691163494264465
55957,0.9672675322492541
63866,0.9653977057859574
44398,0.9775410731543343
78899,0.9708496155300642
65773,0.6286398588175973
29542,0.9653977057859574
29521,0.9672675322492541
38256,0.9672675322492541
75597,0.03821589142400941
54381,0.6618345308626413
70838,0.9653977057859574
54262,0.9672675322492541
15862,0.6155720828606244
9746,0.5725450649186941
24525,0.20757174671204673
49323,0.3488486911214757
62249,0.12490020589100381
2883,0.3679776461195849
19590,0.5781545443085844
72844,0.8130383629564267
72692,0.7979747048195303
2787,0.5181730324803563
50186,0.22034539266355727
46366,0.15546871717299046
47250,0.5738056220849616
17770,0.1045632169418883
16351,0.7565023740493299
55042,0.6696499852934998
75180,0.28379343669902096
9089,0.12116055296441026
19727,0.42417748644901043
71304,0.8539014244295978
17882,0.10521450481112653
69170,0.5064918694062776
73415,0.3488486911214757
76408,0.28854153535862853
17132,0.4706290180259675
22107,0.09231480314298919
44990,0.7112693810664314
38750,0.38736921719399975
75840,0.8838816757006597
27916,0.017416698180595824
26120,0.14691793772847597
56532,0.08996176309928988
66127,0.883524517836884
37178,0.10153787974284634
32178,0.8331022311861842
36997,0.342262279927728
11882,0.2155342661456364
50644,0.0938274717425102
63329,0.8596999873944284
27741,0.6885163242153031
60482,0.3540064708601202
56242,0.836253624101853
25539,0.2558720954661961
58415,0.24099752090423965
57875,0.09326022101768983
44840,0.3722215219126854
15978,0.09466784318668853
72979,0.2209966805327955
44407,0.05697718391529056
23941,0.883524517836884
72131,0.1926761628639859
22188,0.8331022311861843
60636,0.7200722719441993
31095,0.061473171141644606
48583,0.7902222782469851
9696,0.48888608765074165
14640,0.3853523257279717
26599,0.8308857515021639
9983,0.3181436194798101
56355,0.8867389386108661
16877,0.15116181352157654
21684,0.8308857515021639
11518,0.08609605445606959
72783,0.5653598890709693
13881,0.8466952392957688
825,0.4728980209252489
62821,0.8357914198075549
45212,0.1288919702508509
17997,0.13145510315559478
1754,0.4494936762048825
74236,0.3573049287785201
14326,0.5004622042942981
76831,0.41984957351149205
50604,0.5488675994789697
50666,0.8331022311861842
71392,0.09317618387327198
42486,0.09118030169334845
23581,0.061809319719315935
57866,0.5634060254632548
34513,0.3897432665238035
16255,0.872746754065297
20562,0.8846485146434725
21247,0.8292155132568594
26399,0.13162317744443044
869,0.2586243119458801
16998,0.17299046178410857
48705,0.08931047523005169
8079,0.09454178747006177
73896,0.888209588638178
78136,0.11000462204294298
28526,0.5208202025295181
70011,0.20326484306063283
63227,0.03798478927686037
7141,0.389218034371192
48808,0.883524517836884
57749,0.1045632169418883
13430,0.09250388671792932
51819,0.7013740073112316
36293,0.08956258666330519
42750,0.1045632169418883
25595,0.8331022311861842
47110,0.851842514391361
25839,0.7213958569687802
5080,0.1527375099794109
55060,0.8957729316357831
35327,0.4309004580024371
75167,0.09046598596579687
62964,0.8327450733224085
29895,0.8846485146434725
67310,0.23486280936173787
54639,0.07851170217236018
19799,0.8839236942728687
78673,0.1567502836253624
8521,0.42342115214924997
41436,0.19135257783940504
23491,0.2583511912265221
34130,0.9212256817513341
73018,0.8160847094415731
20176,0.9220240346233034
15749,0.4618681457204084
7275,0.9647043993445102
46310,0.586894407328039
2017,0.3435648556662045
67144,0.370183621160553
36374,0.7380982394218245
49168,0.2656204042186647
17943,0.9647043993445102
42221,0.9208370099584015
31347,0.13685448968444053
63473,0.7027816294802304
46212,0.9232845917895709
74409,0.6885373335014077
32900,0.5673977898231019
61162,0.9224757342745494
66034,0.9212256817513341
28191,0.9669839068868441
10529,0.758897432665238
3665,0.5968317996554476
37595,0.9232845917895709
30105,0.8156225051472751
28925,0.10429009622253037
62584,0.28221774024118657
72922,0.7548426404470776
46230,0.6671708895331737
59769,0.9206269170973571
9396,0.32234547670070174
28174,0.9590529013824111
55477,0.2005126265809488
75900,0.5782385814530022
45216,0.21147947392747593
61743,0.6826337241060548
65364,0.5674187991092062
53951,0.5669986133871171
39942,0.19801252153451823
50030,0.9208370099584015
70150,0.05872095466196059
66300,0.9191772763561494
55077,0.4734862809361738
2390,0.5738686499432749
35184,0.39919744527080975
31441,0.30181940417664604
65078,0.4661960586579268
6841,0.32190428169250807
45500,0.27425522080759696
51922,0.46886423799319293
57733,0.6557628471784529
13588,0.6951342493382074
7836,0.3381234505651498
4821,0.4510693726627169
21051,0.6094793898903315
8508,0.6160342871549225
20505,0.15954451867725536
57758,0.9590529013824111
6413,0.10718937770494559
48433,0.5899617630992898
9760,0.9590529013824111
14818,0.5481322744653137
47047,0.6370645825454851
60728,0.387516282196731
31877,0.278246985167444
74099,0.9638430186142274
25958,0.5498970544980882
49758,0.956573805622085
16,0.9232845917895709
31747,0.38766334719946216
22797,0.16988108744064875
78304,0.7953485440564729
52202,0.9656393125761586
56881,0.2844237152821547
3953,0.852031597966301
65465,0.20887432245052315
42444,0.9237152821547124
58598,0.5941321063910249
51031,0.7380562208496156
27957,0.9612378671372745
46948,0.5696667927223833
46997,0.9243770746670027
71255,0.5037606622126981
17534,0.9669839068868441
35286,0.711983696793983
67665,0.5370603806882642
49855,0.32005546451531575
31146,0.9612378671372745
66259,0.29102063111895454
36356,0.9612378671372745
17334,0.578049497878062
24475,0.4136308248245724
42198,0.9638430186142274
70810,0.7127820496659524
8889,0.09826043111055087
67765,0.8962561452161856
40149,0.1412244211941678
46023,0.7226564141350478
54922,0.33018194041766463
21997,0.14183369049119712
57411,0.9741585780915165
54608,0.9208370099584015
40648,0.9657758729358377
48116,0.6972351779486533
49223,0.6669397873860247
47607,0.03895121643766545
36979,0.012311441657212487
49,0.9759863859826043
26468,0.5967897810832388
7378,0.6324005210302954
67547,0.45428379343669906
74427,0.6712466910374385
27691,0.6737257867977645
40844,0.14536325055674607
63770,0.7491491239127694
30541,0.6186604479179797
67439,0.16332619017605782
78199,0.04846842304298501
24103,0.558973066095214
16348,0.35778814235892265
28768,0.15185511996302367
6048,0.49107105340560525
18997,0.2197991512248414
35726,0.9638430186142274
50242,0.8913819908399513
25010,0.5852556830118912
28115,0.7979957141056347
6908,0.9243770746670027
32597,0.17557460397495692
39847,0.02458086474221606
9115,0.5941321063910249
945,0.5686793562754737
31482,0.7369427286860791
27400,0.7436867095256102
54934,0.7468591117273835
27580,0.5332997184755662
6985,0.2583301819404177
73559,0.2750115551073575
42549,0.6943569057523425
38746,0.9220240346233034
28215,0.7175091390394556
73906,0.9232845917895709
78271,0.9656393125761586
58549,0.1731795453590487
65593,0.9647043993445102
50305,0.21643766544812806
34987,0.6954493886297745
37082,0.9209525610319762
22659,0.32465649817219205
42121,0.9820370603806882
57945,0.4018866338921803
10205,0.3192991302155553
10808,0.9437791503844699
51627,0.2397789823101811
6766,0.7879322660615992
3189,0.7804739694945165
30437,0.7013740073112316
70048,0.9438631875288878
64797,0.07092734988865078
36395,0.9488003697634354
28784,0.93699315097273
26927,0.2170679440312618
53224,0.40218076389764273
13734,0.9298499936972142
13966,0.1482205134669524
9798,0.2603785873356023
56272,0.9449661750493719
41553,0.7612714819950418
69943,0.31406781797554517
57154,0.5710954241774865
8464,0.23919072229925628
3926,0.9481280726080928
27739,0.9102903483339636
22162,0.7758939451237447
47021,0.3383755619984033
21947,0.020484053951846718
66897,0.013866128828942392
72081,0.21809739905038025
55809,0.23925375015756964
76462,0.7394218244464054
78072,0.05674608176814152
35110,0.9144081684104375
19749,0.6628009580234463
79197,0.9318878944493466
30315,0.5711794613219042
529,0.5996680532795495
2370,0.05692466070002941
12570,0.9427286860792471
44416,0.32873229967645695
57440,0.7798436909113828
35400,0.07292323206857432
31771,0.7892768603722845
78184,0.9369616370435733
61924,0.9488003697634354
33072,0.15506954073700574
49478,0.1716878860456322
65021,0.4438421782427833
30789,0.848817177192319
4598,0.6532627421320223
21327,0.26923400142863146
72701,0.15069960922727846
44309,0.14399764695995632
61345,0.10503592587923861
9471,0.9401970671036599
58542,0.4734862809361738
55693,0.737804109416362
19172,0.46991470229841587
47672,0.559015084667423
47148,0.6020631118954577
64974,0.20986175889743267
10653,0.9452603050548342
75157,0.6213496365393504
51433,0.26496911634942644
19466,0.9878566326316233
64560,0.5064918694062776
65264,0.8436068742384134
16741,0.5751712256817513
47654,0.9613744274969536
59876,0.2906004453968654
79044,0.9369616370435733
78575,0.26909744106895245
18705,0.82474053531661
2020,0.9452603050548342
75905,0.5223958989873524
69622,0.10311357620068069
568,0.4314887180133619
49998,0.5346022942140426
35199,0.5559267196100676
14405,0.7712508928946594
30280,0.8171771923190049
51098,0.2031597966301105
62514,0.4807975125005252
33093,0.777322576578848
56965,0.5523971595445186
74526,0.21240388251607212
25299,0.4006680952981217
54400,0.10513046766670868
54161,0.777322576578848
55416,0.6737467960838691
70286,0.2603785873356023
64266,0.44220345392663557
51459,0.7023404344720366
11279,0.062334551871927386
50909,0.40213874532543387
78101,0.5326904491785369
28134,0.12183285011975294
15910,0.93699315097273
36052,0.9399869742426152
76719,0.5902348838186479
72558,0.9180427749065087
6575,0.9401970671036599
24687,0.9452603050548342
2527,0.777322576578848
63292,0.3419681499222656
28392,0.05692466070002941
31705,0.26414975419135256
40725,0.16979705029623093
69713,0.17807470902138745
37998,0.7775956972982058
32927,0.3301189125593513
48622,0.7896970460943736
39471,0.04365729652506408
47446,0.26909744106895245
33650,0.10503592587923861
66203,0.93699315097273
15740,0.628303710239926
23435,0.9452603050548342
74636,0.9382537081389976
6616,0.24398083953107275
37571,0.7591285348123872
41369,0.20433631665196014
1833,0.9488003697634354
69180,0.7804739694945165
31116,0.5828396151098786
11520,0.6344804403546367
56902,0.9598722635404849
67595,0.07094835917475524
56235,0.9568679356275474
36534,0.93699315097273
56228,0.7175931761838733
74859,0.03924534644312786
73342,0.45298121769822264
39108,0.9452603050548342
14691,0.0026261607630572712
54974,0.7211647548216312
57772,0.331484516156141
64326,0.9399869742426152
29987,0.7995714105634691
12824,0.5948779360477331
27622,0.10899617630992897
42608,0.93699315097273
60288,0.7842136224211101
55201,0.003466532207235598
23017,0.7841926131350055
54597,0.22032438337745286
69548,0.7374259422664817
46540,0.7804739694945165
47843,0.04817429303752258
25363,0.7878062103449724
7550,0.7799277280558007
52803,0.4042186646497752
44654,0.9065717046934746
18933,0.16004874154376234
78779,0.5522080759695785
66179,0.9449661750493719
17102,0.0706122105970839
69358,0.37488970124795157
73501,0.30179839489054167
51551,0.15141392495483005
20449,0.10500441195008192
4782,0.7685617042732887
36492,0.34016135131728226
61688,0.32009748308752467
19740,0.07849069288625572
33290,0.2715030043279129
4031,0.9452603050548342
49924,0.8242993403084163
79006,0.47888566746501954
10061,0.32654733392159335
36777,0.9647884364889281
30014,0.48512542543804366
45705,0.1012752636665406
42018,0.35419555443506034
78310,0.7120047060800875
49818,0.5795621664775831
17257,0.11981595865372495
6337,0.9703558973066095
39427,0.7406088491113071
75490,0.37259968906256563
307,0.11643346359090719
50063,0.07578049497878063
57347,0.9647884364889281
76364,0.12292533299718476
54334,0.7540232782890038
1925,0.16857851170217233
20103,0.09842850539938652
54069,0.3839447035589731
60523,0.7406088491113071
24017,0.02653472834993067
27921,0.48815076263708557
7208,0.6353838396571284
20755,0.3125761586621287
48582,0.29768057481406784
63689,0.19122652212277827
42146,0.6761208454136729
22321,0.12613975377116685
261,0.10727341484936342
53807,0.2454094709861759
59005,0.9658599100802555
28491,0.10044539686541452
16364,0.08260851296272953
25773,0.6782007647380142
66628,0.9651666036388082
52577,0.1890625656540191
55153,0.8057691499642843
78466,0.7708517164586747
72049,0.7069624774150175
40936,0.2722803479137779
25475,0.9689272658515065
13464,0.7476994831715618
49685,0.10399596621706796
4677,0.11242068994495569
2922,0.10276692297995715
35578,0.8584604395142653
15420,0.14158157905794364
38248,0.3291945039707551
60818,0.20874826673389638
78248,0.3665910332366906
50871,0.10727341484936342
63147,0.10752552628261691
28769,0.6862263120299174
2460,0.7940459683179966
10548,0.5383419471406361
11159,0.7521324425396024
9916,0.7780368923063995
72530,0.2122988360855498
36283,0.7052187066683474
5488,0.7163746375898148
62602,0.5639942854741795
3339,0.10887012059330224
4301,0.5513466952392957
27585,0.7089793688810455
17777,0.365876717509139
55774,0.7374259422664817
78238,0.4688432287070885
3842,0.24276230093701415
7471,0.22143787554098912
3692,0.9633387957477205
65079,0.6135551913945964
15291,0.9666267490230682
4396,0.10813479557964618
52056,0.587902853061053
34608,0.6675280473969494
78663,0.1650489516366234
19395,0.10727341484936342
56239,0.9633387957477205
3340,0.4149334005630489
5213,0.653472834993067
70539,0.6063490062607673
247,0.8592167738140258
77432,0.7965040547922181
18041,0.1552376150258414
5446,0.8568112105550654
52801,0.12067733938400775
76662,0.4715744359006681
2000,0.8568112105550654
53062,0.7088323038783143
59031,0.9591579478129333
36650,0.6621916887264171
71324,0.39995377957057016
14435,0.9674776251102988
48479,0.10687423841337869
47004,0.6321694188831464
62614,0.3693852682885836
50071,0.6939367200302534
70102,0.7652002184965756
27899,0.0056094793898903315
38516,0.537333501407622
22489,0.9596201521072314
54741,0.2522374889701248
25199,0.013403924534644313
51560,0.37993192991302155
78176,0.04418252867767553
3466,0.7083490902979116
43666,0.8828732299676457
69495,0.10910122274045127
28181,0.6824236312450104
444,0.8295516618345308
53366,0.9647884364889281
72021,0.5856338501617715
33594,0.1012752636665406
64815,0.28463380814319933
7395,0.12206395226690196
55666,0.7017311651750074
12205,0.09555023320307576
62822,0.20454640951300473
63117,0.9633387957477205
25977,0.32232446741459725
46799,0.0683011891255935
73216,0.5164712803058952
17676,0.8529349972687928
32176,0.35075003151392914
10530,0.6102987520484054
16192,0.968128912979537
54699,0.6828228076809949
2461,0.9666267490230682
74423,0.1339552082020253
21257,0.44201437035169544
68603,0.905311147527207
40751,0.004495987226354049
33388,0.3581032816504895
45762,0.14019496617504937
20294,0.5910542459767217
29159,0.19776041010126477
48488,0.3700155468717173
18908,0.7942140426068321
49087,0.40701289970166815
49856,0.9690113029959241
71831,0.23051388713811505
21557,0.9383377452834152
67471,0.453548468423043
58151,0.3866549014664482
4695,0.23507290222278246
69357,0.22610193705617884
38295,0.29141980755493924
57184,0.23895962015210723
8273,0.26578847850750037
27279,0.36436404890961804
36008,0.474368670952561
25038,0.26778436068742384
53814,0.9690113029959241
73228,0.16843144669944113
36535,0.9698936930123114
66352,0.573595529223917
66698,0.31715618303290055
43272,0.020862221101726964
53282,0.7845497709987814
1050,0.7292953485440564
57820,0.9673935879658809
1886,0.9667738140257994
30165,0.42764401865624607
46106,0.7310391192907265
45321,0.3387957477204924
49324,0.6806168326400269
35080,0.051997983108533964
909,0.9690113029959241
18678,0.02130341610992058
3536,0.5378587335602337
64237,0.45067019622673227
7274,0.16229673515693935
44349,0.9241354678768016
33526,0.2898651203832094
6554,0.643661498382285
20506,0.5033614857767134
66484,0.18038573049287784
50439,0.6477583091726543
56382,0.9682549686961638
1702,0.4147653262742132
55032,0.20887432245052315
2244,0.8073238371360141
31458,0.9690113029959241
57,0.46258246144795995
66267,0.3267364174965335
33747,0.8626412874490524
16980,0.025715366191856798
56388,0.019433589646623808
29783,0.4047859153745956
74415,0.021744611118114206
22579,0.029307954115719143
31127,0.501785789318879
18782,0.3117147779318459
4961,0.3461069792848439
64187,0.34062355561158036
17862,0.617525946468339
37133,0.1334509853355183
69668,0.26805748140678176
3217,0.16977604101012647
62158,0.9690113029959241
70336,0.0622295054414051
38502,0.5842262279927728
32471,0.9387789402916088
29765,0.2567965040547922
31689,0.0668515483843859
56852,0.9677927644018656
49649,0.6949661750493719
52806,0.021282406823816127
23247,0.37024664901886634
56441,0.5141392495483003
79004,0.8645951510567671
20940,0.4903147191058448
1615,0.9667738140257994
16293,0.18433547628051597
75017,0.9414681289129795
61837,0.7417118366317913
6765,0.923063994285474
59317,0.17519643682507668
27468,0.015000630278583135
2367,0.1612672801378209
62224,0.15126685995209882
14236,0.4985713685448969
74469,0.34268246564981725
58500,0.3876003193411488
74685,0.7206395226690198
53939,0.2425942266481785
65409,0.43001806798604986
39843,0.6765200218496575
40309,0.15874616580528592
3680,0.11197949493676206
57004,0.1825706962477415
17998,0.2896970460943737
53215,0.721563931257616
19324,0.3060002521114333
64524,0.16149838228496996
28416,0.03336274633387957
57561,0.3971805538047817
9863,0.28982310181100046
22486,0.21597546115383
55548,0.41600487415437626
45668,0.8720954661960588
5609,0.405353166099416
29204,0.6960796672129081
76252,0.397558720954662
54031,0.470608008739863
36573,0.3508550779444515
57924,0.409576032606412
35691,0.6417076347745704
56816,0.3055170385310307
55031,0.561494180427749
64649,0.17996554477078872
67697,0.4822261439556284
62041,0.4446195218286482
78221,0.5312197991512249
78462,0.8199504180847934
4831,0.6252153451825707
41724,0.11166435564519517
70378,0.38917601579898314
7146,0.21494600613471157
15026,0.16794823311903861
57989,0.33661078196562877
598,0.3944493466112022
38058,0.22971553426614563
2341,0.4408588596159502
25766,0.22465229631497122
68450,0.2954325812008908
60696,0.15368292785411153
27454,0.5478381444598512
36304,0.42785411151729064
70737,0.2862935417454515
9395,0.5259674776251103
58807,0.028299508382705157
62637,0.19832766082608513
69945,0.4231060128576831
77874,0.3098449514685491
55097,0.042690869364259004
64034,0.11599226858271355
7905,0.3411487877641917
72133,0.471616454472877
75983,0.2341484936341863
44733,0.47884364889281067
50356,0.38400773141728645
39808,0.07002395058615908
6022,0.42707676793142574
76164,0.1628219673095508
40077,0.34913231648388593
51084,0.7225093491323165
55787,0.2808521366443968
77837,0.653472834993067
1670,0.19362158073868652
12942,0.3014202277406614
56407,0.4757552838354553
33530,0.6695869574351864
8177,0.46335980503382496
42256,0.6696920038657087
72280,0.5160721038699104
47397,0.8199294087986889
55897,0.7345686793562755
7920,0.4117609983612757
42924,0.36690617252825747
34365,0.16698180595823353
51929,0.12479515946048154
63583,0.7624690113029958
4862,0.41197109122232023
75312,0.19261313500567254
10986,0.17805369973528298
46054,0.32245052313122397
43148,0.34396403210218923
11806,0.6618975587209547
41038,0.6641665616202361
59259,0.5774192192949283
9650,0.6846506155720827
22100,0.6202361443758141
16260,0.16456573805622085
18171,0.44285474179587375
64386,0.45814950207991934
8121,0.41390394554393045
64076,0.5329845791839993
75569,0.05403588386066641
15009,0.15744359006680952
74508,0.47556620026051516
9416,0.3620110088659187
71767,0.2387285180049582
32748,0.17128870960964748
49696,0.12424891802176563
25144,0.4195134249338208
8799,0.48983150552544225
11742,0.5502962309340729
76788,0.4219505021219379
15620,0.3713391318962982
25817,0.8064204378335225
41336,0.6249002058910037
18362,0.0036766250682801795
43564,0.4349972687928065
78015,0.5922307659985714
16207,0.351569393672003
47038,0.047501995882179925
10337,0.8210639102483297
30553,0.1593134165301063
53610,0.23082902642968192
34929,0.10716836841884114
24205,0.27517962939619306
33759,0.754086306147317
2655,0.2183495104836338
55599,0.6709105424597673
43247,0.22471532417328458
21819,0.5591831589562587
66674,0.21269801252153453
12975,0.5171225681751335
65356,0.6403420311777807
11597,0.09933190470187823
66047,0.11773603932938359
63395,0.42711878650363455
10130,0.10926929702928695
57501,0.37070885331316444
77067,0.17542753897222574
78003,0.5675868733980419
47701,0.2787932266061599
37390,0.1941258036051935
30667,0.35864952308920545
558,0.7834993066935585
62510,0.412097146938947
21447,0.9752300516828439
18014,0.33875372914828356
59100,0.371423169040716
30227,0.48354972898020926
33911,0.21051304676667085
63576,0.008886928022185806
7433,0.8874112357662086
11921,0.4307323837136014
71271,0.9745157359552922
9229,0.3201395016597336
24241,0.45602756418336904
37925,0.06447749905458212
14457,0.039791587881843775
6930,0.3937140215975461
33299,0.25501071473591325
9618,0.28891970250850874
42596,0.6359931089541577
1920,0.20624816168746585
45593,0.21961006764990124
74706,0.519118450355057
74318,0.038594058573889665
73512,0.25673347619647885
72278,0.3283331232404723
31913,0.25658641119374764
49397,0.3403714441783268
1950,0.21267700323543007
76879,0.5597714189671835
44135,0.19656288079331063
43373,0.9528971805538048
2366,0.4641371486196899
11699,0.5476490608849112
50392,0.22437917559561327
22726,0.30539098281440397
27453,0.16406151518971387
62752,0.9799781503424514
33616,0.3058321778225976
67914,0.09536114962813565
15142,0.3495314929198707
24279,0.31177780579015923
14552,0.9388419681499224
67440,0.9782448842388337
22598,0.04317408294466154
26326,0.9752300516828439
49117,0.4306903651413925
47043,0.344783394260263
72024,0.22458926845665783
72987,0.9752300516828439
3061,0.017710828186058236
70686,0.5171435774612378
58446,0.3001386612882894
48283,0.3271145846464137
66119,0.34793478717593174
21072,0.5384049749989496
70431,0.9782448842388337
72483,0.43884196814992227
53032,0.08321778225975883
34949,0.5615572082860624
59406,0.3464641371486197
40392,0.5744359006680954
21102,0.16170847514601452
26998,0.7378671372746753
49714,0.3674103953947645
52588,0.35530904659859663
20230,0.08378503298457918
19155,0.048090255893104755
48349,0.2655153577881424
16066,0.40028992814824155
62072,0.08225135509895375
63088,0.09094919954619941
6164,0.5727971763519476
9472,0.8616118324299341
26784,0.34192613135005673
16570,0.45075423337115006
3811,0.7830581116853649
18741,0.6010126475902349
43626,0.5125425438043615
1653,0.33995125845623764
66952,0.7191478633556031
17199,0.08615908231438296
69854,0.38961721080717676
49005,0.6393756040169755
48693,0.3384806084289256
10356,0.47306609521408466
41012,0.0023110214714903987
71205,0.46903231228202863
64362,0.35228370939955456
48044,0.06315391403000126
73674,0.6165175007353251
15022,0.5645615361989998
42245,0.2934787175931762
40439,0.6168116307407874
21184,0.6776965418715072
74515,0.3418420942056389
69536,0.34484642211857636
6631,0.0797092314803143
52105,0.5098323458968864
74690,0.25557796546073364
62029,0.03802680784906929
6806,0.15221227782679944
13471,0.8982520273961091
51358,0.1833690491197109
50709,0.717488129753351
37086,0.9248497836043531
71399,0.6724862389176015
62143,0.4903357283919492
74073,0.15612000504222867
63043,0.840749611328207
13770,0.31745031303836296
45531,0.09912181184083364
10524,0.039560485734694735
55249,0.9147863355603176
15296,0.43959830244968273
78038,0.6182612714819951
64687,0.3502458086474222
76345,0.4354594730871045
29251,0.6698180595823353
45381,0.3449094499768897
45988,0.2309340728602042
56628,0.9147863355603176
2553,0.1651329887810412
39744,0.6785789318878944
57804,0.2746123786713727
25715,0.22912727425522084
15933,0.9147863355603176
34434,0.661771503004328
25103,0.9124858187318795
49955,0.07393167780158831
53768,0.4532123198453717
40732,0.8804151434934241
9033,0.050044119500819356
34580,0.03609395352745914
20928,0.8213160216815831
27210,0.8566956594814908
33371,0.03731249212151771
12301,0.5698768855834279
68796,0.9147863355603176
69759,0.7202613555191394
48792,0.15252741711836632
21425,0.9147863355603176
10361,0.6918357914198076
33587,0.034161099205848984
31404,0.8894281272322367
19660,0.48060842892558514
26910,0.45854867851590403
50913,0.16786419597462077
17183,0.4403126181772343
73351,0.9146287659145343
17301,0.8972225723769908
3440,0.8286272532459348
75807,0.25001050464305224
16428,0.6528845749821421
46625,0.8087524685911173
46024,0.8213160216815831
15251,0.4899785705281734
65251,0.8240157149460062
66096,0.9147863355603176
73354,0.7225723769906298
34876,0.297365435522501
43372,0.315160300852977
3810,0.9009412160174798
32357,0.2483087524685911
38312,0.38650783646371695
33643,0.49432749275179627
63823,0.3939661330307997
1627,0.5765158199924367
32876,0.3413378713391319
61921,0.6123786713727468
46009,0.2078448674314047
63590,0.3724946426320434
48128,0.4712382873229968
15958,0.35848144880036975
76450,0.9147863355603176
58716,0.7207865876717511
29411,0.3687549897054498
50132,0.2740241186604479
44611,0.8903525358208327
48218,0.039959662170679436
69073,0.8240157149460062
15702,0.15246438926005293
17564,0.8904785915374595
66555,0.0825664943905206
52108,0.3200764738014203
22186,0.17471322324467412
74599,0.8301609311315602
67937,0.6853019034413211
39714,0.37051976973822426
4647,0.9124858187318795
63351,0.9148913819908399
44292,0.030085297701584097
26652,0.03731249212151771
33718,0.9210471028194461
29073,0.8213160216815831
66447,0.21656372116475484
5675,0.10351275263666541
55895,0.1262027816294802
21989,0.8924954830034876
30867,0.749128114626665
15004,0.0357578049497878
11420,0.5778394050170176
32275,0.36270431530736585
46666,0.037711668557502416
46623,0.03731249212151771
12240,0.9634123282490861
62599,0.9146287659145343
16706,0.4444724568259171
73225,0.9243245514517416
32010,0.9819950418084794
40986,0.2544224547249884
44499,0.8356233455187193
75661,0.9788121349636539
38429,0.44569099541997564
75566,0.7663767385184251
12810,0.4312786251523173
4360,0.617988150762637
76729,0.7659145342241271
63366,0.8018614227488551
33827,0.6384722047144838
69386,0.963643430396235
59255,0.9173914870372704
1817,0.22595487205344764
14498,0.9273498886507836
31970,0.49252069414681293
77114,0.7812723223664859
18106,0.15338879784864912
78571,0.33528719694104797
27196,0.9857767133072818
50887,0.5727971763519476
5240,0.926446489348292
40160,0.9666792722383293
62797,0.9586537249464263
46360,0.9821946300264717
41723,0.9817639396613304
49263,0.5022900121853859
25231,0.2904323711080297
43715,0.7770284465733854
44160,0.3265683432076978
36846,0.7706626328837346
71483,0.9158367998655406
27302,0.07714609857557041
39329,0.9787596117483929
24029,0.5980923568217152
12522,0.9724253119878986
54216,0.9803353082062273
59623,0.24769948317156185
75702,0.9351653430816421
22076,0.3902264801042061
68148,0.9803353082062273
65170,0.9666792722383293
60163,0.1206353208117988
62905,0.951762679104164
29803,0.930942476574646
36924,0.5429009622253035
45441,0.9787596117483929
60078,0.978402453884617
61711,0.7015000630278583
27677,0.8676204882558091
76176,0.9707130551703852
5704,0.9372452624059835
61902,0.9787596117483929
60563,0.9834026639774779
78994,0.769265515357788
50946,0.9421194167822179
21301,0.9803353082062273
78942,0.9293457708307072
61033,0.9841064750619773
70598,0.7821967309550821
4792,0.9819950418084794
320,0.3424723727887726
38380,0.9834026639774779
10568,0.9819950418084794
5914,0.9279591579478129
72863,0.2691919828564226
54767,0.17435606538089835
7233,0.4919324341358881
54646,0.46193117357872177
64913,0.9788121349636539
25793,0.9819950418084794
51365,0.2615235934282953
9005,0.930942476574646
32600,0.8460019328543216
56732,0.9841064750619773
73108,0.21641665616202363
5807,0.8507500315139293
67397,0.930942476574646
52329,0.7607462498424304
27426,0.9803353082062273
41367,0.5405899407538132
65425,0.932917349468465
70821,0.978402453884617
69903,0.5274591369385268
23881,0.5499390730702971
73967,0.27860414303121983
65050,0.5973150132358502
62108,0.9670574393882095
69001,0.6088070927349888
76994,0.9803353082062273
79158,0.18238161267280137
30869,0.2685827135593933
40643,0.9803353082062273
38894,0.8178284801882433
50431,0.13870330686163285
7044,0.37396529265935546
34294,0.978402453884617
53584,0.963643430396235
23260,0.6621706794403126
43979,0.5235514097230977
27269,0.44718265473339214
30917,0.8469683600151267
6058,0.3937980587419639
45703,0.9829614689692844
22073,0.7093365267448212
65588,0.3117357872179503
13783,0.861380730282785
69135,0.18360015126685994
10538,0.9819950418084794
44046,0.1646497752006387
10511,0.4970797092314803
28209,0.978402453884617
67966,0.4645153157695701
10221,0.9803353082062273
3933,0.9421404260683222
13455,0.9819950418084794
3824,0.20185722089163413
38109,0.978402453884617
23447,0.929387789402916
56975,0.9677927644018656
71241,0.0802554729190302
7972,0.4316357830160931
60423,0.9351863523677467
62696,0.42199252069414683
27371,0.16540610950039916
3870,0.05285936383881676
55782,0.9852514811546703
78548,0.3283541325265767
26520,0.15622505147275095
47969,0.485923778310013
10316,0.9787596117483929
35362,0.9821946300264717
31324,0.28648262532039165
53679,0.3419891592083701
59946,0.8625677549476869
62649,0.9509223076599858
8485,0.9803353082062273
43953,0.3180595823353922
6051,0.18708769276020001
40935,0.9383377452834152
46105,0.9302281608470944
55829,0.36785159040295806
62980,0.9803353082062273
62472,0.34493045926299426
55280,0.4667002815244337
9706,0.056641035337619224
10266,0.4161729484432119
76622,0.9868061683264003
62086,0.9380015967057439
59941,0.2843816967099458
49726,0.8621160552964411
10565,0.4682969872683726
3599,0.7092104710281945
45972,0.9613219042816925
22064,0.9841064750619773
49221,0.9536745241396697
50346,0.7823227866717088
65351,0.14803142989201226
68536,0.9351863523677467
4747,0.18049077692340018
76236,0.9315202319425185
49715,0.566578427665028
41301,0.9819950418084794
71620,0.6934745157359554
31128,0.9819950418084794
79020,0.4061725282574898
58269,0.9819950418084794
50950,0.6564981721921089
60125,0.9342409344930459
3018,0.9097441068952477
49411,0.9819950418084794
16361,0.9803353082062273
31111,0.8975587209546619
62113,0.9841695029202908
78884,0.9162674902306819
6488,0.9819950418084794
57601,0.9787596117483929
45211,0.86060338669692
63870,0.9819950418084794
79052,0.8003907727215429
70345,0.2886045632169419
56893,0.9351863523677467
2420,0.16315811588722215
20044,0.9803353082062273
67022,0.32650531534938443
79134,0.9389890331526535
23053,0.11670658431026514
17060,0.3032900542039581
21519,0.9841064750619773
32845,0.9819950418084794
60205,0.7341695029202908
16925,0.978402453884617
59695,0.18998697424261524
35815,0.8620320181520231
2037,0.33904785915374597
3066,0.5021849657548637
30049,0.978402453884617
55262,0.9819950418084794
75650,0.15954451867725536
23483,0.2926593554351023
40640,0.963643430396235
75929,0.8625677549476869
66578,0.7408294466154041
25569,0.5317030127316275
25990,0.38228496995672084
16499,0.16672969452498002
39760,0.7980587419639481
37019,0.09294508172612294
40319,0.6497962099247867
41191,0.2823437959578134
61749,0.7716500693306442
34270,0.9172864406067482
51445,0.9819950418084794
59895,0.4185469977730157
5814,0.928379343669902
78223,0.4621832850119753
40413,0.9819950418084794
43664,0.9819950418084794
40762,0.3451405521240389
47801,0.20700449598722637
42040,0.38579352073616535
31160,0.930942476574646
34249,0.8446993571158452
48269,0.3752048405395185
7411,0.928232278667171
59022,0.8123870750871885
22704,0.9377074667002816
13454,0.9819950418084794
37806,0.6473381234505652
27361,0.27322576578847846
56364,0.9841695029202908
9917,0.9819950418084794
3689,0.9164145552334132
27181,0.769265515357788
70707,0.875646035547712
36158,0.9310160090760116
28879,0.978402453884617
69359,0.7091894617420901
28372,0.9310160090760116
72129,0.5511366023782512
39552,0.9365099373923274
58596,0.966941888314635
11245,0.520315979663011
54990,0.9819950418084794
55256,0.021429471826547336
43040,0.963643430396235
76675,0.9468254968696163
44441,0.9819950418084794
70035,0.8627673431656792
69375,0.9724253119878986
62669,0.9841064750619773
59649,0.978402453884617
36000,0.9585696878020085
18299,0.8585234673725788
12772,0.7368586915416614
635,0.985146434724148
71654,0.6926761628639859
16992,0.9313626622967351
76668,0.27047354930879447
76422,0.930942476574646
52137,0.9841064750619773
9067,0.37631833270305476
19200,0.2995714105634691
48136,0.9834026639774779
62772,0.18460859699987395
51802,0.43903105172486234
4924,0.9659649565107777
62171,0.8040043699315097
17111,0.9499243665700239
47651,0.6819404176646078
2348,0.1714357746123787
32443,0.9574246817093154
69158,0.4506071683684188
74890,0.9649039875625026
46629,0.04010672717341065
78079,0.19967225513677045
41629,0.7103449724778352
64231,0.15130887852430772
55310,0.5599394932560192
18813,0.19702508508760874
51575,0.7781629480230262
63926,0.016765410311357618
54709,0.2062901802596748
23448,0.9649039875625026
26845,0.9649039875625026
31590,0.7549476868775998
12027,0.3830413042564813
55049,0.9717215009033993
8563,0.9537585612840876
34387,0.7461027774276231
29715,0.7703054750199588
57624,0.8401193327450733
7046,0.6672969452498004
52077,0.5352535820832808
35054,0.5893524938022606
69811,0.7421740409260892
78235,0.7349258372200512
62745,0.9574246817093154
46157,0.8635236774654397
10412,0.14246396907433087
1951,0.39171813941762257
21214,0.770494558594899
74102,0.6182402621958906
72208,0.6721605949829824
21976,0.6120215135089709
20045,0.9719315937644438
18962,0.9552082020252951
31816,0.9552082020252951
2275,0.127064162359763
12939,0.6086810370183621
61994,0.7522374889701249
45214,0.5623555611580319
34034,0.346800285726291
60111,0.4462162275725871
57017,0.7624690113029958
35614,0.5773141728644061
19423,0.03092566914576243
77555,0.28089415521660577
74146,0.6455943527038951
41543,0.2585192655153578
37212,0.37898651203832096
24742,0.15630908861716877
65884,0.7826904491785368
2261,0.40144543888398676
61861,0.7780053783772427
6278,0.7826904491785368
592,0.3541745451489558
62864,0.5946678431866885
79193,0.9537585612840876
46104,0.6596495651077775
42688,0.7588554140930291
55033,0.5980923568217152
25147,0.3737341905122064
61597,0.36577167107861674
24757,0.7126559939493257
8745,0.9509853355182991
35051,0.9649039875625026
19347,0.43741333669481913
15488,0.9701773183747217
256,0.7703054750199588
7284,0.9575192234967856
66958,0.9382957267112063
63084,0.12204294298079753
20898,0.17630992898861295
27208,0.7703054750199588
23087,0.9537585612840876
61808,0.3170511366023782
73536,0.9644312786251522
65783,0.9578973906466658
71625,0.9658914240094122
48813,0.123807723013572
65452,0.9528971805538048
60011,0.10126475902348837
43226,0.7740451279465524
30777,0.28503298457918397
14194,0.9521408462540443
47633,0.024160679020126894
57803,0.7755998151182824
29656,0.9646308668431446
48818,0.6804277490650867
51370,0.7637925963275768
51053,0.20893735030883653
16117,0.07101138703306861
23950,0.9595361149628135
64069,0.24956930963485857
59966,0.9705764948107064
10223,0.13668641539560486
58727,0.2563448044035464
14180,0.8650153367788563
21144,0.616244380015967
28085,0.273204756502374
52133,0.7657044413630825
28014,0.7214168662548847
46567,0.39602504306903646
34284,0.5506323795117442
37339,0.9339047859153746
28547,0.9659649565107777
61763,0.6602588344048069
11930,0.2912727425522081
61010,0.9649039875625026
35498,0.11141224421194167
73375,0.48384385898567167
7888,0.9722047144838019
42771,0.436215807386865
40742,0.9649039875625026
17046,0.16330518088995336
11269,0.6199210050842473
46639,0.46522963149712177
6334,0.7483507710408001
75501,0.6721605949829824
65130,0.9646308668431446
26471,0.9637589814698098
36649,0.8956888944913652
29874,0.7703054750199588
60072,0.399806714567839
39052,0.20181520231942518
37,0.7826274213202234
24152,0.602945501911845
11826,0.8016303206017059
17940,0.7871339131896299
28556,0.7371948401193328
30506,0.8949325601916046
58106,0.5313038362956427
48701,0.7780053783772427
20093,0.7830581116853649
74992,0.5792680364721207
15859,0.6211185343922013
79203,0.9585696878020085
72330,0.9649039875625026
29961,0.554245976721711
23458,0.7905374175385521
12013,0.23019874784654817
68233,0.3923904365729653
1747,0.10168494474557754
73465,0.2322576578847851
73016,0.5524181688306231
33482,0.7780053783772427
9245,0.9528131434093869
20423,0.6632631623177444
75255,0.18404134627505356
75243,0.1674019916803227
36724,0.9705764948107064
60720,0.7826274213202234
52116,0.2842136224211101
18892,0.9537585612840876
61607,0.9596201521072314
37450,0.850560947938989
10687,0.16838942812723223
76357,0.2563448044035464
47007,0.7780053783772427
59568,0.7703054750199588
48698,0.9703138787344007
32315,0.25797302407664185
31358,0.9426026303626203
5493,0.7438968023866549
49064,0.37072986259926893
60840,0.9537585612840876
64304,0.5577545275011556
77518,0.36161183242993405
64378,0.7056599016765409
42876,0.7426152359342829
50868,0.17862095046010337
25379,0.3865708643220303
32643,0.7679734442623639
44325,0.3341737047775117
38597,0.07750325643934619
10639,0.3477667128870961
14902,0.7273624942224464
62782,0.02378251187024665
19341,0.37337703264843064
25922,0.187360813479558
55064,0.5935753603092567
18034,0.5013235850245809
24562,0.50852977015841
17635,0.568784402705996
39698,0.6111391234925837
76241,0.03775368712971134
40005,0.36898609185259884
73807,0.3217782259758814
73260,0.12681205092650952
51456,0.11086600277322578
10845,0.3636917517542753
6909,0.4198075549392832
49273,0.09157947812933316
56152,0.33093827471742504
28758,0.02067313752678684
63311,0.7537921761418547
38139,0.7755157779738644
66794,0.737573007269213
49089,0.6544182528677676
33039,0.38344048069246606
67510,0.2025505273330812
59901,0.6592293793856885
570,0.021849657548636502
14634,0.3477667128870961
49045,0.5210723139627716
16652,0.008088575150216396
56698,0.6522542963990084
68307,0.8394680448758352
67866,0.3672843396781378
72340,0.5324803563174924
27660,0.7678263792596326
42236,0.08933148451615613
15440,0.27933946804487586
28288,0.7493592167738141
30986,0.32245052313122397
1895,0.45537627631413086
16703,0.22313962771545023
17921,0.1585570822303458
50522,0.7291903021135342
49893,0.26440186562460605
17275,0.2080339510063448
21382,0.4724568259170554
20235,0.5976091432413128
19872,0.22612294634228328
6045,0.7234757762931215
15053,0.0037816714988024706
60104,0.5076683894281272
72949,0.7321105928820538
30654,0.29837388125551495
50386,0.7148409597041893
25906,0.16135131728223875
5393,0.38377662927013745
38204,0.7579730240766418
76659,0.16950292029076852
47114,0.7603260641203412
73084,0.9326862473213161
42941,0.31194588007899493
73106,0.4319929408798689
53880,0.9375919156267071
76351,0.5145174166981805
59253,0.6630320601705953
9309,0.679482331190386
49387,0.662506828017984
28352,0.9383167359973109
57015,0.597714189671835
46767,0.35724190092020675
75081,0.0411361821925291
20952,0.29274339257952015
49493,0.3134375393924114
66099,0.6607000294130005
10209,0.5210092861044582
66568,0.02397159544518677
22150,0.5639942854741796
2940,0.07309130635740997
10600,0.3607504516996512
37146,0.06962477415017437
40722,0.5996470439934452
443,0.2969242405143073
10589,0.12641287449052482
64830,0.932224043027018
43871,0.4654397243581663
8246,0.46195218286482626
17630,0.9315517458716753
64809,0.6375688054119921
27743,0.3025337199041977
56793,0.3921173158536073
34018,0.8760872305559056
69813,0.11061389133997228
11323,0.5026471700491617
78024,0.9383167359973109
51371,0.6401109290306315
21062,0.1232614815748561
42916,0.7049665952350939
10058,0.9383167359973109
27747,0.29108365897726796
27316,0.06920458842808522
29363,0.9341989159208369
32544,0.032900542039581496
51332,0.5709483591747553
78423,0.7311441657212487
43827,0.3678095718307492
58735,0.572818185638052
54079,0.9345560737846128
29883,0.9375919156267071
55163,0.3180805916214967
55487,0.04241774864490105
7045,0.5079205008613807
58481,0.9362788352451784
29318,0.3567376780536997
57610,0.02779528551619816
70993,0.2957897390646666
28394,0.4941594184629607
5098,0.7204084205218706
21712,0.2831001302575738
30858,0.30663053069456697
17819,0.42858943653094667
42646,0.421404260683222
12381,0.371423169040716
76672,0.286503634606496
14589,0.4386108660027732
30532,0.1667507038110845
13312,0.1332408924744737
62644,0.5859910080255473
74168,0.019097441068952475
70078,0.026891886213706463
46434,0.9242615235934283
22116,0.3159586537249464
62525,0.28463380814319933
27259,0.5046640615151897
57773,0.4312786251523173
17822,0.3091096264548931
22463,0.441258036051935
7961,0.044749779402495894
14441,0.4269297029286945
40210,0.2946552376150258
39024,0.09176856170427329
57142,0.934934240934493
32834,0.3317786461616034
73150,0.5667465019538637
16662,0.8431026513719063
75267,0.14798941131980337
8657,0.6789991176099835
62390,0.3530610529854195
35344,0.28391949241564773
62458,0.7854321610151688
65038,0.27244842220261356
75380,0.1256565401907643
77420,0.2947392747594437
45511,0.9353649312996345
48890,0.4172024034623303
13274,0.008634816588932307
20203,0.6259506701962269
25396,0.28942392537501577
40769,0.9383167359973109
16060,0.11080297491491238
50813,0.044014454388839865
65610,0.4328963401823606
1844,0.4786965838900794
17670,0.5184461531997143
9437,0.15477541073154333
70609,0.5796672129081054
18326,0.08248245724610277
57418,0.1071473591327367
19782,0.6169376864574142
13407,0.3773267784360687
12151,0.6593344258162107
61537,0.37900752132442533
28452,0.20425227950754232
61732,0.49712172780368924
5746,0.4519097441068953
4028,0.021156351107189376
65019,0.2658094877936048
78128,0.5307155762847179
17501,0.6532417328459178
38666,0.058762973234169506
36732,0.2262069834867011
3938,0.26097735198957944
62138,0.5100634480440355
4415,0.5531114752720702
54177,0.48960040337829325
68683,0.3265683432076978
50530,0.7609983612756839
12119,0.9376759527711247
7508,0.119542837934367
69051,0.29742846338081436
73334,0.7741501743770747
19477,0.0204420353796378
72611,0.24643892600529438
33972,0.9376759527711247
36164,0.9325812008907938
42460,0.18597420059666372
53334,0.41171897978906674
53381,0.48905416193957735
5256,0.9383167359973109
38726,0.4144922055548553
44877,0.042039581495020795
1056,0.3444472456825917
46649,0.09634858607504516
74049,0.427686037228455
16979,0.6461405941426109
67062,0.9353649312996345
47995,0.3475986385982604
14127,0.3299088196983066
28901,0.9129480230261776
61502,0.09905878398252027
67343,0.9124753140888272
49178,0.906781797554519
2971,0.6130509685280894
13834,0.696667927223833
29551,0.8089415521660573
39768,0.4796840203369889
56195,0.8950586159082313
494,0.4598302449682759
50111,0.39367200302533717
48889,0.33314424975839324
10483,0.40785327114584646
28524,0.6496806588512122
6027,0.38133955208202025
23366,0.6912475314088827
30845,0.7407454094709861
8253,0.8901424429597883
64357,0.906225051472751
22690,0.04458170511366024
65454,0.6347745703600992
53556,0.23398041934535066
66921,0.060821883272406396
55325,0.5320391613092988
62410,0.018845329635698977
20896,0.024874994747678472
75076,0.2696962057229295
27415,0.9071494600613471
23242,0.15319971427370896
53740,0.6212025715366193
43910,0.25265767469221395
32706,0.8758141098365478
54472,0.7644648934829195
46070,0.6299214252699694
76166,0.6983486701121896
68259,0.4264885079205009
20109,0.3336064540526913
14926,0.8468633135846044
33691,0.6234925837220051
46061,0.6496806588512122
12564,0.1246060758855414
33584,0.39150804655657795
36788,0.6547964200176478
53527,0.7248203706038069
30347,0.9180007563342998
63986,0.6239127694440942
9047,0.8877683936299844
74252,0.5053363586705323
68944,0.0023530400436993153
69507,0.3869280221858061
57257,0.39535274591369385
44722,0.07550737425942267
6923,0.6305306945669987
661,0.5090129837388125
7638,0.28822639606706163
31646,0.23559813437539392
17672,0.06376318332703056
74855,0.38963822009328125
75345,0.6244800201689147
63139,0.7820916845245599
53085,0.39965964956510774
51469,0.2977015841001723
51668,0.37554098911718975
27168,0.6517080549602925
39323,0.906781797554519
35037,0.24908609605445609
53445,0.906225051472751
34230,0.37993192991302155
56783,0.38033110634900624
59981,0.46464137148619694
67946,0.906225051472751
297,0.9083574940123534
51017,0.5350224799361317
18297,0.26406571704693477
7549,0.3283541325265768
7943,0.11414345140552123
53547,0.27324677507458295
17530,0.31415185511996296
72735,0.906225051472751
29406,0.906781797554519
75386,0.5472078658767175
29182,0.11771503004327911
20535,0.3046976763729568
26412,0.41749653346779275
38493,0.2041682423631245
42624,0.6302365645615362
9639,0.07059120131097946
49908,0.7898020925248961
63000,0.28278499096600695
13796,0.016702382453044246
23239,0.16956594814908188
8382,0.9129480230261776
64171,0.9071494600613471
49630,0.4531703012731627
68423,0.759947896970461
1884,0.31480314298920126
69727,0.03178704987604521
27074,0.13849321400058826
32976,0.07437287280978193
30566,0.906781797554519
25219,0.32650531534938443
16376,0.05603176604058994
4762,0.629081053825791
75449,0.3667380982394219
68260,0.906781797554519
9885,0.19318038573049287
45228,0.7611244169923106
20638,0.4324341358880625
23213,0.802092524896004
497,0.36623387537291485
44465,0.2858313374511534
4009,0.1533467792764402
60521,0.07737720072271943
73421,0.09519307533929998
64792,0.3705197697382243
31251,0.9074751039959663
8631,0.7171939997478886
33441,0.5700239505861591
57208,0.565338879784865
25596,0.8343627883524518
54893,0.19011302995924198
34263,0.906225051472751
71751,0.906225051472751
57812,0.03201815202319425
44513,0.7044833816546913
36520,0.3837766292701374
2671,0.3634606496071264
17141,0.4867431404680869
60033,0.48575570402117735
46147,0.8953737551997983
67620,0.05550653388797849
67446,0.5394764485902769
61856,0.741102567334762
22924,0.23235219967225515
42465,0.27402411866044796
63334,0.2982688348249926
46836,0.32606412034119087
45469,0.23040884070759274
33415,0.035505693516534306
59137,0.08914240094121602
35878,0.1058237741081558
20715,0.9788751628219673
48592,0.23235219967225515
24400,0.17752846758267157
47704,0.22648010420605905
60097,0.8057481406781797
30847,0.45476700701710154
8525,0.1935165343081642
67639,0.10200008403714443
42323,0.0752342535400647
15523,0.3943022816084709
36660,0.986196899029371
13845,0.86545653178705
22415,0.3579772259338627
1996,0.8631665196016639
27529,0.2805790159250388
60262,0.28165048951636623
77334,0.20685743098449516
54556,0.8106012857683096
43555,0.024244716164544728
55798,0.4331484516156141
24436,0.4087986890205471
28835,0.23118618429345772
78076,0.8614017395688895
57200,0.5721879070549183
37744,0.22404302701794196
56175,0.6065590991218118
43627,0.9752300516828439
9423,0.5217025925459052
2979,0.24435900668095298
69110,0.4147233077020043
68127,0.9752300516828439
70115,0.9788751628219673
1116,0.39556283877473847
45784,0.3634816588932308
3089,0.9745157359552922
46554,0.17130971889575194
69003,0.70900037816715
4262,0.01229043237110803
19334,0.8790705491827387
23556,0.5193705617883105
18800,0.20450439094079584
23773,0.31087440648766757
64515,0.3723265683432077
70561,0.17133072818185638
76083,0.07987730576914996
51691,0.32064372452624057
21768,0.024034623303500147
14962,0.28335224169082734
25412,0.28646161603428716
14482,0.6892936678011682
7026,0.3476196478843649
55660,0.5379637799907558
800,0.8633135846043952
66268,0.22973654355225012
428,0.5902558931047522
42680,0.07126349846632211
74548,0.9752300516828439
71551,0.3201395016597336
17274,0.5307155762847179
11883,0.05275431740829447
27115,0.11899659649565109
75442,0.4476028404554813
75282,0.3931887894449346
1392,0.8872851800495819
33002,0.16876759527711246
71674,0.07937308290264296
7635,0.17227614605655703
29992,0.04353124080843732
19516,0.8282070675238455
30991,0.3696583890079415
31018,0.5630908861716879
64681,0.058321778225975875
28461,0.1487667549056683
71360,0.0640363040463885
39219,0.9364153956048574
77088,0.28812134963653935
4024,0.14885079205008614
44707,0.07590655069540737
54797,0.9428232278667171
71305,0.09141140384049751
61822,0.8357599058783981
54673,0.5504117820076474
46979,0.17958737762090846
12289,0.4579604185049792
56495,0.7271944199336108
17574,0.07180973990503804
58482,0.9385163242153031
23124,0.9364153956048574
73892,0.2869028110424808
3884,0.17647800327744864
37181,0.5614101432833313
67851,0.2374679608386907
12835,0.08996176309928988
42846,0.9364153956048574
18403,0.8366948191100466
40181,0.21376948611286187
566,0.7441909323921174
41834,0.5504117820076474
4834,0.3286902811042481
70977,0.09217824278331022
13419,0.806630530694567
68961,0.6400268918862136
58242,0.2301357199882348
63356,0.19933610655909914
29755,0.9414261103407706
67429,0.2668809613849321
5948,0.9385163242153031
79076,0.01088281020210933
78538,0.8357599058783981
21347,0.2806420437833523
49307,0.9385163242153031
66334,0.8357599058783981
34652,0.9474557754527502
18757,0.5435207361653851
24396,0.10672717341064751
73332,0.9435165343081642
35562,0.17675112399680656
48069,0.4085255683011891
22552,0.1251102987520484
20479,0.5225849825622926
38032,0.9431068532291272
49633,0.0993949325601916
65278,0.5924828774318248
75368,0.2630782806000252
21943,0.9439262153872012
56092,0.0708643220303374
64227,0.940984915332577
57321,0.9385163242153031
50691,0.5429009622253035
19690,0.9414261103407706
70618,0.23776209084415312
17153,0.3247405353166099
29205,0.07979326862473213
31997,0.20379007521324424
57646,0.21721500903399305
66771,0.9414261103407706
77382,0.5435207361653851
49583,0.09903777469641582
41788,0.17007017101558888
78468,0.8357599058783981
685,0.25280473969494516
21605,0.2144207739821001
59859,0.6492919870582797
20170,0.2090423967393588
70780,0.11437455355267029
38563,0.9385163242153031
74606,0.06502374049329804
25136,0.9413000546241439
49985,0.4117609983612757
29718,0.5099373923274086
33206,0.09618051178620951
56126,0.8408336484726249
74921,0.07596957855372075
44473,0.9414261103407706
31219,0.9379385688474305
15927,0.8652044203537964
39200,0.09217824278331022
8626,0.5726291020631119
25105,0.237299886549855
19143,0.9414261103407706
16572,0.7858943653094667
75960,0.08199924366570023
66063,0.8986301945459894
33360,0.08048657506617925
21574,0.4042396739358796
37906,0.2861884953149292
14781,0.5496869616370436
47574,0.9385163242153031
26798,0.06321694188831463
58785,0.7558510861800917
10716,0.6701542081600067
25855,0.2435396445228791
61161,0.06397327618807513
31369,0.9364153956048574
36428,0.623576620866423
9002,0.9428232278667171
1213,0.07666288499516787
70516,0.10202109332324887
37657,0.063784192613135
18345,0.5994789697046095
31154,0.6139123492583722
52000,0.30867893608975167
45279,0.2977436026723812
66616,0.7762090844153114
14124,0.5263036262027816
40984,0.28570528173452664
1096,0.17782259758813393
13883,0.4704714483801841
19925,0.5092020673137527
70901,0.15895625866633054
1161,0.4704714483801841
55108,0.9617210807176773
33980,0.5825034665322072
78512,0.5098533551829909
68305,0.9629606285978403
51787,0.6602588344048069
64183,0.36512038320937856
34342,0.024454809025589313
47656,0.38747426362452203
21469,0.9644102693390478
69488,0.8470944157317536
71741,0.5941005924618682
36136,0.4065086768351611
46337,0.6929913021555528
69651,0.1419807554939283
13436,0.7802848859195765
50482,0.7849279381486617
20157,0.012122358082272364
72314,0.6559834446825498
29766,0.4202487499474768
31542,0.9634438421782429
42300,0.9663641329467625
33271,0.2733728307912097
42037,0.9644102693390478
19465,0.3427244842220261
64095,0.6867515441825286
37764,0.1806168326400269
53935,0.6910164292617337
78811,0.17254926677591498
44519,0.10046640615151896
14440,0.2901592503886718
17166,0.5950460103365688
20055,0.3082692550107147
24155,0.4683179965544771
30286,0.2156603218622631
41477,0.7609353334173705
41633,0.44333795537627635
26708,0.7081179881507627
4577,0.07775536787259969
68772,0.3320937854531703
41680,0.48762553048447416
77574,0.729778562124459
4723,0.5679650405479221
47851,0.14267406193537543
55265,0.49054582125299384
38035,0.9629606285978403
48095,0.4096600697508299
7033,0.6878440270599605
38620,0.1886843985041388
330,0.3582293373671163
9629,0.6876549434850204
50625,0.35331316441867305
7499,0.2135383839657128
33618,0.5799403336274633
25118,0.30867893608975167
7400,0.6559834446825498
76713,0.7740871465187613
18595,0.7176351947560823
51940,0.7801168116307408
5608,0.21118534392201352
68685,0.24139669734022437
19978,0.9640741207613766
79099,0.6456783898483129
210,0.3476826757426783
45483,0.7560191604689273
3272,0.7749485272490441
66541,0.16345224589268456
10533,0.4752510609689482
44240,0.6522332871129038
55187,0.9640741207613766
75444,0.023824530442455565
6213,0.6623807723013572
65093,0.9640741207613766
73111,0.9644102693390478
4103,0.7927013740073111
74467,0.059141140384049745
9341,0.4669313836715829
18527,0.8000336148577673
55245,0.6586201100886592
15733,0.915857809151645
12044,0.1870456741879911
67265,0.3803941342073196
1869,0.7193579562166477
72661,0.02285810328165049
14678,0.9622147989411319
11442,0.1805117862095046
75392,0.8083532921551325
47362,0.5491617294844322
67508,0.4736963737972184
40137,0.30675658641119374
6705,0.18962981637883947
64374,0.5385100214294718
61143,0.9622147989411319
64086,0.15929240724400184
79273,0.7639816799025169
15589,0.9418252867767554
695,0.28284801882432037
22114,0.6149418042774907
63309,0.4509012983738812
51673,0.6230513887138115
22258,0.9629606285978403
56517,0.1875078784822892
67651,0.7248413798899113
69166,0.5573133324929619
27704,0.5315139291566872
77908,0.7421530316399849
40795,0.3314635068700365
11293,0.5325013656035967
53970,0.07956216647758309
71891,0.5270809697886466
36332,0.671813941762259
54712,0.5103575780494979
71698,0.7690869364259002
29049,0.08521366443968233
42723,0.014412370267658306
39081,0.45115340980713475
61708,0.9723622841295853
26373,0.7465649817219212
44872,0.740052103029539
27917,0.6866885163242152
63833,0.5352535820832808
44773,0.7547796125887642
17041,0.33677885625446446
43152,0.3633135846043951
76355,0.2395268708769276
77162,0.8833984621202572
40955,0.002689188621370646
40598,0.6261187444850624
76712,0.28906676751123994
34623,0.20937854531703012
68021,0.9716269591159291
45803,0.3370939955460313
76705,0.9520988276818354
38736,0.8027438127652422
29456,0.9729715534266146
62695,0.4015925038867179
55919,0.0961805117862095
54817,0.04327912937518383
56415,0.5951090381948821
68946,0.7805475019958822
61395,0.07733518215051054
42679,0.774213202235388
30021,0.8315685533005589
387,0.39269507122147984
33928,0.9729715534266146
50614,0.5425438043615277
41793,0.02825748981049624
15186,0.09012983738812554
56912,0.02922391697130131
8119,0.18572208916341024
69836,0.22618597420059663
54305,0.39269507122147984
50299,0.9675511576116644
46717,0.009517206605319552
24784,0.9723622841295853
12077,0.7448737341905121
11180,0.02579940333627463
37137,0.966479684020337
5915,0.14519517626791043
49609,0.8025862431194589
11529,0.966479684020337
38166,0.10132778688180176
53011,0.7613135005672508
68667,0.8099710071851759
27051,0.10857599058783983
6781,0.6176730114710702
44892,0.7988150762637085
20048,0.3639228539014245
27658,0.15851506365813692
9400,0.966479684020337
11220,0.4334005630488676
46708,0.9670364301021052
54291,0.04052691289549981
19938,0.7363124501029455
35158,0.7448737341905121
48672,0.5416614143451405
43352,0.3891339972267742
52235,0.966479684020337
41341,0.9723622841295853
33823,0.9723622841295853
20257,0.5550863481658893
27207,0.33440480692466074
61408,0.5673767805369974
16227,0.2814824152275306
27758,0.7409134837598218
76272,0.7975125005252321
53252,0.15126685995209882
14747,0.7123408546577586
13281,0.9736333459389049
66169,0.025043069036514137
59885,0.873902264801042
59813,0.1492709777721753
73981,0.6146056556998193
47368,0.7805475019958822
56036,0.20752972813983783
4536,0.4890751712256818
43095,0.3197193159376444
64596,0.33734610697928485
58052,0.32841716038489016
68113,0.9670364301021052
1757,0.47090213874532544
74355,0.3047186856590613
79127,0.34896424219505023
22025,0.005714525820412622
27008,0.9670364301021052
37031,0.17931425690155048
36949,0.023992604731291233
75014,0.07155762847178453
63691,0.2059750409681079
54166,0.7444010252531618
15151,0.4875835119122652
38547,0.966479684020337
23573,0.9675511576116644
66434,0.5931971931593765
78817,0.616244380015967
37272,0.7924702718601622
25826,0.552502205975041
57731,0.8025862431194589
50045,0.966479684020337
34264,0.9670364301021052
25104,0.7409765116181353
66227,0.9675511576116644
55402,0.5020379007521324
46729,0.2990461784108576
75222,0.9670364301021052
37697,0.3130593722425312
61452,0.3030379427707046
56362,0.008550779444514475
49951,0.009601243749737384
5207,0.21030295390562628
17791,0.23379133577041053
69111,0.6396907433085425
78195,0.9675511576116644
917,0.5178158746165805
16912,0.9675511576116644
59156,0.5678389848312956
66721,0.5419975629228119
23040,0.38942812723223663
31286,0.2870288667591075
62503,0.8048237320895836
11137,0.4900415983864868
7974,0.4503130383629565
33698,0.966479684020337
12420,0.616013277868818
4020,0.35991008025547294
58831,0.3437959578133534
24189,0.7266901970671036
62577,0.30057985629648304
27589,0.10887012059330224
17159,0.8848691121475692
72179,0.22164796840203368
40892,0.8988823059792429
6807,0.8970860120173115
57814,0.5039287365015337
35519,0.5472708937350309
49048,0.09189461742090005
44359,0.18990293709819742
57276,0.3437959578133534
75302,0.8968759191562672
16451,0.8968759191562672
23672,0.3496365393503929
39160,0.8909197865456532
43745,0.8285222068154123
66135,0.7003025337199041
20947,0.7580990797932685
52636,0.4064666582629522
60849,0.4384848102861465
4002,0.783793436699021
53812,0.8988823059792429
42866,0.8989033152653473
3771,0.8529560065548972
53837,0.15977562082440439
1503,0.1848817177192319
38986,0.8969914702298416
63028,0.7100088239001638
23245,0.23603932938358754
50017,0.10107567544854827
36944,0.8962981637883946
14022,0.49976889785285095
73195,0.28255388881885796
11037,0.15214924996848608
11937,0.9357641077356192
26017,0.8988823059792429
11110,0.6205722929534855
75126,0.8988823059792429
48625,0.8693432497163748
29670,0.8974956930963486
73958,0.8935459473087105
40078,0.8146980965586789
2838,0.8969914702298416
68755,0.8074919114248497
52673,0.7619437791503846
22332,0.5218916761208453
50935,0.8503088365057355
14319,0.899029370981974
4696,0.8988823059792429
73253,0.18712971133240894
5242,0.10742047985209462
61481,0.33957309130635743
11546,0.2083911088701206
12501,0.8969914702298416
42719,0.587125509475188
7339,0.7826169166771711
43285,0.356884743056431
39575,0.8988823059792429
4483,0.8970860120173115
51617,0.8368839026849867
73905,0.8440690785327115
38898,0.5330055884701038
37252,0.895174166981806
10074,0.7163536283037102
47994,0.06863733770326484
49753,0.28087314593050133
6611,0.8969914702298416
75170,0.8974956930963486
40003,0.4815748560863902
27116,0.899029370981974
61919,0.5750871885373335
74580,0.8988823059792429
78634,0.21473591327366695
76045,0.06821715198117569
72870,0.899029370981974
72993,0.5696667927223833
15121,0.8909197865456532
9476,0.899029370981974
42677,0.895174166981806
1075,0.8969914702298416
65140,0.8962981637883946
14261,0.8969914702298416
73110,0.2389176015798983
72529,0.692634144291777
26856,0.8988823059792429
54080,0.7464179167191899
33546,0.8988823059792429
77253,0.895174166981806
14636,0.9136728433967815
65533,0.2632673641749654
19523,0.6097525106096895
53172,0.8965397705785957
9387,0.895174166981806
42322,0.20372704735493088
57396,0.6233245094331695
2581,0.6359720996680533
12599,0.8977688138157065
6084,0.7871549224757343
52135,0.8962981637883946
41617,0.8988823059792429
56889,0.45781335350224794
4312,0.8962981637883946
38774,0.8988823059792429
66102,0.8989033152653473
5900,0.8988823059792429
10847,0.895174166981806
31569,0.8988823059792429
841,0.10731543342157233
9835,0.14376654481280726
40410,0.8325139711752594
61563,0.5649607126349846
38737,0.3436488928106223
26549,0.8962981637883946
12976,0.3748266733896382
36861,0.10725240556325895
48927,0.9112567754947687
45440,0.8086684314466993
766,0.8974956930963486
17825,0.8516744401025255
72401,0.8989033152653473
44112,0.5689524769948318
72161,0.10160090760115971
53025,0.6109500399176436
40139,0.8988823059792429
77633,0.7296735156939368
2621,0.8988823059792429
73877,0.7343585864952309
53864,0.5637421740409261
39478,0.8962981637883946
59373,0.3437959578133534
35795,0.10941636203201816
17683,0.8161897558720955
45709,0.6649649144922055
62452,0.2918610025631329
20126,0.09555023320307576
15832,0.10443716122526157
38315,0.10276692297995715
47483,0.8518635236774655
13909,0.7867557460397495
33958,0.899029370981974
8081,0.6978024286734735
44459,0.3840707592755998
69036,0.8988823059792429
49820,0.6932224043027019
72172,0.887474263624522
77784,0.8909197865456532
19117,0.7951384511954283
20602,0.5467666708685238
69779,0.3041934535064499
20345,0.8938610866002774
60314,0.19857977225933862
1360,0.06926761628639859
31534,0.10887012059330224
26149,0.8988823059792429
46875,0.8511281986638094
34347,0.35675868733980415
1510,0.3790495398966343
56222,0.895174166981806
48459,0.8972750955922518
12781,0.14286314551031556
73893,0.8521156351107191
46711,0.5285096012437497
67382,0.8969914702298416
61366,0.8948275137610824
27940,0.8988823059792429
45168,0.774024118660448
65227,0.7560821883272406
27611,0.7443169881087441
29319,0.14351443337955375
62544,0.10733644270767678
15701,0.8924744737173831
59950,0.6821715198117567
12003,0.10666414555233412
69869,0.14412370267658306
14368,0.8988823059792429
23342,0.8965397705785957
36383,0.8032690449178537
2109,0.8962981637883946
12502,0.4910080255472919
10779,0.6731375267868397
69181,0.5003361485776714
55185,0.09620152107231396
11352,0.3029539056262868
64592,0.5501491659313417
78126,0.4032732467750746
73855,0.3266313710660112
637,0.6453212319845372
16631,0.2000924408588596
22667,0.22900121853859404
4513,0.8118618429345771
72813,0.22975755283835456
66730,0.3974746838102441
32814,0.8253918231858481
62404,0.5279003319467205
32306,0.6430522290852557
13867,0.20311777805790157
2964,0.2710197907475104
22077,0.6940627757468801
70052,0.6188705407790244
68753,0.7050716416656163
34744,0.44190932392117316
61257,0.3228286902811042
54274,0.8389428127232237
37298,0.15086768351611413
67997,0.5852766922979956
45372,0.7950334047649061
51249,0.2841505945627968
44675,0.4638010000420185
33258,0.32795495609059205
33440,0.4057943611076095
71281,0.04172444220345393
60185,0.593680406739779
56769,0.7313542585822934
54150,0.8308542375730074
50904,0.15074162779948738
69688,0.17570065969158366
433,0.845749821421068
5168,0.3377873019874784
74519,0.20797092314803145
78232,0.4915752762721122
34601,0.4663011050884491
41421,0.4868481868986092
43033,0.4406067481826968
38,0.4122021933694693
32545,0.8393629984453127
57921,0.09601243749737383
55356,0.0822723643850582
20373,0.4460901718559603
15262,0.40768519685701077
37362,0.35299802512710615
66250,0.36049834026639777
560,0.63261061389134
52138,0.6234505651497962
37090,0.09170553384595992
12613,0.29318458758771376
61306,0.26736417496533466
73775,0.7886886003613598
25458,0.08038152863565697
39771,0.18656246060758855
13093,0.29665111979494935
57912,0.2254716584730451
20685,0.6506575906550696
43206,0.16778015883020295
71285,0.6639354594730871
61825,0.33461489978570524
61510,0.8375561998403295
18891,0.7335602336232615
24715,0.717761250472709
24816,0.8438379763855625
3748,0.8301609311315601
11601,0.44901046262448
1598,0.3803731249212152
62538,0.46642716080507585
20875,0.3578931887894449
14081,0.5132358502458086
24313,0.1793982940459683
9373,0.31549644943064836
78920,0.09359636959536116
22392,0.0006722971553426615
4303,0.3696373797218371
35775,0.17767553258540278
22695,0.1606370015546872
10974,0.31955124164880877
13286,0.7017941930333208
28440,0.8349510483633766
49778,0.3203285852346737
7524,0.19832766082608513
38599,0.4205638892390437
15168,0.32034959452077816
50894,0.14517416698180596
1560,0.1503844699357116
13314,0.1987898651203832
25018,0.8740703390898777
48003,0.46848607084331273
7929,0.6020631118954578
67644,0.1092903063153914
19643,0.4748308752468591
46941,0.7936257825959073
10448,0.06552796335980503
15864,0.22410605487625532
42030,0.6073154334215723
7940,0.1476112441699231
16106,0.322681625278373
47177,0.9506912055128366
46301,0.19099541997562922
32536,0.13242153031639986
19798,0.692865246438926
56922,0.6490398756250263
71190,0.9097441068952477
71036,0.3604143031219799
17291,0.1570654229169293
24143,0.08078070507164166
761,0.34194714063616116
45383,0.4691793772847599
76102,0.22087062481616873
53451,0.35533005588470107
43014,0.4280852136644397
30178,0.07319635278793227
45799,0.9506912055128366
67322,0.561536198999958
63156,0.13216941888314634
69919,0.9547985209462583
55007,0.953506449850834
9477,0.952949703769066
70430,0.7585192655153579
58707,0.4340518509181058
59057,0.952949703769066
22118,0.2449472666918778
61359,0.2567754947686877
46194,0.23143829572671118
57894,0.9514790537417538
42504,0.3787764191772764
57139,0.035106517080549605
47781,0.4693054330013866
29481,0.40287407033908984
22212,0.15038446993571158
52727,0.33314424975839324
45313,0.9506912055128366
40082,0.6605319551241648
68185,0.7873440060506743
68123,0.952949703769066
64611,0.691121475692256
25288,0.19866380940375647
29382,0.31816462876591456
55729,0.31749233161057183
19545,0.7760200008403714
47097,0.09735703180805916
11010,0.27803689230639944
35951,0.08994075381318543
76217,0.3001806798604984
11673,0.16786419597462077
51530,0.16723391739148705
64861,0.19183579141980756
69755,0.33169460901718556
52205,0.20162611874448508
64556,0.2171729904617841
9796,0.08380604227068365
54545,0.6753435018278079
30698,0.8110844993487122
31076,0.954924576662885
61522,0.7447581831169376
60654,0.22988360855498127
20141,0.8031850077734358
55834,0.6602588344048069
77745,0.1460565569981932
1755,0.010966847346527165
149,0.952949703769066
58419,0.5729442413546787
43307,0.7508928946594394
53261,0.5733434177906634
75149,0.6863943863187528
34382,0.6195008193621581
5830,0.9503760662212698
69307,0.3978528509601243
28344,0.5754233371150048
77845,0.18546997773015672
2016,0.05109458380604227
5193,0.10447917979747047
78439,0.07193579562166479
78643,0.5538257909996217
33372,0.742342115214925
38098,0.0717257027606202
58906,0.954924576662885
11174,0.27948653304760707
866,0.6288709609647464
12756,0.43083743014412373
23397,0.3177654523299298
49396,0.6788940711794614
74286,0.09328123030379427
62223,0.7638766334719946
4478,0.801630320601706
57451,0.8363796798184797
55955,0.5971259296609102
77461,0.8572629102063112
16866,0.7432245052313121
43989,0.14294718265473338
4508,0.9514790537417538
70881,0.3242573217362074
64948,0.363859826043111
56096,0.9514790537417538
65889,0.6392075297281399
69997,0.6443758141098365
45566,0.37715870414723307
17158,0.38211689566788526
69410,0.8581663095088029
65716,0.18952476994831716
12639,0.18519685701079877
63296,0.2841295852766923
60181,0.4509643262321947
24545,0.9514790537417538
60195,0.6811840833648471
26755,0.7783100130257573
7437,0.954924576662885
34569,0.0815160300852977
365,0.95735114920795
14649,0.9166351527375101
15083,0.953506449850834
58602,0.2678683978318417
55382,0.5880289087776798
55655,0.954924576662885
78605,0.952949703769066
2802,0.9011723181646287
58183,0.3714651876129249
72333,0.5314298920122694
70642,0.952949703769066
56894,0.3916130929871003
12857,0.6294592209756712
78375,0.32782890037396534
24854,0.3895962015210723
1246,0.9547985209462583
22746,0.2577629312155973
13747,0.21173158536072945
30616,0.5848670112189587
36822,0.8162527837304089
38700,0.4205218706668348
68776,0.6362872389596201
61757,0.6890835749401235
72631,0.36862893398882307
14729,0.4246607000294131
6476,0.31194588007899493
11320,0.08870120593302239
22229,0.6667507038110845
69931,0.24486322954745998
47735,0.5969998739442834
77733,0.9764170763477457
69104,0.259170553384596
7690,0.5969998739442834
32873,0.8267364174965334
21535,0.6452161855540148
76644,0.8362956426740619
38263,0.17143577461237866
39852,0.09838648682717761
17358,0.9752300516828439
58421,0.4957771334930039
37068,0.4625194335896466
71484,0.9847892768603722
38641,0.24568259170553386
37607,0.18349510483633766
19421,0.7824488423883357
1790,0.6079036934324972
48357,0.8579141980755495
63295,0.17872599689062563
13740,0.441258036051935
55873,0.48880205050632375
39964,0.5825034665322072
25652,0.5523551409723098
40233,0.9517941930333208
51978,0.4595151056767091
9231,0.394995588049918
47830,0.5202949703769066
65547,0.35104416151939155
10840,0.15626707004495988
38637,0.15408210429009622
1404,0.7854636749443253
44226,0.7125929660910123
49933,0.14788436488928106
1696,0.18471364343039623
31959,0.04559015084667423
61265,0.5822093365267448
71873,0.055674608176814154
62176,0.8624942224463213
2432,0.6437665448128073
34113,0.7732677843606875
22621,0.5423757300726921
65909,0.3257699903357284
910,0.12174881297533509
14916,0.3994285474179587
28183,0.3741543762342956
72507,0.2740871465187613
52552,0.9570990377746965
63191,0.9745157359552922
2403,0.41424009412160173
72515,0.18973486280936172
32162,0.7854636749443253
28744,0.19624774150174376
21687,0.44877936047733097
39535,0.5028362536241019
11416,0.8084373292995504
34013,0.08454136728433968
53518,0.9799781503424514
1196,0.7271524013614018
29903,0.10584478339426028
50576,0.8704777511660154
15705,0.7107441489138199
64858,0.3992394638430186
65793,0.7835833438379765
16366,0.5314719105844784
66946,0.6984957351149208
57633,0.7557670490356738
4726,0.3634396403210219
7447,0.14988024706920458
24723,0.3391949241564772
25193,0.41907222992562715
78055,0.29423505189293664
70321,0.30589520568091094
13664,0.5822093365267448
9305,0.30127316273793014
1726,0.7450313038362957
73840,0.15361989999579814
28798,0.7559351233245094
57033,0.5822093365267448
21515,0.1288709609647464
5913,0.5618933568637338
24844,0.35478381444598517
12517,0.5871465187612924
51806,0.6521702592545905
57746,0.28370939955460317
76863,0.1479684020336989
1380,0.20534476238497415
69225,0.7046724652296316
28068,0.4542627841505946
53912,0.390499600823564
10436,0.9752300516828439
34414,0.4694945165763267
15660,0.5969998739442834
36559,0.6943358964662382
54952,0.7629522248833984
66189,0.3484180007563343
44434,0.03040043699315097
3622,0.6029665111979495
70865,0.9794108996176311
7220,0.5971049203748057
11163,0.7509979410899618
62364,0.49703769065927145
65549,0.34530862641287446
59861,0.3388797848649103
2811,0.6567082650531535
11162,0.5453800579856297
46247,0.5848670112189587
69673,0.18183537123408547
30629,0.8241312660195806
44564,0.7332450943316946
12364,0.4140930291188705
51311,0.3475986385982604
67043,0.40434472036640196
37135,0.45493508130593724
43357,0.11374427496953654
29048,0.37093995546031344
60999,0.19811756796504054
34417,0.0018908357494012353
21275,0.7221101726963317
15929,0.8884196814992227
49883,0.8781881591663515
62785,0.09525610319761335
38375,0.09107525526282617
36913,0.8790075213244254
40970,0.35911172738350344
60777,0.014328333123240472
47599,0.02951804697676373
46372,0.8781881591663515
78112,0.2708307071725703
21606,0.5208412118156226
27329,0.5340980713475356
14964,0.45802344636329256
20461,0.5217656204042187
5296,0.15309466784318668
12121,0.8895121643766545
19511,0.8781671498802471
68951,0.44453548468423043
47929,0.8772847598638599
22370,0.30759695785537206
32584,0.7953695533425775
27714,0.8781251313080382
46931,0.87902853061053
12214,0.272973654355225
58329,0.4446195218286482
74267,0.5672507248203705
64223,0.5614101432833313
50763,0.5788058321778226
17324,0.42852640867263325
62710,0.35327114584646413
53176,0.2665027942350519
60646,0.44348502037900756
30784,0.3256964578343628
8750,0.8798373881255515
33514,0.3638388167570066
69620,0.7250724820370603
35646,0.48262532039161304
68188,0.8784402705996049
21330,0.8781881591663515
11596,0.5041598386486826
18206,0.15427118786503635
1313,0.4600403378293205
56566,0.7304298499936972
561,0.8136266229673516
33726,0.7786251523173243
39995,0.8790075213244254
5388,0.8790075213244254
9853,0.18994495567040634
70659,0.7251565191814783
41003,0.19767637295684692
47554,0.08193621580738686
41616,0.8790075213244254
45680,0.21519811756796503
36143,0.5083406865834699
10893,0.8786503634606496
50622,0.3685659061305097
10392,0.43499726879280637
35168,0.24097651161813524
7311,0.5839110887012059
54640,0.8790075213244254
17277,0.8791440816841044
64205,0.43392579520147906
25558,0.685890163452246
35394,0.8790075213244254
33013,0.8791440816841044
11341,0.7269633177864616
52301,0.74311945880079
56177,0.8784402705996049
3347,0.41482835413252656
61261,0.10174797260389092
28262,0.11378629354174545
49229,0.8778835245178369
77032,0.4416782217740241
19972,0.6226942308500356
28877,0.8784402705996049
56132,0.8794277070465145
39420,0.8790075213244254
4948,0.07638976427580992
43221,0.5328165048951637
9968,0.35827135593932513
65630,0.8781251313080382
51884,0.25421236186394386
28315,0.3878104122021934
6792,0.1378629354174545
72059,0.22465229631497122
13451,0.4238833564435481
40613,0.8344888440690785
67422,0.879994957771335
77706,0.3256964578343628
51721,0.7136644396823396
71310,0.8781251313080382
71449,0.7483717803269045
20708,0.14624564057313336
40959,0.8275557796546072
50412,0.18557502416067903
3,0.8858355393083744
16092,0.8781251313080382
68296,0.21051304676667085
44991,0.5435102315223329
9426,0.8790075213244254
68712,0.2767973444262364
26426,0.7771545022900122
11295,0.6094163620320182
16305,0.5184671624858187
35234,0.8778835245178369
54546,0.8798373881255515
14275,0.26904491785369133
7849,0.6737888146560781
48381,0.7418799109206269
25026,0.3956888944913652
77353,0.250367662506828
68048,0.8781251313080382
15249,0.7117525946468338
75051,0.17315853607294426
70028,0.15015336778856256
67854,0.625047270893735
7087,0.05117862095046011
10083,0.8790075213244254
66692,0.5124374973738393
2487,0.3791966048993655
72446,0.6098575570402117
59073,0.05138871381150469
22949,0.05401487457456195
55674,0.3684188411277785
19382,0.5292029076851968
19552,0.6244800201689147
13542,0.1406781797554519
73917,0.6958695743518635
69929,0.809886970040758
73920,0.1050254212361864
55990,0.3774738434387999
18848,0.21078616748602882
72001,0.3616958695743519
8860,0.43268624732131605
32329,0.42718181436194796
34960,0.5793520736165385
9922,0.6166015378797428
45785,0.7643388377662927
40932,0.6076095634270348
49833,0.6769822261439556
23978,0.7738980629438211
63002,0.36635993108954157
12819,0.82299676456994
38678,0.14672885415353587
71590,0.604731291230724
31386,0.05044329593680407
38016,0.8512962729526451
72373,0.6179461321904282
40089,0.048741543762342944
56734,0.05044329593680407
20432,0.6267280137820918
46911,0.6777805790159249
34630,0.22152191268540697
75609,0.6133661078196563
18707,0.2373208958359595
10096,0.7200722719441993
13935,0.8323038783142148
55898,0.7294003949745788
27332,0.5443295936804068
32070,0.3912559351233245
51645,0.7533194672045044
7613,0.8055380478171351
76410,0.4272868607924703
2890,0.7429303752258498
54098,0.8359805033824951
66325,0.7223097609143242
10132,0.12116055296441025
19732,0.6945459893272826
74080,0.0617252825748981
25739,0.36406991890415563
71892,0.6256775494768688
54438,0.5777763771587042
19570,0.756145216185554
46405,0.7223097609143242
36170,0.10905920416824237
14856,0.40474389680238665
56236,0.3208748266733896
36146,0.1861422748854994
33352,0.7057439388209589
9973,0.6747342325307786
30721,0.7015630908861716
28364,0.6384091768561704
60304,0.36680112609773524
25706,0.43560653808983574
32450,0.07720912643388378
35970,0.8462330350014705
72524,0.5326064120341191
47966,0.8236480524391782
802,0.7235177948653305
52684,0.5247489390310517
41942,0.05166183453086264
30985,0.6785159040295811
25369,0.7766712887096098
37942,0.40375646035547713
39268,0.5241396697340225
73470,0.47787722173200553
17353,0.5572082860624397
45616,0.05065338879784865
52244,0.5948989453338376
18321,0.007857473003067356
32223,0.8577461237867138
40478,0.7417118366317913
6854,0.7582461447959998
35525,0.601012647590235
6459,0.39121391655111565
13807,0.05044329593680407
39711,0.7351569393672003
78471,0.3058111685364931
75402,0.7533194672045044
36491,0.3670742468170931
8078,0.7011849237362915
2957,0.6066221269801252
38384,0.7566704483381654
10975,0.7163326190176057
45648,0.7796335980503383
13445,0.4579394092188747
61773,0.31404680868944074
46145,0.19425185932182024
28342,0.5517248623891761
42250,0.12710618093197193
62183,0.586936425900248
35170,0.6569183579141981
57889,0.6658473045085929
12398,0.15513256859531913
39292,0.28725996890625655
77311,0.45409470986175887
26383,0.36663305180889955
61717,0.7382242951384512
23297,0.12523635446867518
18386,0.9698096558678936
34471,0.5517038531030716
38410,0.973444262363965
75277,0.24137568805411994
33893,0.15477541073154336
37290,0.9715324173284592
66355,0.8357704105214504
45772,0.02308920542879953
63172,0.535400647086012
42532,0.6402369847472583
34458,0.39188621370645826
46927,0.6913105592671961
60149,0.8379763855624186
18596,0.974547249884449
73652,0.9765011134921635
4678,0.656687255767049
53473,0.970103785873356
51260,0.9530652548426405
75079,0.34463632925753185
25762,0.48607084331274425
28550,0.8447623849741586
44649,0.6377999075591411
52187,0.12029917223412749
4332,0.9697676372956847
70200,0.970103785873356
5191,0.9518467162485819
27863,0.6231354258582295
35136,0.47027186016219164
71493,0.974547249884449
16143,0.4804613639228539
34415,0.5557166267490231
37564,0.560023530400437
12885,0.9518467162485819
15402,0.0635320811798815
31114,0.3133114836757847
47079,0.8669902096726753
56867,0.42604731291230724
18977,0.8691121475692256
6850,0.40663473255178784
57176,0.768981889995378
60157,0.3955838480608429
66962,0.9793058531871087
72727,0.66168746585991
42488,0.9780873145930501
43210,0.6726753224925416
59897,0.9697676372956847
1106,0.41255935123324505
32276,0.3878944493466112
49391,0.7695701500063028
45854,0.399302491701332
28226,0.9697676372956847
8573,0.6837051976973822
41917,0.8864027900331947
64840,0.3114626664985924
3197,0.5561788310433212
26614,0.6698810874406488
77068,0.560023530400437
487,0.7713349300390773
371,0.5561368124711122
18896,0.6422958947854952
76982,0.7761880751292072
15408,0.08454136728433968
64211,0.4160258834404807
8838,0.6308458338585655
30409,0.46088070927349883
19623,0.31436194798100764
16683,0.2215009033993025
60108,0.9726879280642043
49298,0.8685659061305097
30870,0.7729106264969117
34816,0.9765011134921635
24004,0.8684188411277786
16941,0.7722488339846212
75117,0.11847136434303963
13267,0.7459557124248919
38453,0.6214126643976637
61780,0.5561368124711122
3633,0.6135551913945964
16494,0.011681163074078743
15894,0.2735198957939409
11657,0.5561368124711122
18523,0.2831631581158872
33735,0.38514223286692717
25319,0.77394008151603
66206,0.7197151140804235
32874,0.5030043279129375
78586,0.9530442455565359
53633,0.7549686961637043
74820,0.974547249884449
34208,0.16107819656288078
15776,0.9745157359552922
39466,0.9518467162485819
22959,0.9055212403882517
37580,0.7689608807092735
72680,0.5438673893861087
3259,0.9697676372956847
55284,0.4894953569477709
29991,0.7311231564351443
13878,0.9027690239085676
48826,0.560023530400437
4945,0.37667549056683053
40101,0.560023530400437
34333,0.1363082482457246
50987,0.9703138787344007
25763,0.562502626160763
11761,0.5416193957729316
42734,0.560023530400437
49574,0.8201395016597336
29378,0.4405437203243834
78711,0.9765011134921635
57655,0.9583490902979118
35772,0.4494936762048825
44485,0.5702760620194126
12056,0.38463801000042014
66401,0.643619479810076
34078,0.29307954115719154
11346,0.7747384343879995
61528,0.9503445522921131
2197,0.32026555737636037
70103,0.5395604857346948
24125,0.5420185722089162
36738,0.6397957897390647
35283,0.6376948611286188
15755,0.6402579940333627
77951,0.969641581579058
47014,0.7573427454935082
7834,0.9503445522921131
76783,0.7418589016345224
12882,0.9697676372956847
20370,0.6675910752552628
21391,0.9602399260473128
11250,0.4283373250976932
9778,0.6224421194167823
76132,0.729001218538594
73433,0.9706500273120721
70794,0.6048783562334551
72768,0.15567881003403505
65295,0.803332072776167
5323,0.5857178873061893
50232,0.764485902769024
11587,0.5332366906172528
26371,0.8724526240598344
36070,0.7722488339846212
35202,0.970103785873356
23228,0.08344888440690786
12042,0.08977267952434977
61417,0.36035127526366656
72041,0.974547249884449
38175,0.24883398462120257
26752,0.790306315391403
71320,0.6440396655321652
4410,0.1678011681163074
60562,0.1628849951678642
54413,0.39573091306357405
42783,0.2470481953023236
74849,0.10403798478927685
38180,0.4138619269717216
5575,0.6668977688138157
16935,0.2371738308332283
35826,0.7443590066809529
63756,0.9095760326064121
31499,0.9209630656750284
74945,0.7611769402075718
75435,0.834194714063616
77724,0.33406865834698934
8494,0.1458464641371486
5436,0.9200386570864322
74889,0.294066977604101
54214,0.566536409092819
47280,0.3770746670028153
32472,0.4410479431908904
18483,0.9218769696205723
45000,0.26948611286188495
75672,0.7447581831169376
78863,0.11036177990671876
37910,0.7585192655153579
43398,0.4223496785579226
20801,0.8384595991428211
41709,0.3929366780116812
26873,0.13611916467078447
16407,0.10786167486028825
68471,0.9128324719526031
10795,0.9196499852934997
48076,0.9134207319635279
69848,0.8169250808857514
14692,0.8075339299970588
26987,0.20091180301693345
1354,0.7766292701374007
5753,0.7614815748560865
37067,0.7611769402075718
1876,0.3812134963653935
24407,0.7597062901802597
3413,0.9131055926719611
10417,0.689335686373377
19240,0.8038993235009876
65937,0.7611769402075718
45533,0.10800873986301945
16044,0.4731921509307114
62620,0.8282490860960544
43020,0.9256901550485316
39374,0.08838606664145553
21183,0.11987898651203832
30256,0.4637589814698097
25571,0.41066851548384387
26206,0.9177486449010464
70383,0.922643808563385
42368,0.09349132316483887
41549,0.28415059456279673
64801,0.7611769402075718
77022,0.9218769696205723
46716,0.8827681835371234
66134,0.9196499852934997
1103,0.6591663515273751
7234,0.7634774570360099
47457,0.9171498802470692
10515,0.8008109584436321
77821,0.13979578973906467
66056,0.7233497205764948
34524,0.12082440438673896
37277,0.3182696751964368
45688,0.41131980335308205
48878,0.4694945165763267
70800,0.8562334551871927
33838,0.386738938610866
47953,0.639081474011513
8420,0.704189251649229
22996,0.8561284087566704
32695,0.7627736459515106
66202,0.14202277406613723
74068,0.2077398210008824
57858,0.6631581158872222
23705,0.9171498802470692
58877,0.7627736459515106
76911,0.12424891802176563
37685,0.8663179125173327
7066,0.9232320685743098
78695,0.9140300012605572
68516,0.8269044917853691
61294,0.8553300558847011
77907,0.7079709231480313
61915,0.3066935585528804
6862,0.7251145006092693
32451,0.9123912769444095
72621,0.7597062901802597
43877,0.04277490650867683
46413,0.699924366570024
48138,0.04074751039959662
27251,0.7237488970124796
41153,0.04729190302113534
52961,0.04313206437245263
65481,0.6074414891381991
59847,0.6173473675364511
39710,0.29723937980587417
58972,0.04585276692297996
53413,0.7100508424723727
20081,0.31868986091852597
17734,0.4351023152233287
38675,0.006596915836799865
49511,0.28347829740745406
15211,0.06281776545232992
74456,0.5818101600907601
69587,0.3587545695197277
13895,0.4866275893945124
40474,0.45340140342031177
16957,0.39432329089457535
64472,0.04277490650867683
6373,0.6980755493928316
7245,0.04313206437245263
44646,0.8200344552292114
5063,0.6578217572166898
36371,0.0715156098995756
27564,0.6930333207277618
15765,0.04313206437245263
23333,0.49140720198327664
40525,0.6173473675364511
42407,0.11235766208664229
25597,0.037018362116055296
26443,0.14382957267112065
26146,0.5190134039245348
19769,0.14097230976091432
25959,0.3693432497163746
56863,0.0571032396319173
7870,0.32287070885331315
42439,0.1965838900794151
5410,0.06666246480944578
50256,0.11996302365645616
37208,0.04510693726627169
73390,0.7134333375351906
38890,0.04313206437245263
35257,0.4656708265053153
68828,0.22643808563385015
37311,0.04729190302113534
57379,0.5387831421488297
68937,0.5153998067145679
53016,0.6173473675364511
67809,0.30104206059078115
14430,0.5381738728518004
27229,0.8362326148157485
62673,0.05531745031303836
35455,0.03826841463927056
61751,0.03826841463927056
45592,0.04313206437245263
27413,0.04313206437245263
12337,0.14658178915080464
27786,0.04739694945165763
9965,0.023929576872977854
10636,0.013277868818017562
32625,0.6077776377158703
21169,0.04136728433967814
42496,0.7087692760200008
13232,0.21133240892474472
2740,0.35196857010798777
13202,0.29385688474305643
48368,0.4719105844783394
69894,0.04074751039959662
43311,0.6294382116895668
28755,0.6954914072019833
73680,0.03905626286818774
48341,0.4973948485230472
47308,0.2927223832934157
75044,0.04585276692297996
41832,0.5475440144543889
49509,0.2178873061893357
62436,0.6157191478633556
27938,0.04313206437245263
20969,0.6734316567923022
48507,0.04739694945165763
17222,0.6564351443337956
57226,0.04313206437245263
71328,0.04313206437245263
67263,0.5338249506281777
18609,0.04739694945165763
51515,0.5646875919156267
61246,0.025967477625110296
47323,0.6186184293457709
19564,0.7515862011008866
43053,0.04313206437245263
3986,0.007332240850455901
78667,0.13584604395142655
48522,0.7253035841842094
61598,0.8296567082650531
20608,0.39627715450229
1068,0.03826841463927056
24486,0.04245976721710996
59011,0.4866275893945124
10941,0.2525946468339006
73830,0.33423673263582504
44150,0.5073742594226648
28206,0.22673221563931256
63601,0.04313206437245263
66426,0.04277490650867683
10482,0.4646623807723014
5154,0.8154334215723349
34732,0.03826841463927056
12063,0.6173473675364511
1910,0.11187444850623977
15691,0.04739694945165763
39602,0.04739694945165763
4135,0.43064834656918355
68275,0.4935291398798269
68372,0.04729190302113534
44224,0.41249632337493175
7214,0.30789108786083447
36539,0.23087104500189085
68922,0.052901382411025676
78968,0.7414177066263289
133,0.60372284549771
47099,0.5844993487121308
33350,0.9009727299466364
9717,0.2834782974074541
55992,0.14722257237699063
33162,0.09359636959536115
58454,0.45833858565485947
63322,0.9255956132610614
29566,0.8180175637631834
30816,0.9228433967813774
53081,0.6926551535778814
13704,0.951258456237657
36496,0.8201184923736292
50494,0.12685406949871844
20662,0.9255956132610614
26854,0.15345182570696247
79064,0.9228433967813774
44195,0.7272784570780285
20596,0.6876339341989159
28075,0.4792428253287954
37382,0.685848144880037
17359,0.38062523635446865
8594,0.2321946300264717
46937,0.1668977688138157
10151,0.03659817639396614
22607,0.9037774696415816
20983,0.5368082692550108
19788,0.9277280558006639
70249,0.5474179587377621
74346,0.6431362662296735
75621,0.5968528089415521
78642,0.14763225345602757
8072,0.6256985587629732
11768,0.28606243959830246
18808,0.7215429219715114
38033,0.15628807933106434
55824,0.3550359258792386
38932,0.536913315685533
54848,0.9304277490650869
21361,0.1176309928988613
23933,0.6675280473969495
71018,0.2144207739821001
78572,0.6628219673095508
50312,0.17580570612210597
6896,0.7859153745955713
61083,0.9277280558006639
27886,0.9277175511576118
49962,0.525904449766797
18769,0.610550863481659
47086,0.05958233539224337
35419,0.8702886675910753
17460,0.5199168032270264
32126,0.46613303079961343
8790,0.5474389680238665
48114,0.9228433967813774
3191,0.6738518425143912
52773,0.9277175511576118
45118,0.24570360099163832
3651,0.31270221437875545
57443,0.8542795915794782
38745,0.8709609647464179
68907,0.8347619647884365
42373,0.7720282364805245
60214,0.9277280558006639
20843,0.08183116937686458
74737,0.7356191436614984
67301,0.1004453968654145
76457,0.13435438463801
10861,0.7895499810916425
26709,0.5489936551955964
58009,0.12271524013614017
15630,0.3355603176604059
28528,0.49298289844111093
7904,0.9292827429723939
28616,0.28324719526030506
13335,0.06218748686919618
14693,0.7045464095130048
46220,0.7633724106054877
46762,0.6916677171309719
11540,0.17572166897768815
17128,0.9228433967813774
50831,0.22072355981343753
71821,0.8828102021093324
6274,0.9304277490650869
45713,0.9005630488675994
56748,0.18212950123954788
8537,0.12494222446321274
54647,0.22984158998277238
30029,0.2863985881759738
41965,0.9306273372830791
59625,0.7234127484348082
77304,0.29570570192024875
20720,0.9068868439850414
75417,0.6990209672675322
70199,0.8186898609185261
21499,0.14722257237699063
56327,0.9277280558006639
46183,0.3079751250052523
13307,0.7837304088407077
32960,0.7524475818311694
3642,0.4850203790075213
26337,0.6842724484222026
34269,0.9277280558006639
65558,0.1998613387117106
36487,0.5713475356107399
62148,0.9284843901004244
35671,0.46220429429807974
5535,0.69231900500021
19277,0.9129165090970209
56573,0.5961384932140006
22913,0.08349090297911677
17208,0.40715996470439936
76686,0.2710618093197193
10293,0.5909597041892517
36391,0.7065843102651371
69796,0.905269128954998
37494,0.5874196394806505
67006,0.19469305433001385
30937,0.7842136224211101
25497,0.6734736753645111
77079,0.1159712592966091
54155,0.9613219042816925
35011,0.617525946468339
369,0.011681163074078743
969,0.17765452329929832
44554,0.5963275767889408
58760,0.26246901130299594
9492,0.03378293205596874
16449,0.23337115004832135
30349,0.5917475524181688
36614,0.23935879658809192
11018,0.5169124753140888
64341,0.5483948905416195
33173,0.741102567334762
79167,0.3200134459431068
10684,0.42787512080339507
51508,0.3283541325265768
3233,0.13412328249086095
76390,0.32719862179083153
18303,0.17330560107567541
28512,0.3753939241144586
50722,0.34633808143199296
1832,0.2788982730366822
1243,0.14021597546115383
74540,0.2859994117399891
52022,0.8353292155132568
72393,0.20954661960586582
50478,0.3407496113282071
70193,0.5332156813311484
28907,0.9058363796798184
8999,0.672045043909408
59056,0.36127568385226266
58646,0.18460859699987395
41112,0.3519265515357788
35758,0.1112021513508971
73140,0.5919156267070045
7491,0.12263120299172232
18162,0.26314130845833855
46390,0.33251397117525944
73052,0.3163368208748267
50375,0.7379091558468843
67314,0.553237530988697
24162,0.282511870246649
32313,0.48193201395016594
15112,0.9080633640068911
67360,0.7048720534476237
57854,0.3685448968444052
23028,0.12126559939493257
63723,0.9077797386444809
22785,0.7048720534476237
47259,0.5483948905416195
19936,0.20309676877179714
12179,0.9114668683558133
21631,0.21832850119752933
56326,0.9113828312113954
51041,0.9114668683558133
14780,0.20496659523509395
16620,0.2670490356737678
66274,0.5105046430522291
16609,0.2760410101264759
57090,0.7167738140257994
3294,0.9058363796798184
44253,0.34266145636371276
73578,0.1262237909155847
23291,0.05056935165343082
3846,0.7551997983108535
28470,0.09779822681625279
47820,0.6258456237657045
54704,0.27062061431152573
74691,0.9151645027101979
13778,0.3979999159628556
75842,0.6373377032648432
22302,0.6734526660784067
45808,0.08334383797638556
37793,0.08185217866296902
67195,0.39052061010966854
32981,0.607252405563259
78277,0.5899407538131854
48115,0.722530358418421
1215,0.020967267532249253
21578,0.46006134711542507
63080,0.59693684608597
58704,0.11786209504601035
15763,0.9114668683558133
64281,0.5955502332030758
65132,0.5741417706626328
37680,0.6343333753519055
58409,0.9077797386444809
68105,0.6984957351149207
2106,0.9077797386444809
9506,0.0887012059330224
2414,0.9134417412496324
32215,0.5550653388797849
835,0.9077797386444809
42579,0.28801630320601707
22420,0.7409975209042395
12538,0.05947728896172109
46058,0.19467204504390942
59759,0.9095130047480987
13164,0.5390562628681878
50183,0.9166351527375101
22937,0.8999327702844657
44144,0.8281650489516368
50540,0.15509055002311023
51154,0.8985881759737803
5610,0.6164124543048027
11908,0.9114668683558133
4582,0.4035253582083281
15090,0.9169292827429724
9678,0.3480608428925585
60927,0.6842094205638892
2524,0.2634984663221144
46951,0.21982016051094586
55207,0.10697928484390101
56412,0.9114668683558133
68520,0.2516282196730955
75620,0.9114668683558133
19463,0.4697466280095803
54713,0.7542963990083617
4783,0.6567292743392579
30783,0.3999327702844657
19559,0.9138409176856171
4382,0.1851338291524854
38193,0.13704357325938063
33761,0.9185890163452246
55557,0.5909597041892517
7643,0.30982394218244463
39221,0.7965880919366359
79151,0.34551871927391903
20188,0.5917895709903779
35282,0.39627715450229
7374,0.206437245262406
53020,0.3421152149249968
47709,0.33467792764401866
26740,0.9114668683558133
75558,0.8578721795033405
59275,0.3878944493466112
10620,0.6175679650405479
53916,0.14849363418631034
66923,0.5011765200218498
76928,0.22072355981343753
21324,0.5909597041892517
556,0.43865288457498214
18706,0.41077356191436615
16705,0.8024496827597799
35864,0.4072019832766083
3286,0.7685196857010799
9931,0.1704693474515736
50223,0.31585360729442413
7848,0.9058363796798184
1314,0.5909597041892517
26470,0.1363082482457246
63768,0.7226354048489432
57573,0.3896802386654901
27910,0.35974200596663725
38232,0.3856254464473297
14707,0.18681457204084206
44014,0.769402075717467
42400,0.26637673851842514
25758,0.226017899911761
39340,0.9095340140342031
18654,0.9127064162359763
18257,0.7856422538762132
2973,0.9390730702970713
17807,0.08708349090297911
79318,0.07613765284255641
29284,0.31377368797008276
43075,0.015273750997941088
2766,0.39143451405521246
1542,0.12382873229967646
26850,0.5390772721542922
59947,0.7216479684020337
27473,0.9129375183831253
20992,0.9874259422664817
51953,0.017059540316820037
76539,0.9854930879448717
29333,0.9382221942098408
32377,0.29530652548426406
58437,0.41724442203453926
73986,0.6985587629732342
62258,0.27870918946174206
56800,0.6659313416530107
3772,0.07340644564897685
46229,0.9875940165553175
4656,0.004474977940249591
38099,0.39143451405521246
58383,0.08993024917013319
11435,0.4109626454893063
78656,0.0876507416277995
295,0.9380015967057439
41035,0.243854783814446
56248,0.9875625026261607
46158,0.18408336484726248
27500,0.017899911760998363
1738,0.9353754359426868
39030,0.9408063364006892
20366,0.9390730702970713
15358,0.24129165090970206
36114,0.22769864280011765
8315,0.08993024917013319
9720,0.5364301021051304
74701,0.38644480860540353
21323,0.3914030001260557
43891,0.2677213328291105
30298,0.5011765200218498
32827,0.6267280137820918
53015,0.9881927812092944
76156,0.9390730702970713
57558,0.35039287365015337
29060,0.4884238833564436
59636,0.207676793142569
28943,0.17673011471070213
77865,0.4812176982226144
3436,0.6195323332913149
17323,0.2016471280305895
73881,0.7454935081305937
55699,0.2656414135047691
74156,0.9850518929366779
44528,0.25150216395646874
16139,0.2781209294508173
42943,0.17862095046010337
52067,0.3872221521912686
5994,0.4516366233875373
9108,0.8002857262910207
57481,0.6410773561914366
26394,0.4464998529349973
56948,0.03294256061179041
77444,0.9390730702970713
34841,0.9875940165553175
44141,0.44730871045001885
13336,0.9278541115172906
3514,0.9875940165553175
49038,0.23643850581957224
42720,0.942497583932098
49112,0.39325181730324804
3783,0.1379259632757679
76413,0.9390730702970713
31226,0.6518761292491281
65422,0.1351842514391361
9337,0.0603176604058994
15386,0.9390730702970713
10703,0.4464998529349973
70401,0.6404260683221984
71622,0.9445985125425439
48038,0.6419387369217193
4925,0.1472750955922518
4533,0.9311735787217951
78973,0.9408063364006892
38171,0.5242867347367536
4056,0.6097945291818984
23536,0.8984621202571536
11954,0.9363838816757006
28401,0.2702634564477499
2851,0.12750535736795662
43006,0.2615446027143998
75136,0.7651581999243665
46074,0.9665952350939114
73941,0.6639144501869826
12880,0.15212824068238162
44913,0.9390730702970713
42749,0.716941888314635
25021,0.023992604731291233
23770,0.964095130047481
71056,0.4944535484684231
66395,0.3297617546955754
15883,0.3722845497709988
5973,0.04208160006722972
20824,0.46417916719189883
62666,0.8156645237194841
40644,0.9854930879448717
79012,0.21503004327912936
596,0.786356569603765
8805,0.9390730702970713
41955,0.9874259422664817
65213,0.9390730702970713
1952,0.9087146518761293
74936,0.20240346233035
71186,0.3552250094541787
7911,0.441993361065591
56097,0.9854930879448717
59118,0.35993108954157743
68050,0.13830413042564813
39501,0.9363628723895964
7527,0.979137778898273
63646,0.3551199630236564
4701,0.9416887264170763
59790,0.6201100886591874
27627,0.4346821295012395
24977,0.08983570738266315
48929,0.4670364301021051
25009,0.6590402958107484
73242,0.05090550023110215
9216,0.377200722719442
56631,0.9850518929366779
20540,0.25545190974410686
61893,0.6509517206605319
73670,0.9386108660027732
29188,0.19494516576326737
20626,0.22877011639144498
5425,0.37478465481742934
13266,0.4414261103407706
28841,0.9880982394218245
47935,0.9476658683137947
34319,0.6812891297953696
17394,0.2970082776587251
23520,0.9893377873019875
60092,0.951342493382075
10930,0.9893377873019875
43823,0.7035589730660953
21360,0.6868565906130509
728,0.9874259422664817
48894,0.30637841926131354
14592,0.23181646287659144
57895,0.9893377873019875
73611,0.9875940165553175
65868,0.6195323332913149
55312,0.2873229967645699
57852,0.9854930879448717
65748,0.2515862011008866
78502,0.9381276524223706
35032,0.07426782637925962
44136,0.3891970250850876
3544,0.9390730702970713
34207,0.9416887264170763
10708,0.9580654649355015
19253,0.16006975082986682
51587,0.9057313332492961
13238,0.27223832934156894
55983,0.48718433547628054
4793,0.6836211605529644
7958,0.6691457624269926
2018,0.0776503214420774
33689,0.5989747468381025
70405,0.31169376864574144
10977,0.3897012479515946
454,0.986196899029371
52128,0.2275725870834909
42617,0.6000252111433254
68994,0.9406487667549057
76790,0.9416887264170763
17044,0.9893377873019875
36902,0.9874259422664817
23807,0.12683306021261398
35508,0.2141266439766377
25989,0.6166015378797428
56322,0.9382221942098408
68323,0.3478927686037228
36840,0.474368670952561
29826,0.8259380646245641
24075,0.9899365519559645
8223,0.1351842514391361
8124,0.5239926047312912
39132,0.9386108660027732
47219,0.5796462036220009
5797,0.7007857473003067
36446,0.8363166519601664
76901,0.8304340518509181
60120,0.69542837934367
29681,0.2824278331022312
5189,0.37404932980377326
19614,0.8008319677297365
35031,0.5605067439808396
19158,0.42392537501575694
18734,0.6537039371402159
60664,0.2810622295054414
5058,0.48718433547628054
74666,0.12796756166225473
13187,0.7547375940165554
1780,0.8029118870540778
35322,0.7728686079247028
62120,0.717488129753351
79242,0.40963906046472537
68223,0.6506575906550696
66577,0.5689944955670406
44461,0.07994033362746335
50716,0.458590697088113
16940,0.18645741417706627
68608,0.4192613135005672
40298,0.7810202109332325
37147,0.41033236690617253
29505,0.7542963990083617
50569,0.31801756376318335
28562,0.24318248665910333
58702,0.5034245136350267
74269,0.5195176267910416
7962,0.5880919366359931
40168,0.26276314130845835
1907,0.17063742174040927
65055,0.6989579394092189
59558,0.2009748308752469
50391,0.6083658977267953
25346,0.3327870918946174
54944,0.3519265515357788
13504,0.1965838900794151
67561,0.5857178873061893
47658,0.5934493045926299
45407,0.7594436741039541
17398,0.6922139585696878
47600,0.04773309802932896
62371,0.2306399428547418
29,0.2809361737888147
62638,0.1780116811630741
9719,0.11992100508424723
33124,0.7013529980251271
58774,0.4386108660027732
68707,0.7833102231186185
31664,0.2557040211773604
32464,0.7218370519769738
50469,0.7604941384091769
54402,0.3459178957099038
11561,0.6825706962477415
57677,0.5715996470439935
56018,0.6861842934577084
69212,0.6500483213580402
20609,0.17145678389848315
46532,0.7573637547796125
6750,0.7404092608933149
32889,0.059624353964452294
6795,0.7235598134375394
45891,0.7667338963822009
46452,0.5938904996008235
65865,0.2346527165006933
70247,0.4938442791713938
19666,0.7738140257994033
67907,0.06722971553426615
58048,0.7828690281104248
15792,0.4490734904827934
75617,0.3220723559813437
64511,0.12145468296987268
18563,0.38331442497583934
70435,0.3715807386864995
37922,0.8168200344552292
66746,0.7767133072818186
13363,0.4465523761502584
45837,0.6722761460565571
39833,0.5401277364595151
35892,0.6153199714273708
65615,0.058006638934409015
49403,0.5389302071515609
78161,0.2710828186058238
22761,0.2329509643262322
78459,0.7070044959872263
71319,0.6279885709483591
71219,0.20139501659733602
9494,0.6575066179251229
3982,0.7214588848270935
58467,0.7549476868775998
20391,0.6590823143829573
50714,0.7291692928274297
15606,0.1651539980671457
71750,0.3167990251691248
19642,0.8519265515357789
53694,0.6576746922139586
34551,0.7598008319677297
63249,0.2536766250682802
13276,0.35287196941047944
5545,0.2768393629984453
78581,0.3588806252363545
77777,0.2798226816252784
14386,0.7254506491869407
27182,0.11670658431026514
6790,0.2617757048615488
34161,0.790033194672045
61314,0.7956846926341443
65473,0.2536766250682802
26288,0.3920542879952939
19361,0.29291146686835584
39463,0.6138913399722677
35984,0.18410437413336692
65306,0.571809739905038
8990,0.15076263708559182
12405,0.3715807386864995
9970,0.825475860330266
12306,0.7518593218202446
67307,0.8264002689188622
75595,0.4460061347115425
30989,0.5717887306189335
35791,0.3945543930417244
28805,0.21778225975881338
38170,0.9144922055548553
7857,0.7564393461910165
60357,0.10670616412454303
10101,0.740829446615404
39644,0.1814572040842052
21576,0.914712803058952
37388,0.7765872515651918
75353,0.6009916383041304
47059,0.5003781671498803
24531,0.7536451111391234
40737,0.5737636035127527
72362,0.16506996092272783
57266,0.47480986596075464
42880,0.4828984411109711
31827,0.9181898399092399
49854,0.7532459347031387
40928,0.9501449640741207
61992,0.7517542753897223
56023,0.9163200134459432
10451,0.8114206479263834
69960,0.3730408840707593
6863,0.7085381738728519
21253,0.042186646497752
9491,0.7280137820916845
35695,0.54750199588218
21305,0.8333123240472289
9480,0.9144501869826464
8734,0.23893861086600277
37756,0.11779906718769695
53503,0.9163200134459432
2014,0.7241060548762551
61109,0.7538762132862725
53804,0.8109374343459809
38446,0.9160153787974284
2148,0.1528425564099332
59239,0.9212571956804908
43724,0.914712803058952
72378,0.13664439682339594
26812,0.3633556031766041
17195,0.16128828942392537
54470,0.45310727341484935
64920,0.7600529434009834
71806,0.04918273877053658
49465,0.29820580696667925
67610,0.8106853229127274
42499,0.12569855876297323
37261,0.27898231018110003
76314,0.9160153787974284
40503,0.6989789486953234
18175,0.8731459305012815
14622,0.6132610613891339
15333,0.9311525694356906
40098,0.2344426236396487
42969,0.1251102987520484
58027,0.3754779612588764
3896,0.7433925795201479
768,0.7607672591285347
50282,0.9227488549939072
46661,0.5915794781293332
78877,0.42877852010588674
28719,0.7401991680322703
74345,0.794382116895668
66345,0.49073490482793397
24310,0.4170133198873902
1469,0.2641497541913526
30338,0.8435228370939954
58761,0.7597588133955209
35491,0.21624858187318793
5420,0.7504516996512459
76981,0.2384133787133913
17549,0.7093155174587168
44723,0.47466280095802343
21060,0.7037480566410353
61870,0.9158998277238539
61955,0.7229085255683012
6042,0.524664901886634
47357,0.5137820916845245
31363,0.26839362998445315
34930,0.3557922601789991
21059,0.7872599689062566
75169,0.6572334972057651
23841,0.49861338711710573
9248,0.8664439682339594
37421,0.37896550275221647
15734,0.3197193159376444
22764,0.9163200134459432
7266,0.5222068154124123
29484,0.1096474641791672
76547,0.5435732593806463
78378,0.9160153787974284
50228,0.5842262279927728
77881,0.8368628933988823
15044,0.9142400941216017
77113,0.13389218034371195
23526,0.09456279675616623
64825,0.12103449724778352
23098,0.24036724232110593
58900,0.39283163158115886
30975,0.5708853313164419
31674,0.8736921719399975
29546,0.38459599142821127
26029,0.673746796083869
45930,0.026408672633303917
20542,0.265956552796336
65523,0.15742258078070506
26499,0.5462834572881213
75,0.1997142737089794
66256,0.3081221900079835
60647,0.9160153787974284
23724,0.7558931047523005
36785,0.740829446615404
38329,0.24190092020673137
45810,0.915899827723854
59474,0.8399722677423421
69469,0.9341358880625236
63645,0.7559771418967184
49834,0.47651161813521575
72070,0.2663347199462162
48271,0.03603092566914576
21401,0.09233581242909365
68046,0.6789360897516703
42013,0.7935207361653851
31417,0.7867977646119585
32318,0.7821547123828733
59026,0.86060338669692
69604,0.2894869532333291
20105,0.6388083532921551
57706,0.8502247993613178
74018,0.8452245892684567
30545,0.12819866380940376
27819,0.5045169965124585
68682,0.10561368124711124
60753,0.6068532291272742
72855,0.7628681877389806
30563,0.7817135173746795
24846,0.7954115719147863
49693,0.43415689734862806
54660,0.1126097735198958
40165,0.5190554224967435
46203,0.5881969830665154
44329,0.8504138829362579
17139,0.11859742005966638
1538,0.7088533131644187
10196,0.11465817891508047
6074,0.7856632631623177
11111,0.8149502079919325
21603,0.5972519853775369
57185,0.0943737131812261
23611,0.1159712592966091
31630,0.8399512584562375
33006,0.5232782890037396
20656,0.8498466322114374
22260,0.8457288121349636
55810,0.7817975545190974
49253,0.7767343165679229
55857,0.4934661120215135
71630,0.6114122442119417
39391,0.7885835539308373
37535,0.17698222614395562
56656,0.7633514013193832
62225,0.149943274927518
1621,0.52210176898189
21302,0.8293415689734863
66845,0.47995714105634696
1583,0.08901634522458927
46695,0.6819404176646078
24364,0.5704021177360393
46692,0.1978444472456826
1045,0.11465817891508047
58902,0.5162821967309551
50640,0.1442917769654187
10932,0.11465817891508047
38564,0.09265095172066053
63669,0.11811420647926385
38260,0.11504685070801295
1133,0.8099499978990714
20184,0.13086684314466993
44566,0.5478066305306946
60741,0.4498508340686584
67137,0.3858565485944787
68179,0.5754233371150049
1850,0.29862599268876844
58960,0.8088365057355351
67289,0.6366443968233959
34809,0.20813899743686712
40734,0.10359678978108323
38968,0.11465817891508047
19644,0.41781167275935965
78783,0.43222404302701795
50509,0.8741753855204001
5148,0.11006764990125635
77877,0.7612084541367284
25252,0.8266313710660113
65141,0.10645405269128955
10738,0.7298205806966679
61716,0.4696625908651624
18052,0.11334509853355183
12192,0.4067397789823102
22399,0.8191310559267196
13289,0.6252993823269885
32335,0.5415563679146183
16560,0.43333753519055423
51361,0.29081053825791
11802,0.10153787974284634
28931,0.6418126812050927
46119,0.11179041136182193
14651,0.8452035799823522
41257,0.7412286230513887
58850,0.5478066305306946
54226,0.8131434093869491
77879,0.017437707466700283
63885,0.8401823606033867
64995,0.7537711668557502
22341,0.817219210891214
17707,0.7345056514979621
50756,0.25688054119921006
61555,0.8360960544560697
24399,0.14683390058405818
36834,0.1252153451825707
66831,0.16235976301525276
34832,0.47430564309424766
28648,0.8221353838396571
49104,0.06781797554519096
39452,0.7653052649270978
50712,0.3068406235556116
20003,0.7751586201100887
5578,0.25080885751502163
59903,0.33413168620530276
59841,0.07792344216143535
40858,0.2968822219420984
59181,0.7708096978864658
71148,0.4918063784192614
73235,0.5742468170931552
5078,0.49481070633219887
70872,0.1768561704273289
23351,0.12176982226143956
4142,0.679482331190386
79102,0.4072860204210261
56059,0.38757931005504437
60625,0.8477036850287827
12225,0.23381234505651496
23105,0.5306105298541955
50388,0.5202529518046978
9584,0.12935417454514894
27028,0.27078868860036137
45718,0.3991344174124963
2252,0.571074414891382
69207,0.5974410689524771
72908,0.5074162779948738
65603,0.37804109416362036
37529,0.2544224547249884
20270,0.43779150384469934
78965,0.843228707088533
49435,0.4318458758771377
64361,0.09250388671792932
12964,0.6280936173788815
44679,0.46022942140426065
72234,0.8204126223790915
76544,0.6721290810538258
60232,0.5139711752594647
27868,0.05212403882516072
38827,0.1392705575864532
17949,0.3797428463380815
26573,0.8168410437413337
53464,0.8436909113828311
10751,0.08342787512080341
3321,0.6558468843228707
21577,0.8251187024664902
48633,0.7738350350855079
30734,0.8484390100424387
12447,0.7193789655027523
70310,0.3117147779318459
50000,0.7549476868776
73248,0.7244211941678221
62889,0.6021051304676667
49991,0.8293625782595907
60278,0.7338333543426194
24144,0.729274339257952
20982,0.6627589394512374
30493,0.7495483003487542
25994,0.35131728223874953
48734,0.4241144585906971
75651,0.4446615404008572
61193,0.2712088743224505
49757,0.7370477751166016
58866,0.1352577839405017
44334,0.4954935081305938
39994,0.20750871885373334
67848,0.460565569981932
51135,0.2763561494180428
29686,0.20273961090802137
47637,0.7946972561872347
41446,0.4964494306483465
12917,0.22889617210807178
54881,0.4954935081305938
68360,0.8360960544560697
4552,0.7607252405563258
76806,0.07500315139291566
38105,0.7709777721753014
11438,0.6679902516912476
24571,0.4190302113534183
28478,0.3931677801588302
11354,0.24753140888272618
3750,0.06235556115803185
43163,0.835518299088197
16533,0.7049876045211984
60727,0.22232026555737636
8400,0.6461405941426109
9080,0.5731333249296189
66061,0.12235808227236439
30767,0.33188369259212575
25524,0.4452287911256776
57603,0.5737425942266482
69264,0.3137106601117694
9473,0.5942056388923905
20751,0.4983822849699567
30462,0.12057229295348543
15621,0.23419051220639522
67820,0.7222362284129585
67839,0.6669818059582336
44378,0.718769696205723
3053,0.8353712340854659
14293,0.5141602588344049
71357,0.5583007689398715
28037,0.7258078070507165
58033,0.2480986596075465
15174,0.3248876003193411
19951,0.7839405017017521
65585,0.8031850077734358
47780,0.10828186058237739
31820,0.6359300810958444
14346,0.5878818437749486
48543,0.4397663767385184
230,0.5548342367326358
1212,0.34228328921383255
63746,0.2632673641749653
60925,0.18383125341400897
20690,0.3989243245514517
78900,0.569834867011219
1987,0.4112777847808731
56806,0.5526492709777723
61721,0.4743056430942476
43679,0.22629102063111897
27939,0.1853859405857389
25023,0.7693180385730493
14017,0.23755199798310853
37202,0.7696331778646162
62575,0.700890793730829
74439,0.4129585276692298
74361,0.1963317786461616
36930,0.520862221101727
68654,0.6519181478213371
17510,0.5619773940081516
56031,0.36064540526912897
59413,0.2731837472162696
64923,0.2440438673893861
38091,0.2648220513466953
13754,0.449556704063196
74381,0.5535946888524728
71777,0.38521576536829283
65035,0.44172024034623303
35188,0.4471616454472877
71744,0.6594604815328374
13304,0.19002899281482413
7171,0.3307912097146939
47998,0.5957183074919113
33786,0.38521576536829283
37501,0.42075297281398377
57693,0.6437245262405984
24128,0.11076095634270348
65887,0.5695197277196521
47664,0.6520442035379638
32992,0.5691835791419808
55183,0.7159334425816212
36405,0.20053363586705322
25564,0.776041010126476
35269,0.12954325812008907
33333,0.30978192361023577
46506,0.5790159250388672
65031,0.7886045632169418
10368,0.1400268918862137
57242,0.25482163116097317
3386,0.7621328627253247
36702,0.047796125887642336
31933,0.6675070381108451
79002,0.782238749527291
27305,0.7856842724484222
18317,0.5897096516660364
32931,0.4077272154292197
56678,0.5297281398378083
17206,0.18423042984999372
26640,0.13385016177150302
15995,0.6360141182402622
30287,0.7949493676204883
44787,0.6873398041934534
14117,0.18813815706542292
9590,0.652926593554351
75656,0.4524559855456112
68370,0.4476658683137947
60391,0.6145216185554014
26757,0.3916551115593092
46706,0.24124963233749316
62516,0.7880583217782261
24625,0.18626833060212614
73076,0.5189083574940123
74870,0.7953905626286818
56921,0.6557418378923484
14550,0.4790537417538552
19074,0.7962939619311736
50342,0.8562544644732971
53998,0.2500735325013656
54363,0.45035505693516537
69527,0.0831022311861843
40829,0.9725723769906298
43334,0.17457666288499518
48785,0.5965166603638808
50727,0.06874238413378714
60103,0.4231270221437875
14800,0.6741669818059582
68322,0.0831022311861843
43540,0.07400521030295391
55712,0.07819656288079331
43455,0.045632169418883144
3881,0.8009160048741544
40523,0.08287112903903525
51743,0.27534770368502876
74535,0.5978612546745662
54388,0.5863061473171142
36714,0.07788142358922644
26506,0.7937308290264297
25093,0.6691877809992016
37123,0.1392915668725577
5667,0.08333333333333333
32941,0.014895583848060842
3408,0.7962939619311736
70602,0.6402790033194671
67085,0.4933610655909912
7436,0.4656918357914199
57837,0.5476700701710157
63289,0.21795033404764907
10025,0.07788142358922644
11815,0.023750997941089962
61031,0.9725723769906298
63045,0.1154670364301021
29114,0.17200302533719905
8419,0.18179335266187654
51639,0.13887138115046851
75437,0.0831022311861843
43482,0.48161687465859915
13108,0.045947308710450024
41026,0.01909744106895248
12468,0.7490020589100382
32333,0.08333333333333333
75868,0.6760578175553595
51025,0.07819656288079331
54513,0.023750997941089962
13732,0.08477246943148871
38673,0.17457666288499518
63750,0.46901130299592425
66382,0.27381402579940334
68932,0.1828648262532039
45529,0.07788142358922644
23148,0.07400521030295391
3128,0.6428631455103155
42463,0.0842892558510862
41270,0.04432959368040674
58536,0.26736417496533466
46563,0.07788142358922644
66491,0.0801399218454557
16536,0.07400521030295391
69124,0.08333333333333333
69094,0.017689818899953778
28949,0.006071683684188411
43731,0.07788142358922644
45773,0.24904407748224713
65243,0.9475188033110635
28553,0.42087902853061054
49477,0.04846842304298501
57043,0.07788142358922644
48774,0.0831022311861843
54801,0.9725723769906298
6744,0.07788142358922644
11268,0.020063868229757552
28482,0.7138535232572797
5496,0.08287112903903525
58032,0.8426194377915038
13891,0.9686646497752006
11827,0.07027606201941257
77209,0.020736165385100213
8178,0.3063153914030001
11621,0.04228118828522207
7858,0.08185217866296902
20806,0.9686646497752006
35372,0.10966847346527164
8610,0.07788142358922644
8062,0.07763981679902517
36019,0.3624311945880079
28717,0.9728349930669355
52710,0.2357662086642296
33478,0.07763981679902517
65186,0.08796588091936636
42983,0.5313458548678516
70135,0.07400521030295391
2043,0.25389722257237696
6131,0.7962939619311736
50655,0.04228118828522207
33086,0.11506785999411741
67601,0.5312828270095382
14458,0.15569981932013952
13420,0.020736165385100213
29662,0.10046640615151897
22991,0.7701163914450188
45642,0.6588722215219126
31170,0.22484137988991135
47762,0.23187949073490485
57191,0.4169292827429724
6524,0.5121853859405857
38508,0.01779486533047607
14954,0.5096012437497374
5471,0.07819656288079331
74259,0.2595067019622673
24015,0.20002941300054625
36932,0.07788142358922644
13181,0.09775620824404387
27927,0.8732089583595949
6379,0.7048615488045716
56524,0.08333333333333333
19868,0.14008991974452709
36308,0.7056809109626454
71847,0.8156855330055884
38286,0.05624185890163452
51589,0.8064204378335225
35363,0.2734988865078365
7368,0.8671582839615111
31214,0.08853313164418673
35209,0.11574015714946005
39423,0.9457750325643935
14267,0.8250976931803858
62502,0.017206605319551243
15868,0.17420900037816714
50578,0.05882600109248287
21412,0.9657548636497332
16199,0.17885205260725243
67039,0.07788142358922644
27446,0.0801399218454557
26184,0.8316315811588723
29778,0.07788142358922644
66215,0.29730240766418753
71388,0.9705239715954451
7195,0.39415521660573977
65440,0.15794781293331653
42864,0.07788142358922644
64342,0.07788142358922644
68476,0.23032480356317495
54206,0.020736165385100213
74549,0.342808521366444
66607,0.6112231606370017
17930,0.24156477162906007
72321,0.7165847304508594
19157,0.021324425396025044
36161,0.8529139879826882
65172,0.7175301483255598
50252,0.47632253456027557
60187,0.14128744905248122
50902,0.17500735325013658
49571,0.04924576662884995
74908,0.05449808815496449
50072,0.5151897138535233
42908,0.6169797050296231
47375,0.6662464809445775
59644,0.7251145006092693
58656,0.32860624395983024
19791,0.7195260305054835
21121,0.8642169839068868
37662,0.6658893230808017
8721,0.5852346737257869
58124,0.4197445270809698
17107,0.8674734232530779
59306,0.55428799529392
51013,0.7178032690449179
19160,0.5556115803185008
76939,0.7676793142569016
49356,0.7459767217109962
7838,0.686583469893693
65221,0.8460019328543217
53145,0.6281356359510903
38886,0.8239421824446405
52612,0.6545443085843944
12717,0.7178032690449179
24100,0.8190470187823018
71207,0.011681163074078744
51963,0.06023362326148157
8950,0.8590066809529812
21877,0.40085717887306194
31557,0.7219315937644439
26129,0.789844111097105
46099,0.6735997310811378
31332,0.30793310643304345
62014,0.7873229967645701
11183,0.040758015042648844
25617,0.6187024664901887
15124,0.8228286902811043
41663,0.29862599268876844
22739,0.8643640489096182
62786,0.20326484306063283
10749,0.8431026513719063
77524,0.7318584814488004
78299,0.7762931215597293
22487,0.3902264801042061
24503,0.6737257867977645
27308,0.2653472834993067
14391,0.578049497878062
44355,0.43373671162653893
49704,0.11034077062061431
19882,0.5889112987940669
17795,0.5774402285810328
47341,0.5902979116769612
73184,0.614269507122148
1408,0.2865246438926006
28691,0.7904953989663431
77667,0.059918483969914706
41116,0.19074330854237576
33462,0.22105970839110886
10726,0.6289339888230597
21396,0.049686961637043565
3444,0.7811252573637547
69712,0.7813983780831127
43227,0.03481238707508719
4026,0.3494894743476617
13383,0.2009958401613513
54145,0.8201815202319426
16646,0.7376570444136309
55391,0.046220429429807974
3627,0.15055254422454725
39133,0.7219315937644439
49598,0.5103995966217068
37880,0.7063321988318837
65185,0.563279969746628
64818,0.792323206857431
10387,0.8290684482541283
30271,0.6187024664901887
76512,0.7416908273456868
19752,0.7655993949325602
3517,0.5945627967561662
43828,0.7178032690449179
35295,0.018110004622042944
52798,0.6187024664901887
15033,0.2634984663221144
73704,0.50697508298668
45125,0.7856212445901088
1169,0.450018908357494
24661,0.6113492163536284
68686,0.28020084877515866
58561,0.7649060884911131
63880,0.23521996722551367
23957,0.46993571158452035
19123,0.38206437245262403
34236,0.3795327534770368
66918,0.651645027101979
44922,0.4012983738812555
29993,0.19297029286944825
4138,0.6533257699903358
19424,0.5608008739863019
4151,0.3172192108912139
39237,0.8363586705323752
57890,0.332766082608513
62581,0.44428337325097694
72108,0.806399428547418
15367,0.5339930249170134
33133,0.6299004159838649
33636,0.5979873103911929
27044,0.6785159040295811
53310,0.18063784192613133
55502,0.3824740535316609
57389,0.6513929156687256
76280,0.6625908651624017
65939,0.16782217740241187
37197,0.8791125677549476
77914,0.6187234757762932
68594,0.4922265641413505
15505,0.6821295012395479
59343,0.7839405017017521
49317,0.44972477835203156
47632,0.36507836463716964
55964,0.4731501323585025
43159,0.13971175259464683
61647,0.3588386066641456
44116,0.7777007437287281
44981,0.5957603260641203
3318,0.08716752804739696
40634,0.8542375730072692
64927,0.3963401823606034
12127,0.8788184377494853
39620,0.6729064246396907
17719,0.8588175973780411
25164,0.2456405731333249
38524,0.543657296525064
58098,0.7867347367536451
60409,0.7690659271397958
6998,0.7798436909113828
15729,0.38206437245262403
707,0.6743140468086896
3492,0.8182696751964368
15340,0.8122400100844572
46016,0.3215051052565234
15824,0.13868229757552838
75678,0.6033236690617253
72591,0.6591033236690618
71117,0.33324929618891547
60783,0.8312324047228875
35920,0.7678053699735283
39386,0.12687507878482288
31100,0.5349594520778184
68144,0.36419597462078235
60655,0.38206437245262403
41951,0.32753477036850287
2430,0.5226375057775536
69352,0.061116013277868815
37336,0.306630530694567
18647,0.5739526870876928
836,0.5948149081894197
25495,0.8788604563216942
22822,0.3531450901298374
71102,0.5021009286104458
40871,0.7816294802302618
21674,0.22049245766628847
28334,0.6463086684314466
4952,0.11046682633724107
57105,0.005315349384427917
68448,0.3316735997310811
19178,0.49044077482247156
11333,0.5092650951720661
40564,0.7532459347031387
78825,0.6954914072019833
27676,0.7709357536030925
56575,0.47205764948107065
34766,0.6043531240808437
8418,0.39629816378839444
5630,0.38206437245262403
42293,0.3824740535316609
3682,0.8212950123954789
19404,0.47676372956846924
29476,0.8353082062271523
69522,0.23129123072397997
15199,0.7572166897768814
74578,0.2711458464641372
71052,0.3824740535316609
37046,0.31324845581747135
69203,0.7130341610992058
55045,0.7794445144753981
18831,0.3704777511660154
46763,0.3263162317744443
11832,0.1729694524980041
28743,0.21059708391108867
42026,0.05930921467288541
72779,0.7620488255809068
2638,0.6914996428421363
57914,0.35799823521996726
73618,0.08817597378041094
48354,0.16336820874826674
878,0.3249086096054456
27106,0.5623555611580319
27960,0.737573007269213
4380,0.7234232530778604
11958,0.39863019454598936
19188,0.46220429429807974
69445,0.8692592125719569
10764,0.17109962603470738
26332,0.3327030547501996
55649,0.5376276314130847
66544,0.40407159964704403
20837,0.5335728391949242
32153,0.6932644228749107
13162,0.5226375057775536
56117,0.49392831631581163
31391,0.6758687339804194
72016,0.13542585822933736
70248,0.594457750325644
33758,0.7426992730787009
56464,0.5186982646329678
35451,0.5657800747930586
53911,0.5553594688852472
51661,0.1915626707004496
42471,0.19303332072776166
20699,0.520904239673936
39149,0.8304970797092315
61466,0.38206437245262403
27201,0.38206437245262403
60102,0.4116349426446489
51029,0.4591789570990377
48868,0.4084415311567713
8447,0.3364637169628976
74308,0.6893146770872726
29088,0.7738350350855079
67335,0.5238245304424556
55935,0.2708727257447792
17144,0.7788352451783688
54634,0.7146728854153537
655,0.17681415185511995
5813,0.7100718517584772
21673,0.5671666876759528
2893,0.47453674524139666
5637,0.6447119626875079
68581,0.5061557208286063
43791,0.18916761208454136
59936,0.6467498634396404
24905,0.32719862179083153
71696,0.4494936762048825
13516,0.6371906382621119
52312,0.43176183873271984
45338,0.8300768939871425
71559,0.8387432245052313
37861,0.16815832598008318
13570,0.7760620194125804
11212,0.8140888272616497
11222,0.5436783058111686
47589,0.5792260178999118
10829,0.39636119164670786
4764,0.23471574435900666
27595,0.8377137694861129
60290,0.8474725828816337
3660,0.44707760830286986
3327,0.8607294424135468
9466,0.40982814403966555
47802,0.45617462918610024
60283,0.6016639354594732
68200,0.8387432245052313
54531,0.34846001932854326
59165,0.5681331148367578
25939,0.7104920374805664
27830,0.7000504222866507
49157,0.4728980209252489
30226,0.7476154460271439
34696,0.6523803521156352
46901,0.7997815034245136
33314,0.4669103743854784
68417,0.7624480020168914
46331,0.7269107945712004
21342,0.8014412370267658
11155,0.8472204714483803
27690,0.8377137694861129
77609,0.46258246144795995
52410,0.1596285558216732
41137,0.570381108449935
24919,0.38541535358628515
31626,0.08185217866296902
16693,0.5962645489306273
32428,0.4429597882263961
50718,0.4145552334131686
6728,0.425122904323711
51288,0.407328038993235
40702,0.36406991890415563
78098,0.5431530736585571
63222,0.3937980587419639
23549,0.7883314424975839
29554,0.3492163536283037
53027,0.6868355813269466
57940,0.554708181016009
23778,0.3664649775200639
51429,0.815391403000126
31407,0.4338837766292702
76508,0.12788352451783688
13544,0.7269107945712004
8647,0.5561158031850079
68160,0.7228875162821967
41303,0.6000042018572209
41140,0.7543384175805706
19223,0.6001092482877431
37707,0.3859405857388966
24601,0.4481700911803017
46826,0.31513929156687254
14250,0.7958317576368755
40116,0.3573889659229379
17401,0.4156477162906005
54858,0.8448044035463674
51483,0.15200218496575488
42282,0.5807386864994327
55088,0.6324005210302953
39264,0.7154082104290097
756,0.41251733266103613
2780,0.7064162359763015
24504,0.5679020126896088
46098,0.3976637673851842
48571,0.5223538804151435
58145,0.7182969872683725
34776,0.520904239673936
30078,0.7732677843606875
38969,0.18542795915794782
16454,0.4813017353670322
21752,0.5202739610908022
63754,0.6102357241900921
78522,0.7182969872683725
8434,0.6665196016639354
62515,0.7408714651876128
40326,0.7041472330770201
41338,0.7379091558468844
42430,0.6817303248035632
15735,0.4145342241270642
38730,0.41762258918441947
30252,0.5664313626622968
7869,0.8352871969410479
1270,0.6857851170217236
46502,0.10987856632631622
13441,0.2838774738434388
31625,0.28078910878608343
72535,0.7272784570780285
30936,0.6184398504138829
11284,0.5350224799361317
27303,0.6184398504138829
18668,0.6040589940753813
20117,0.35381738728518003
9046,0.7302197571326526
63218,0.5422916929282743
13750,0.4021177360393294
58096,0.7741501743770747
54798,0.06086390184461533
79038,0.3305390982814404
23005,0.7354930879448717
23332,0.7761670658431026
70664,0.7062271524013614
9328,0.8135846043951426
29141,0.5981553846800286
67082,0.7783940501701752
66276,0.7874910710534057
1675,0.456804907769234
16122,0.6563300979032732
2568,0.5741207613765285
39753,0.7343795957813354
39564,0.023950586159082316
64953,0.8502878272196311
70269,0.4132526576746922
75325,0.12592966091012228
33542,0.6918357914198076
50018,0.6993361065590991
8522,0.7717761250472708
21585,0.8067775956972981
77404,0.4160258834404807
2245,0.1316441867305349
60242,0.3260010924828774
3204,0.16288499516786423
40057,0.645951510567671
28886,0.7321736207403672
70741,0.3997436867095256
30826,0.7884154796420018
20225,0.4548510441615194
883,0.5632589604605236
43966,0.12851380310097063
1937,0.10527753266943989
45690,0.45911592924072436
72202,0.4273919072229926
3241,0.44627925543090047
10359,0.2673011471070213
364,0.8394260263036261
74152,0.63784192613135
24055,0.20194125803605192
8739,0.3901634522458927
19325,0.7584142190848354
34410,0.11941678221774026
58233,0.32848018824320346
66709,0.7011429051640826
46234,0.7726375057775536
64017,0.6062229505441405
22470,0.8561704273288794
63581,0.3913609815538468
58755,0.3450775242657254
36111,0.5282154712382874
36133,0.6214756922559771
535,0.5100004201857221
12666,0.7064792638346149
34179,0.43808563385016175
49295,0.32095886381780747
57787,0.4817534350182781
60039,0.5390772721542921
17200,0.7230345812849279
22885,0.22080759695785537
34566,0.5186352367746544
70112,0.7591915626707005
70727,0.17330560107567547
45179,0.6609836547754108
20660,0.16815832598008318
3090,0.6477583091726543
44388,0.598218412538342
1997,0.5690575234253541
68368,0.4817534350182781
32356,0.280768099499979
7490,0.3298878104122022
75448,0.8404554813227447
1300,0.7644228749107106
31316,0.686079247027186
39042,0.26555737636035126
5500,0.18712971133240894
6448,0.5375856128408757
47895,0.448044035463675
76069,0.5170805496029245
58447,0.8499936972141686
42920,0.5508004538005798
72604,0.21595445186772552
64149,0.0788058321778226
26906,0.43743434598092357
60140,0.8053489642421949
43618,0.17286440606748185
35710,0.7287911256775494
26328,0.5435312408084373
20046,0.8604983402663976
15117,0.5944367410395395
21210,0.6874028320517668
25740,0.7145048111265179
71217,0.5167654103113576
11550,0.5319761334509853
49550,0.6214756922559772
51659,0.22683726206983487
28413,0.16471280305895206
65604,0.37900752132442544
71092,0.6087860834488844
68547,0.3675994789697046
52345,0.4312786251523173
53786,0.7831631581158872
40097,0.6974662800958024
45255,0.6609836547754108
47915,0.11855540148745745
42318,0.39655027522164793
44265,0.42331610571872763
37012,0.3487121307617967
38800,0.04867851590402958
11398,0.6059078112525736
4583,0.5177738560443715
3229,0.24322450523131223
72904,0.6371906382621119
10682,0.5759905878398252
65680,0.361338711710576
29814,0.2113534182108492
78123,0.6470229841589982
9345,0.3562124459010883
14142,0.4277280558006639
56118,0.8551199630236566
33981,0.8724946426320433
56208,0.10901718559603345
76123,0.7632253456027565
46855,0.44268666750703806
20086,0.798836085549813
57205,0.42379931929913023
76277,0.36022521954703973
23601,0.3413168620530274
38763,0.6089331484516156
57987,0.858449934871213
37041,0.2401151308878524
47692,0.3694693054330014
30700,0.7700743728728098
69905,0.7490860960544561
787,0.026786839783184167
11050,0.4582125299382327
63457,0.04403546367494432
18101,0.8363166519601665
74370,0.6709525610319761
15793,0.303647212067734
12380,0.7576158662128661
7854,0.9428022185806126
154,0.21252993823269883
75675,0.21939997478885667
13017,0.3030589520568091
52058,0.6038278919282322
37395,0.06802806840623556
26871,0.5440984915332577
76752,0.3313374511534098
56399,0.23923274087146518
63753,0.06155720828606245
32364,0.13387117105760746
22635,0.942949283583344
70191,0.4287154922475734
73592,0.35906970881129463
54676,0.03430816420858019
23890,0.038741123576620864
32925,0.10857599058783983
35854,0.9397978906676752
51273,0.06960376486406993
1553,0.41045842262279936
33325,0.5769780242867347
67685,0.44909449976889787
44756,0.8905206101096684
496,0.39470145804445567
57197,0.9427496953653515
32920,0.777511660153788
65426,0.09290306315391401
78356,0.4108996176309929
66901,0.8166099415941847
19386,0.7350729022227824
61608,0.15864111937476363
51568,0.042102609353334174
23346,0.9403126181772343
53365,0.9435900668095298
29969,0.3289844111097105
15697,0.3672843396781378
19268,0.10544560695827555
3721,0.858449934871213
39896,0.7492121517710828
26620,0.9435900668095298
17273,0.040715996470439934
19586,0.718317996554477
70457,0.9422559771418967
4824,0.2737509979410899
31377,0.32890037396529265
15480,0.942949283583344
32168,0.5960334467834784
61869,0.01997983108533972
4137,0.2862305138871381
19573,0.8336694819110045
51376,0.13557292323206857
45157,0.9424135467876802
27161,0.2585612840875667
67658,0.5882810202109332
72395,0.7006807008697845
993,0.1002563132904744
46042,0.3103491743350561
59839,0.6723181646287659
48640,0.49579814277910833
55740,0.5688894491365183
7383,0.5971469389470146
78960,0.9397978906676752
15631,0.942949283583344
72903,0.40419765536367075
57474,0.7584982562292533
50618,0.23847640657170469
20978,0.18956678852052608
69102,0.18341106769191984
61248,0.7954535904869952
71377,0.09666372536661205
12862,0.7707046514559436
60943,0.600739526870877
18985,0.942949283583344
16076,0.6091852598848692
14272,0.29415101474851885
14131,0.10136980545401068
79016,0.31055926719610066
10314,0.17376780536997352
11361,0.9542417748644901
23761,0.08521366443968235
72636,0.33598050338249513
55422,0.3578931887894449
4322,0.6211185343922013
35930,0.27761670658431026
35399,0.06256565401907643
3175,0.5681961426950711
35334,0.29209210471028196
55566,0.718317996554477
20029,0.48857094835917475
48129,0.5562208496155301
49769,0.1495651077776377
26503,0.942949283583344
3115,0.3848691121475693
43602,0.9469725618723476
26656,0.43367368376822557
56634,0.6371276104037985
74145,0.4548720534476238
51881,0.3979789066767511
63657,0.0876507416277995
59471,0.3871801336190597
3226,0.942949283583344
40861,0.49903357283919497
8998,0.9428022185806126
40545,0.12252615656120007
38107,0.09162149670154209
76985,0.9435900668095298
49700,0.3562334551871927
39887,0.9422559771418967
6938,0.24381276524223705
49179,0.273204756502374
5530,0.11242068994495567
55831,0.6827807891087861
70935,0.390499600823564
14381,0.6526744821210976
57234,0.6838942812723223
76781,0.49443253918231855
58566,0.22448422202613552
35898,0.9424135467876802
49590,0.15668725576704903
8321,0.24307744022858102
43881,0.7457456195638472
5270,0.36537249464263205
24701,0.309886970040758
32770,0.49378125131308037
43460,0.5575444346401109
9197,0.9424135467876802
39726,0.19574351863523676
67692,0.3241312660195807
19783,0.37600319341148786
4012,0.5834488844069078
33303,0.8265683432076978
11963,0.05342661456363713
61305,0.5321652170259256
32017,0.7422580780705071
49738,0.40230681961426945
12353,0.3229337367116265
2896,0.4470565990167654
23066,0.6374007311231564
63144,0.4197445270809698
9270,0.3726837262069835
78155,0.4997478885667465
32635,0.7447581831169376
55515,0.3364427076767931
16563,0.5251691247531408
6465,0.31629480230261775
26533,0.12000504222866508
76996,0.17246522963149713
60893,0.6683053909828144
64385,0.03659817639396613
18301,0.11950081936215806
78151,0.48199504180847935
26082,0.5388461700071431
40876,0.1212445901088281
78850,0.16315811588722215
34679,0.6615404008571789
28611,0.07260809277700743
1302,0.37978486491029034
23992,0.5258204126223791
66767,0.6828858355393083
46041,0.5364931299634438
27095,0.3051808899533594
4369,0.7405353166099417
41082,0.35944787596117483
52983,0.09237783100130258
27026,0.7812513130803816
77084,0.721563931257616
13855,0.6281146266649859
6081,0.33938400773141725
72105,0.595739316778016
58867,0.29898315055254426
28061,0.12092945081726124
18558,0.2859573931677802
22814,0.23026177570486153
25187,0.6288919702508508
73532,0.2890037396529266
41911,0.5245178368839026
32575,0.3300348754149334
61383,0.5203579982352199
44463,0.635320811798815
70168,0.2924072440018488
65777,0.6371906382621119
48822,0.2239589898735241
29512,0.8246985167444011
62875,0.42762300937014164
38872,0.18681457204084206
56755,0.16290600445396866
7466,0.3945754023278289
34636,0.21797134333375354
62895,0.6837051976973822
52117,0.7510399596621706
67357,0.4863019454598933
67947,0.307407874280432
31602,0.7347787722173201
73780,0.5113450144964075
39406,0.7488339846212025
16577,0.11258876423379134
37334,0.2692760200008404
77478,0.48840287407033917
71928,0.26814151855119966
42819,0.37915458632715665
36548,0.34719946216227576
41786,0.8723895962015211
2810,0.3661708475146015
63262,0.091663515273751
33687,0.5720828606243961
46033,0.5887642337913358
57770,0.2043153073658557
37053,0.3492163536283037
229,0.767931425690155
71793,0.31658893230808016
13330,0.14672885415353587
74948,0.20498760452119838
71538,0.4654187150720619
4898,0.7804109416362032
5584,0.5757174671204672
28230,0.679293247615446
28900,0.6877599899155427
33897,0.025610319761334512
75124,0.6302365645615362
10401,0.17101558889028948
43067,0.7464599352913988
34475,0.7095676288919703
23835,0.795810748350771
68690,0.2663977478045296
11524,0.3325980083196773
216,0.03279549560905921
23489,0.6769191982856423
26951,0.7383083322828691
9825,0.8640909281902601
35694,0.2580150426488508
43259,0.4781083238791546
9638,0.7265431320643726
45213,0.35535106517080545
56598,0.2095046010336569
79300,0.8346569183579141
40278,0.28723895962015206
74238,0.14599352913987984
66986,0.02592545905290138
26313,0.8485230471868567
63081,0.6407201983276608
47923,0.1263078280600025
75626,0.5827135593932519
28308,0.8192781209294507
49113,0.195890583637968
29671,0.6039749569309635
48518,0.6368124711122317
6055,0.6353418210849195
31876,0.7781209294508172
36994,0.4672465229631497
51703,0.5910962645489306
62288,0.9777406613723265
9131,0.33581242909365944
78813,0.6006134711542502
6450,0.5462309340728603
7952,0.36530946678431864
28133,0.84839699147023
14627,0.2236438505819572
15805,0.3581032816504895
51797,0.39310475230051684
64605,0.44739274759443676
11358,0.18536493129963447
74449,0.23982100088239
13669,0.21330728181856382
31106,0.5160721038699104
14646,0.1756796504054792
53640,0.3756670448338166
21030,0.35932182024454806
27389,0.09601243749737383
3776,0.3367998655405689
16375,0.31694609017185593
5597,0.4329383587545696
34759,0.610466826337241
42066,0.27507458296567083
23650,0.4778562124459011
74897,0.8193411487877641
26958,0.02880373124921215
62700,0.8863817807470902
41506,0.19622673221563933
41985,0.25236354468675154
29425,0.41722341274843483
67444,0.8263162317744442
15582,0.23618639438631875
10144,0.316672969452498
47663,0.1301315181310139
53635,0.25099794108996176
43255,0.19355855288037316
37426,0.2875330896256145
15387,0.2504727089373503
70991,0.5652128240682383
9266,0.3047817135173747
38738,0.37959578133535016
47767,0.6746291861002564
52092,0.635362830371024
30481,0.5619038615067861
29087,0.8135425858229337
50493,0.6586831379469725
11517,0.05987646539770578
34160,0.7937728475986386
40206,0.3480398336064541
73844,0.2226354048489432
8803,0.18866338921803438
33140,0.1342913567796966
14560,0.20801294172024035
42544,0.6818773898062944
17797,0.2479095760326064
11696,0.1859952098827682
16767,0.6038068826421278
54971,0.7516282196730956
22505,0.5909702088323039
34981,0.5462309340728603
71140,0.8665490146644816
38186,0.04804823732089584
70475,0.6577377200722719
20009,0.7575318290684483
68695,0.15857809151645028
20652,0.8574519937812513
31974,0.811399638640279
464,0.5441615193915711
50907,0.667969242405143
66152,0.9782553888818858
71917,0.5608428925585108
20214,0.6848607084331274
61827,0.4172024034623303
44067,0.6708054960292449
73718,0.9728770116391444
16575,0.3259170553384596
2717,0.14691793772847597
15241,0.31936215807386864
70715,0.9772889617210807
52950,0.23326610361779906
52336,0.9783919492415647
42772,0.9739589898735241
22707,0.9783919492415647
74660,0.07141056346905332
21046,0.4752930795411572
23475,0.06323795117441909
6222,0.3864027900331946
74592,0.6463086684314466
13387,0.5027312071935796
72574,0.22030337409134837
44415,0.34360687423841335
48666,0.36564561536199003
15512,0.19103743854783814
64174,0.456069582755578
74040,0.6438295726711206
55193,0.693369469305433
75738,0.3067145678389849
63773,0.1704693474515736
71895,0.10725240556325898
76466,0.49621832850119757
65432,0.5907601159712593
61958,0.6647968402033699
72228,0.444472456825917
10786,0.9739589898735241
33799,0.3097609143241313
28351,0.26396067061641243
1578,0.8594688852472793
36562,0.8655195596453632
20040,0.16763309382747174
54963,0.5842472372788773
20712,0.464095130047481
76923,0.3870330686163284
31187,0.7210597083911088
5587,0.22347577629312154
56241,0.9308899533593848
14606,0.18358964662380772
1516,0.09473087104500189
60431,0.9290411361821925
68969,0.6568133114836758
51416,0.6331988739022648
20864,0.10729442413546787
4240,0.8788394470355897
19774,0.2329509643262322
894,0.11782007647380142
39868,0.0737846127988571
70611,0.9308899533593848
25792,0.3072187907054918
15188,0.17385184251439134
68470,0.9308899533593848
32331,0.5212613975377117
29266,0.9293562754737593
44131,0.9307638976427581
78535,0.8304550611370226
28023,0.7397159544518678
1130,0.3678095718307492
732,0.9290411361821925
3085,0.84703138787344
72834,0.7087482667338963
45265,0.7497373839236943
2796,0.10162191688726417
25364,0.5887852430774402
7602,0.9293562754737593
799,0.03785873356023362
22617,0.9323500987436447
17119,0.9365939745367452
179,0.8067355771250894
65498,0.4577293163578302
44238,0.7779738644480859
61085,0.8325664943905206
17559,0.18666750703811086
65365,0.8083112735829237
13799,0.09044497667969242
59200,0.25814109836547755
42599,0.3558762973234169
17175,0.8364427076767931
32568,0.783793436699021
27778,0.6756586411193748
32967,0.13486911214756922
24649,0.18358964662380772
61432,0.3522627001134502
56828,0.15093071137442748
16933,0.6791041640405059
12941,0.10157989831505525
58532,0.3507710408000336
49037,0.09048699525190133
11773,0.9308899533593848
38499,0.8307491911424849
59659,0.06733476196478844
70153,0.3253708138997437
7534,0.09649565107777637
45247,0.05918315895625867
67,0.807638976427581
15690,0.6393125761586621
73325,0.7512710618093198
5034,0.8096558678936091
35341,0.09461531997142736
77846,0.37346106979284843
9874,0.09956300684902726
38991,0.09550821463086684
66324,0.8168830623135426
3333,0.06834320769780243
62533,0.6493129963443841
7988,0.5698558762973235
6009,0.09461531997142736
24163,0.4951888734820791
73871,0.5513677045254003
78225,0.14780032774486324
58756,0.35104416151939155
71834,0.024412790453380396
46217,0.5833018194041767
66728,0.8285011975293078
516,0.012437497373839236
30735,0.09822891718139419
49631,0.3667801168116307
30025,0.09630656750283627
59124,0.7283079120971468
23284,0.380730282784991
47646,0.9316357830160932
66538,0.09559225177528467
6192,0.9394302281608472
14176,0.13486911214756922
71290,0.5476280515988067
40582,0.04563216941888315
1463,0.4844321189965965
47976,0.4254170343291735
24300,0.22345476700701714
37345,0.7284969956720871
42625,0.7479095760326064
27465,0.13549939073070297
71155,0.1616874658599101
7350,0.9290411361821925
53776,0.1917517542753897
56345,0.8940501701752175
70355,0.9290411361821925
63383,0.5059456279675617
46995,0.027017941930333206
65757,0.09822891718139419
30608,0.15742258078070506
12633,0.6791882011849237
4604,0.5900668095298122
61361,0.9307638976427581
51629,0.9128114626664986
22500,0.3831043321147947
50211,0.12053027438127652
63213,0.8595529223916971
39256,0.7128660868103701
72573,0.9290411361821925
59252,0.9290411361821925
45202,0.8325664943905206
71187,0.0965376696499853
1379,0.9293562754737593
5623,0.9293562754737593
29864,0.5424807765032145
2882,0.13549939073070297
902,0.9595991428211269
51449,0.5432581200890794
74025,0.25704861548804575
61498,0.5344342199252069
30233,0.4998949535694777
51138,0.8449304592629941
23465,0.05859489894533384
73756,0.8334173704777511
67164,0.04014874574561956
6773,0.7185806126307828
12022,0.0353586285138031
47205,0.039739064666582634
61076,0.09605445606958274
14679,0.03865708643220303
48941,0.03233329131476113
2160,0.7120887432245052
40026,0.6842304298499937
68117,0.4481700911803017
40735,0.26360351275263666
34925,0.2914198075549393
69877,0.4245766628849952
76158,0.23900163872431612
46512,0.48632295474599774
1074,0.04087356611622337
21639,0.5246438926005293
17066,0.32276566242279087
62767,0.4482856422538762
3160,0.8455397285600235
21293,0.0309886970040758
34651,0.8645111139123492
21399,0.02858313374511534
5975,0.035579226017899916
3730,0.15897726795243497
491,0.0353586285138031
22093,0.18294886339762173
1376,0.35331316441867305
49003,0.5713895541829488
31659,0.018362116055296442
60759,0.0353586285138031
17011,0.20725660742047983
4759,0.02858313374511534
30342,0.7423631245010295
10305,0.34869112147569226
71577,0.035579226017899916
28757,0.02323627043153074
2842,0.6549434850203789
51414,0.626833060212614
42423,0.03507500315139291
63724,0.029602084121181562
2888,0.1824236312450103
60974,0.038289423925375016
8877,0.21942098407496113
20924,0.036766250682801795
45040,0.02408714651876129
14998,0.23929576872977856
22838,0.2808311273582924
41980,0.8129333165259044
45350,0.3601201731165175
19024,0.309655867893609
71139,0.8192781209294507
13922,0.4357746123786714
5731,0.025914954409849155
14746,0.28406655741837894
56357,0.03479137778898273
70833,0.0353586285138031
52350,0.0353586285138031
45748,0.0353586285138031
13852,0.8635867053237533
2963,0.7277196520862222
28380,0.009937392327408714
20919,0.45754023278288997
55372,0.7629522248833984
44307,0.5410941636203201
56760,0.0353586285138031
61079,0.05855288037312492
6870,0.36953233329131474
43895,0.8427244842220261
21043,0.0353586285138031
45761,0.4693894701458044
43241,0.02408714651876129
9944,0.03432917349468465
29710,0.12740031093743434
39662,0.2593176183873272
39450,0.8241732845917896
38197,0.49359216773814024
9191,0.4482856422538762
21651,0.008466742300096643
69323,0.6838942812723223
39885,0.0353586285138031
49647,0.7152611454262785
70220,0.5257258708349091
42815,0.4530862641287449
69807,0.48046136392285393
78005,0.45088028908777683
75225,0.6928862557250305
45204,0.5844363208538174
48665,0.025914954409849155
40645,0.7713769486112861
68877,0.4565107777637716
32231,0.03507500315139291
67568,0.038289423925375016
21474,0.13437539392411446
62713,0.2360183200974831
7236,0.3490272700533636
59873,0.038289423925375016
30952,0.28700785747300306
55433,0.0353586285138031
46752,0.025914954409849155
1080,0.04087356611622337
18611,0.02239589898735241
50495,0.0314929198705828
28092,0.8190890373545107
27282,0.02861464767427203
50972,0.2557460397495693
59214,0.7991617294844321
65067,0.03918231858481449
52414,0.7991617294844321
38418,0.009181058027648221
27673,0.03056851128198664
26027,0.7716080507584353
14507,0.0353586285138031
68473,0.0353586285138031
69454,0.025914954409849155
30064,0.031850077734358585
58862,0.8648892810622296
26300,0.4767427202823648
33074,0.03640909281902601
36825,0.4782763981679903
52152,0.019706710365981765
9838,0.0353586285138031
50384,0.8289423925375016
35082,0.05840581537039372
14309,0.12683306021261398
44440,0.025379217614185472
19881,0.038289423925375016
53474,0.1823606033866969
41799,0.11758897432665238
67599,0.4687171729904618
6471,0.24217404092608932
65525,0.12588764233791336
56653,0.038289423925375016
72014,0.6624017815874617
53052,0.49079793268624733
52720,0.038289423925375016
60611,0.6889155006512878
38221,0.039739064666582634
11280,0.35751502163956467
57175,0.2621538720114291
29832,0.5257258708349091
42675,0.6698600781545444
37039,0.04103113576200681
8532,0.3054750199588218
43130,0.6023572419009202
20471,0.35039287365015337
9096,0.1674650195386361
36134,0.5809907979326863
5516,0.15305264927097775
11782,0.3559393251817304
73763,0.641413504769108
62218,0.26125047270893736
74591,0.1897138535232573
71043,0.41234925837220054
26479,0.4370141602588344
51323,0.734127484348082
925,0.12134963653935038
35893,0.32763981679902515
72096,0.1422958947854952
57609,0.6153199714273709
12721,0.765725450649187
42615,0.028635656960376486
71335,0.7326148157485609
28558,0.8454556914156056
44117,0.8136896508256649
74878,0.4607756628429766
52249,0.8650153367788563
61823,0.47901172318164625
19628,0.7082020252951805
17858,0.7718391529055842
39517,0.7719862179083155
29794,0.26379259632757684
76327,0.6887474263624522
27844,0.5777973864448086
41851,0.7852850960124375
70212,0.24868691961847136
63852,0.2680154628345729
49057,0.8012731627379303
26348,0.12290432371108029
48850,0.7888986932224044
58503,0.6882852220681541
18691,0.14826253203916132
16556,0.8155594772889617
3957,0.7063321988318837
5607,0.37610823984201014
22196,0.7670280263876634
24847,0.3089835707382664
44149,0.4920584898525148
34494,0.7733728307912097
1185,0.11695869574351864
26141,0.8183327030547503
49557,0.12584562376570443
74539,0.12969032312282028
33673,0.2836253624101853
8347,0.8625572503046346
50014,0.6563300979032732
7798,0.2784990966006975
26124,0.31856380520189925
56549,0.35692676162863984
6090,0.8444892642548005
67617,0.34446825496869615
65450,0.31694609017185593
40697,0.5405059036093953
7934,0.305895205680911
24595,0.21931593764443882
9928,0.2551577797386445
7212,0.7890247489390311
6534,0.49497878062103445
5210,0.21883272406403628
49594,0.20410521450481114
43391,0.26959115929240723
73985,0.368902054708181
28927,0.8656876339341989
693,0.37180133619059624
39134,0.4130425648136476
76842,0.802365645615362
7371,0.5608428925585108
34070,0.6342703474935921
73374,0.5992268582713559
36484,0.6529160889112987
64551,0.5473129123072398
24496,0.19759233581242908
28634,0.314424975839321
5038,0.13277868818017566
52775,0.4316988108744065
30980,0.3086684314466994
7355,0.07783940501701751
16123,0.5830497079709231
74287,0.5165132988781042
11619,0.10365981763939662
27152,0.8243203495945209
66973,0.10281944619521828
508,0.8324299340308418
48786,0.27681835371234087
61817,0.2657674692213958
71467,0.7328354132526577
8948,0.6472330770200428
12243,0.4759653766964999
69923,0.6728644060674819
63966,0.1537459557124249
10311,0.1332408924744737
50436,0.3027017941930333
8922,0.5434892222362283
74230,0.13187528887768393
17028,0.7575318290684483
1540,0.14727509559225177
9122,0.8519055422496743
5868,0.2703685028782722
45876,0.5201479053741753
22491,0.7415227530568512
13030,0.7845707802848859
11570,0.8215891424009412
45437,0.7293163578301609
391,0.735556115803185
29002,0.2650531534938443
17577,0.8695113240052104
31729,0.32864826253203916
28370,0.8018194041766461
42833,0.24732131602168161
56810,0.7991197109122231
55513,0.7595907391066851
11351,0.455565359889071
61862,0.350602966511198
25082,0.5064918694062776
41204,0.8205806966679273
64758,0.802365645615362
72256,0.8208538173872851
15541,0.08431026513719064
27242,0.30553804781713517
14694,0.1557418378923484
947,0.40182360603386696
14328,0.4084835497289802
14415,0.5247489390310517
21165,0.43083743014412373
35933,0.590886171687886
35316,0.37946972561872344
18158,0.19641581579057943
60355,0.8009160048741544
33041,0.22696331778646162
20828,0.14114038404975002
36387,0.09678978108323878
27406,0.6019580654649355
48292,0.10344972477835203
7009,0.3898273036682214
46547,0.41529055842682466
17305,0.2749695365351485
4634,0.30520189923946384
57657,0.061767301147107025
40476,0.3214210681121055
27053,0.19633177864616158
30134,0.7363754779612589
38368,0.7375309886970042
9291,0.14452287911256775
28932,0.4312786251523173
15990,0.5300222698432707
36406,0.5883860666414555
57725,0.7933736711626539
74329,0.302365645615362
21200,0.802365645615362
33368,0.7328354132526577
40875,0.5871885373335014
76872,0.23658557082230347
1894,0.8154334215723349
73370,0.31261817723433755
60740,0.2519013403924535
20747,0.8125551493760242
65912,0.08494054372032438
30772,0.33358544476658686
1467,0.10870204630446657
12616,0.10229421404260684
48995,0.4408378503298458
71233,0.5429639900836171
4838,0.3944703558973066
42432,0.6529160889112987
60198,0.7051136602378252
46122,0.16246480944577504
28622,0.6844615319971427
55735,0.33440480692466074
78131,0.3092777007437287
54479,0.2602840455481323
70412,0.13454346821295013
39347,0.24444304382537077
63015,0.8028068406235557
63928,0.10365981763939662
13332,0.5268498676414975
56397,0.3843438799949577
44951,0.38659187360813485
25626,0.18305390982814404
23155,0.8066095214084625
52976,0.6458674734232531
17242,0.11450060926929702
40746,0.20082776587251563
2036,0.8352241690827347
61270,0.49840329425606117
42933,0.4576872977856212
43060,0.5624606075885542
17884,0.7427412916509097
52665,0.47871759317618384
57515,0.13336694819110045
6829,0.6740724400184882
7131,0.45037606622126986
16627,0.4020757174671205
47316,0.10365981763939662
7372,0.1890625656540191
5595,0.8380604227068363
47292,0.5812219000798353
47235,0.10531955124164881
69281,0.24824572461027775
75670,0.5610739947056599
54384,0.10816630950880289
69640,0.8059162149670153
7494,0.061998403294256064
24705,0.45583848060842896
26682,0.8464431278625152
79195,0.8185848144880037
79138,0.2556830118912559
50734,0.8221563931257615
68112,0.10353376192276986
14390,0.8222404302701793
49053,0.10767259128534812
4043,0.2483087524685911
50520,0.2186436404890962
4079,0.7896550275221648
47015,0.12036220009244086
73291,0.5296020841211816
62048,0.3651624017815875
64428,0.14145552334131686
32468,0.19007101138703306
25217,0.10651708054960292
30792,0.543699315097273
15961,0.8160426908693643
21317,0.15429219715114081
34754,0.3397621748812975
20246,0.8491113071977815
40543,0.517101558889029
60825,0.28606243959830246
9727,0.06393125761586621
16710,0.6510567670910542
48925,0.6733476196478844
63109,0.7798857094835917
43299,0.27599899155426694
66472,0.6431782848018824
69591,0.5105466616244381
20956,0.31434093869490315
13667,0.1540400857178873
40223,0.5247699483171562
865,0.4203537963779991
67790,0.7695071221479894
22395,0.7674272028236481
56064,0.16778015883020295
23383,0.8748056641035338
36635,0.10578175553594689
43117,0.6133030799613429
33378,0.3619689902937098
37420,0.8262321946300265
77626,0.10828186058237739
30006,0.7829320559687382
25257,0.04006470860120173
56919,0.6423379133577042
72685,0.5500441195008193
58256,0.528383545527123
34783,0.3202445480902559
61159,0.339278961300895
71118,0.6658473045085928
60520,0.8454136728433967
5061,0.17965040547922184
9616,0.3368208748266734
53371,0.1847346527165007
73581,0.3708769276020001
57824,0.20063868229757553
17047,0.24744737173830833
73923,0.5504432959368041
7698,0.49533593848481033
61588,0.46321274003109375
28836,0.7144417832682045
27565,0.558783982520274
68313,0.7329299550401277
53688,0.03042144627925543
43647,0.085885961595025
7190,0.29772259338627666
5574,0.8532711458464641
6136,0.35894365309466786
20812,0.6935165343081642
10554,0.8593008109584437
5248,0.5873356023362327
21154,0.7987100298331863
69518,0.28183957309130636
59096,0.13691751754275389
30565,0.24492625740577334
11086,0.18580612630782808
19054,0.6550065128786925
16664,0.06844825412832471
67709,0.5658641119374764
32084,0.5696667927223832
31900,0.29726038909197866
27237,0.45686793562754735
14860,0.5198327660826084
41487,0.5225009454178747
7453,0.08741963948065046
5198,0.4033152653472835
62009,0.851107189377705
26271,0.5401067271734106
13211,0.7929534854405648
63478,0.7822807680995
48804,0.7916088911298793
28993,0.720198327660826
72743,0.2600109248287743
22192,0.6901340392453464
69346,0.7470481953023236
45257,0.6464242195050213
51034,0.7427412916509097
21068,0.342535400647086
56393,0.5330476070423127
5544,0.2305769149964284
54746,0.08283961510987857
48288,0.22402201773183747
43170,0.6774864490104626
29979,0.4452287911256776
59755,0.6932434135888063
74719,0.5033614857767134
17654,0.29108365897726796
29093,0.4828984411109711
51503,0.767931425690155
58742,0.154943485020379
34153,0.2857893188789445
33784,0.6237236858691542
33066,0.18767595277112484
8636,0.7432455145174167
70410,0.1153199714273709
64893,0.31196688936509936
62560,0.7621853859405858
56998,0.4143241312660196
67614,0.7621853859405858
15030,0.3455397285600235
48444,0.4048069246607
14210,0.2623009370141603
29328,0.5297491491239128
3010,0.7526996932644229
15217,0.10462624480020168
2538,0.6913735871255096
49347,0.11624438001596706
40131,0.5576494810706332
73035,0.3044035463674945
46251,0.058279759653766965
41778,0.6613303079961343
39322,0.8079331064330434
10771,0.4366990209672676
48900,0.7967141476532626
21890,0.4999159628555822
55914,0.22372788772637506
21685,0.19217193999747892
321,0.5018698264632968
7136,0.5900878188159165
61387,0.06615824194293878
11985,0.4669313836715829
35423,0.27194419933610653
58252,0.42634144291776965
44911,0.5370603806882642
52551,0.5362830371023993
26628,0.7496953653514854
33655,0.6145636371276104
2177,0.6016009076011598
31832,0.382242951384512
3179,0.624543048027228
65781,0.23137526786839782
14759,0.7575108197823438
38752,0.3533551829908819
1162,0.7385814530022271
20667,0.43052229085255683
22338,0.05189293667801168
288,0.12779948737341906
26207,0.7542123618639437
46419,0.36453212319845374
54461,0.5489516366233875
10069,0.5448338165469137
66707,0.5674187991092062
4676,0.5021429471826547
46687,0.30839531072734144
53866,0.6467498634396404
39561,0.7354090508004538
44332,0.4999159628555822
60381,0.338774738434388
26554,0.18983990923988403
75324,0.6376318332703055
23166,0.6063279969746628
59223,0.5348123870750872
25492,0.7323206857430985
28165,0.7842346317072145
3122,0.736879700827766
41348,0.4906088491113072
63929,0.5775662842976595
13862,0.17866296903231227
57063,0.6346695239295769
45897,0.471616454472877
66468,0.6324845581747133
692,0.1445438883986722
35350,0.7546955754443464
6365,0.5905500231102148
64141,0.7420479852094627
78800,0.6782007647380143
16429,0.3273246775074583
20324,0.718034371192067
39877,0.4752090423967393
41744,0.7869658389007941
69856,0.0654439262153872
35734,0.8081642085801924
3970,0.6552586243119459
4927,0.7311651750073532
70470,0.575612420689945
23863,0.7795915794781294
22693,0.16061599226858272
53312,0.42890457582251357
3093,0.2967456615824194
21098,0.2967456615824194
12749,0.8398672213118198
74655,0.7627841505945628
45284,0.28368839026849874
69519,0.7399260473129123
52348,0.619311735787218
66631,0.8592062691709735
22928,0.6136182192529097
15973,0.6626959115929241
68380,0.36833480398336066
52004,0.5916004874154376
49242,0.5274591369385268
38725,0.8592062691709735
25096,0.8393840077314172
60373,0.3552460187402832
20856,0.3370099584016135
61693,0.5159040295810748
46143,0.19273919072229928
65553,0.1519391571074415
28203,0.3897432665238035
16525,0.14914492205554855
18444,0.3373671162653893
23528,0.553195512416488
12206,0.4382747174251019
31423,0.20448338165469138
32007,0.7845707802848859
32767,0.6829908819698307
4687,0.15361989999579814
4923,0.6643346359090718
39554,0.6406361611832431
5878,0.3715702340434472
64487,0.5848144880036976
42317,0.5864532123198454
32444,0.23381234505651496
16460,0.5554224967435607
22832,0.5893945123744696
41199,0.02899281482415227
25007,0.727719652086222
70123,0.5806336400689105
47366,0.6323164838858776
39568,0.07040211773603933
75086,0.5287407033908987
73915,0.7827219631076936
61923,0.763393419891592
50706,0.6982226143955629
55027,0.2167738140257994
24817,0.7317534350182782
60411,0.6106769191982856
25554,0.0677549476868776
45866,0.5946258246144795
47225,0.22828690281104247
47948,0.3605613681247111
39170,0.08754569519727719
5696,0.5887012059330223
68478,0.5225849825622926
75338,0.6296693138367159
40150,0.3687549897054498
72085,0.4504180847934787
50773,0.730513887138115
38347,0.3547628051598806
8308,0.7002184965754864
25934,0.22175301483255602
6783,0.3873271986217908
75476,0.7020463044665742
77296,0.6992520694146812
66254,0.655678810034035
1610,0.0599184839699147
31981,0.2716710786167486
34786,0.6761628639858817
35740,0.3223874952729106
63769,0.282007647380142
46807,0.4734442623639648
46336,0.38104542207655784
35700,0.28459178957099035
16509,0.786356569603765
50259,0.6930333207277618
1815,0.7183495104836338
25417,0.6106979284843901
62994,0.578501197529308
2124,0.8431026513719063
56636,0.12805159880667255
13705,0.10868103701836211
54787,0.8247195260305055
31722,0.23893861086600277
77016,0.7216689776881382
14192,0.18185638052018993
20436,0.563553090465986
40470,0.10094961973192151
43462,0.6412664397663769
49878,0.266460775662843
59808,0.4228328921383251
49029,0.43035421656372125
41939,0.7674482121097524
33577,0.17341064750619775
75113,0.2774696415815791
58820,0.33703096768771795
21439,0.8063153914030002
40032,0.7708727257447792
70443,0.578501197529308
3723,0.8236480524391782
76869,0.11223160637001554
68208,0.845014496407412
58580,0.9912811462666499
9418,0.17439808395310727
4553,0.6051514769528131
71546,0.9888545737215849
50600,0.1786419597462078
19602,0.07130551703853102
41248,0.49434850203790076
3165,0.7908105382579099
52228,0.2521744611118114
39532,0.14391360981553847
1658,0.5842892558510862
57222,0.2571116433463591
10590,0.04243875793100551
57797,0.578826841463927
19095,0.24475818311693773
55469,0.30213454346821295
40318,0.735240976511618
37035,0.554014874574562
16807,0.63609815538468
38085,0.211941678221774
58002,0.23961090802134544
27878,0.015000630278583131
19230,0.9631707214588848
53219,0.28730198747846547
33770,0.6817513340896677
36967,0.6830539098281441
35187,0.34144291776965413
58220,0.2801378209168452
36344,0.20965166603638807
55879,0.0737846127988571
53000,0.3805622084961553
50114,0.3535442665658221
3559,0.20953611496281357
59551,0.315937644438842
45227,0.7094835917475525
69391,0.47573427454935086
70424,0.45426278415059457
28808,0.9669313836715828
13599,0.7835623345518719
5314,0.5646665826295223
13700,0.2141266439766377
62654,0.1878860456321694
4828,0.20953611496281357
46800,0.17962939619311735
57531,0.571851758477247
69444,0.744359006680953
47102,0.04899365519559645
29135,0.7524475818311694
39792,0.5639942854741796
9344,0.48577671330728184
47930,0.9051640825244758
61382,0.319425185932182
37664,0.08351191226522121
37953,0.4465523761502584
50226,0.9888860876507417
61585,0.7889197025085087
22909,0.202907685196857
62781,0.3173662758939451
47000,0.9891381990839951
18280,0.9305433001386613
10284,0.8228917181394176
40864,0.15597294003949747
18020,0.319929408798689
18324,0.6751544182528678
51619,0.9888545737215849
27043,0.8253287953275348
17388,0.6985377536871297
15087,0.38972225723769904
24043,0.9898104962393378
53823,0.8001806798604983
12307,0.5699399134417412
7567,0.08811294592209756
29228,0.6527585192655154
14720,0.10899617630992899
60295,0.7205764948107064
58830,0.10319761334509853
78579,0.461847136434304
5369,0.18418841127778482
29426,0.10023530400436993
30144,0.032900542039581496
68155,0.2987730576914996
70022,0.7930165132988781
11796,0.505546451531577
17370,0.6866254884659021
44037,0.29009622253035844
24367,0.7143367368376823
22554,0.4833396361191647
72921,0.32175721668977686
75810,0.5301693348460019
13270,0.7492541703432917
9276,0.6156981385772511
9461,0.8599731081137861
2463,0.6262237909155847
49421,0.5172066053195512
52733,0.3658977267952435
76578,0.0815160300852977
49224,0.5018488171771923
42223,0.16130929871002983
72046,0.3997226774234211
61603,0.3438379763855624
66126,0.21486196899029372
8849,0.5011765200218496
59994,0.665763267364175
39614,0.05809067607882684
47112,0.5408630614731711
62672,0.7749695365351487
43619,0.7408084373292995
5455,0.4889701247951595
75322,0.1036177990671877
34218,0.5196226732215639
72374,0.3330602126139754
48618,0.15074162779948738
29433,0.7560821883272406
18817,0.0160721038699105
54711,0.04138829362578259
1588,0.08090676078826842
39455,0.8682717761250472
65007,0.39087776797344426
31418,0.7508088575150217
41575,0.46445228791125676
69498,0.061998403294256064
62902,0.26417076347745705
29632,0.07872179503340476
6079,0.35984705239715953
50043,0.6364553132484558
10957,0.6659313416530107
34394,0.1232614815748561
4007,0.22847598638598263
39020,0.6039749569309635
18396,0.2294424135467877
5899,0.4075381318542796
2867,0.028992814824152276
14012,0.7435396445228791
76600,0.4076221689986974
30267,0.8442581621076517
16969,0.2810412202193369
20317,0.39451237446951554
34029,0.7225093491323165
20923,0.348039833606454
34485,0.4325601916046893
60653,0.26933904785915375
55162,0.5736795663683348
70205,0.2821547123828732
4299,0.8197403252237488
55799,0.7859153745955713
3784,0.7619857977225933
33777,0.23148031429892013
7348,0.6873608134795579
53593,0.608407916299004
10378,0.23809823942182448
56562,0.7261019370561788
76642,0.6880121013487962
57536,0.8532081179881508
45928,0.23599731081137865
68310,0.5855918315895625
13027,0.47403252237488963
25106,0.6571284507752426
1988,0.5948149081894197
78758,0.6804277490650867
56684,0.23473675364511112
35441,0.12036220009244086
16261,0.5659061305096853
60282,0.4720366401949662
25465,0.7013319887390227
74712,0.5054203958149502
31509,0.513067775956973
23577,0.25721668977688134
25902,0.2498844489264255
54196,0.7243581663095089
19310,0.4440522711038279
65786,0.1967519643682508
40954,0.7921971511408042
51494,0.028866759107525525
45940,0.5821883272406404
34813,0.8713181226101936
6590,0.8535442665658222
13781,0.7791503844699358
66164,0.6258666330518089
75486,0.7498214210681121
29524,0.37054077902432875
28821,0.1173788814656078
23930,0.5134879616790622
76856,0.24330854237573007
4766,0.45575444346401106
26178,0.6705743938820957
6512,0.522837093995546
67767,0.5737215849405437
20567,0.45193075339299965
18783,0.6903441321063911
6306,0.2967771755115761
15642,0.6693978738602461
32300,0.873440060506744
76103,0.13866128828942392
12393,0.46775074582965664
61900,0.1371696289760074
49423,0.08197823437959578
10704,0.27845707802848857
79066,0.8296777175511575
69784,0.3937140215975461
8003,0.40923988402874073
31955,0.8206857430984495
44042,0.3983150552544224
50249,0.54245976721711
31350,0.44226648178494893
55806,0.5183200974830875
66810,0.33495104836337664
5699,0.640089919744527
3359,0.3620530274381277
78936,0.5835749401235346
61577,0.297827639816799
44524,0.583133745115341
20390,0.2211437455355267
48004,0.7258078070507165
48848,0.3128912979536955
4568,0.36974242615235936
13256,0.741795873776209
55756,0.2624059834446826
32552,0.5421656372116476
12498,0.6993571158452035
1962,0.37657044413630825
4993,0.5457582251355099
70428,0.07832261859742007
55022,0.8507290222278248
25955,0.2962309340728602
71763,0.20278162948023026
27324,0.25150216395646874
38135,0.29064246396907434
35945,0.02262700113450145
68896,0.1701542081600067
56890,0.4524559855456112
308,0.5398125971679483
51258,0.752195470397916
76212,0.6675700659691585
56564,0.5805075843522837
1052,0.5353166099415941
78000,0.44880036976343546
11411,0.586621286608681
9222,0.7095886381780746
57617,0.83831253414009
10235,0.4242195050212194
41831,0.24864490104626244
34643,0.4680658851212236
58818,0.4299130215555276
23667,0.737530988697004
58161,0.4710702130341611
76701,0.647884364889281
13683,0.781230303794277
25833,0.4870582797596538
70454,0.3766334719946216
65728,0.8445733013992184
25069,0.47638556241858904
13234,0.3598050338249507
45398,0.3840812639186521
28055,0.2799067187696962
57768,0.4972687928064204
69461,0.4152065212824068
22801,0.34558174713223244
60007,0.8462960628597841
28811,0.34530862641287446
58227,0.6130509685280895
16062,0.6308668431446699
52266,0.3861506785999411
29964,0.2513340896676331
15550,0.33845959914282114
18075,0.2281188285222068
57416,0.817219210891214
54201,0.4255640993319047
19693,0.33232488760031936
63628,0.40514307323837134
36640,0.7126559939493257
69328,0.40249590318920964
13410,0.4559015084667423
46923,0.33264002689188626
35555,0.2684356485566621
74796,0.6370435732593807
75811,0.7779528551619815
34486,0.3840812639186521
35465,0.29499138619269716
31028,0.7801798394890541
67385,0.798100760536157
53665,0.6485566620446238
43392,0.8040884070759277
75247,0.366654061095004
31924,0.2237068784402706
72308,0.40304214462792554
50800,0.22846548174293035
47765,0.25068280179839486
64094,0.22846548174293035
30677,0.44898945333837553
44370,0.755725030463465
33886,0.4219294928358335
34525,0.25564099331904705
49650,0.31150468507080126
39520,0.15723349720576496
66407,0.17538552040001684
52510,0.8587335602336233
74641,0.09979410899617631
56831,0.2492121517710828
52496,0.16397747804529603
18109,0.35415353586285137
71129,0.28662969032312285
77999,0.294340098323459
66671,0.06596915836799866
78276,0.08420521870666835
71387,0.38953317366275897
68666,0.6219168872641707
16280,0.2482247153241733
51149,0.2607042312702214
69505,0.6770872725744779
45537,0.76696499852935
42934,0.5271860162191689
337,0.7415437623429556
18932,0.4956090592041682
77634,0.025148115467036432
73649,0.38352451783688385
2986,0.8227551577797386
10879,0.028173452666078406
15917,0.056599016765410314
53773,0.04061095003991764
11670,0.019685701079877303
20863,0.039444934661120215
19943,0.8048447413756881
46676,0.029003319467204507
29438,0.0435942686667507
63401,0.33226185974200595
19801,0.5707592755998151
57022,0.7354720786587672
12101,0.8222509349132316
49501,0.039444934661120215
9019,0.7059435270389512
72780,0.02871969410479432
49851,0.06599016765410311
14080,0.04115719147863356
11875,0.16693978738602464
25806,0.024959031892096306
63294,0.41054245976721715
8264,0.22721542921971513
72392,0.1566662464809446
63910,0.13624522038741124
8598,0.029003319467204507
6902,0.04013824110256734
29933,0.0248119668893651
50819,0.17055338459599145
54723,0.2949283583343838
66982,0.5699189041556368
3263,0.025998991554266982
67232,0.11726333039203328
48921,0.11544602714399764
46152,0.02592545905290138
20790,0.39968065885121223
1631,0.04497037690659272
33038,0.029003319467204507
1882,0.7233917391487038
13901,0.35833438379763854
37843,0.8202550527333082
71046,0.02880373124921215
66789,0.28270095382158916
67569,0.5711164334635909
34701,0.7713769486112861
35304,0.8167359973108114
32955,0.7417118366317913
44740,0.04544308584394302
59175,0.8202550527333082
71095,0.11271481995041809
11152,0.029003319467204507
23570,0.44831715618303286
20528,0.00712214798941132
78274,0.8248876003193412
62791,0.2507878482289172
6588,0.8192361023572419
17619,0.6107189377704946
36684,0.028173452666078406
65983,0.020063868229757552
14032,0.27860414303121983
49997,0.33035001470650033
54354,0.025998991554266982
28379,0.7059435270389512
64730,0.36144375814109836
31380,0.8317786461616034
43857,0.5347703685028783
58871,0.775452750115551
38863,0.02434976259506702
9487,0.4382747174251019
77214,0.8315475440144544
45992,0.4536114962813564
54220,0.48567166687675956
28019,0.04497037690659272
33456,0.029003319467204507
70745,0.23650153367788565
41186,0.04013824110256734
10346,0.02364595151056767
30135,0.0671036598176394
73194,0.3427244842220261
25567,0.3948275137610824
78845,0.0640363040463885
19521,0.8227551577797386
38231,0.8702466490188664
46526,0.025998991554266982
23907,0.6320853817387285
59288,0.44529181898399095
22766,0.8226185974200596
19584,0.815349384427917
66984,0.02364595151056767
34058,0.8227551577797386
45542,0.029003319467204507
78879,0.1218538594058574
10693,0.7603260641203412
23742,0.7756208244043868
10336,0.13191730744989286
78901,0.4749359216773814
45067,0.028173452666078406
44674,0.025998991554266982
47894,0.5143703516954493
15831,0.006638934409008782
15736,0.406592713979579
18264,0.04013824110256734
18815,0.6467498634396404
12454,0.03960250430690365
38226,0.7259758813395522
76021,0.060548762553048446
60932,0.8223559813437539
11350,0.03697634354384638
44826,0.5435942686667506
4132,0.1164754821631161
16352,0.04643052229085256
57981,0.5172696331778647
15409,0.02640867263330392
42044,0.8222509349132316
55864,0.04013824110256734
46173,0.04346821295012396
25480,0.8227551577797386
61800,0.03519055422496744
37100,0.7944661540400858
54568,0.8007269212992142
26617,0.7961468969284424
65150,0.011071893777049457
57125,0.8185638052018992
76515,0.36478423463170717
77156,0.7892348418000757
45620,0.7801168116307409
2776,0.8294466154040085
32102,0.7670070171015588
69682,0.4471616454472877
25339,0.02666078406655742
35180,0.029003319467204507
48226,0.7827639816799025
34315,0.365141392495483
78980,0.8223559813437539
72490,0.5136560359678978
35904,0.6299634438421782
5751,0.11726333039203328
14716,0.029003319467204507
55572,0.9460796672129081
31086,0.5446447329719736
69342,0.40577335182150515
9077,0.6435984705239717
27231,0.5372494642632044
33999,0.94542837934367
56584,0.2712088743224505
15161,0.054855246018740283
52447,0.9450081936215807
46831,0.40755914114038405
42789,0.5681541241228624
64419,0.9457855372074456
29769,0.5892054287995294
3328,0.17729736543552252
59547,0.88425984285054
54200,0.266187654943485
66799,0.03924534644312786
22251,0.9446825496869616
25518,0.29665111979494935
46224,0.600697508298668
39351,0.4017395688894491
51540,0.3281020210933232
21120,0.32724064036304046
5022,0.28942392537501577
23560,0.562775746880121
14996,0.45062817765452334
22440,0.942308500357158
78434,0.5466826337241061
76042,0.9479389890331525
53028,0.3334383797638556
19174,0.70900037816715
25381,0.5026261607630572
19405,0.8507710408000336
5214,0.9553657716710786
57434,0.9428442371528215
3256,0.918841127778478
68227,0.10786167486028825
56542,0.640405059036094
4628,0.9425185932182024
76475,0.6340392453464431
34088,0.94542837934367
72763,0.23185848144880036
74103,0.22397999915962855
12193,0.7042942980797512
4530,0.07420479852094626
44436,0.22479936131770242
59822,0.9438421782427833
23471,0.505735535106517
61170,0.9460796672129081
9942,0.29877305769149964
61846,0.3999117609983613
75370,0.3944493466112022
18063,0.9460796672129081
39105,0.6267070044959873
72519,0.11811420647926384
64576,0.3962561452161855
918,0.30852136644396827
29878,0.031850077734358585
19289,0.2226564141350477
571,0.40344132106391023
36183,0.18962981637883947
47575,0.7688348249926468
72568,0.9460796672129081
63186,0.760641203411908
46647,0.43516534308164206
19611,0.2240430270179419
52114,0.5126685995209882
75887,0.5037816714988024
53536,0.2711248371780327
14027,0.9460796672129081
25614,0.2401151308878524
52692,0.8582293373671163
67754,0.8601411824026219
5233,0.32896340182360606
14212,0.2971553426614564
30258,0.16941888314635067
35596,0.5378587335602336
22165,0.46100676499012566
70533,0.39936551955964533
68799,0.33955208202025294
72375,0.9457855372074456
5742,0.544707760830287
33419,0.9460796672129081
11095,0.17941930333207276
56985,0.12397579730240767
39851,0.052082020252951805
33341,0.9428442371528215
36290,0.3408546577587293
10923,0.1674440102525316
76557,0.9450081936215807
70015,0.3427875120803395
71197,0.3150762637085592
46288,0.7186646497752006
77487,0.13779990755914115
23994,0.6059498298247825
36608,0.2024664901886634
65207,0.1698600781545443
17376,0.8472624900205892
52657,0.5121433673683767
33688,0.14861968990293709
43470,0.9460796672129081
32934,0.22011429051640827
6645,0.9460796672129081
62768,0.41064750619773943
14335,0.9432749275179629
25526,0.5614731711416446
70131,0.8258540274801462
61115,0.4748518845329635
35619,0.30450859279801673
63345,0.711479473927476
60816,0.047817135173746785
28303,0.06662044623723685
46755,0.3949115509055003
78645,0.09576032606412033
37229,0.2799697466280096
50627,0.5931551745871676
14909,0.8282911046682634
74843,0.07143157275515778
64287,0.25706962477415013
33725,0.7678473885457372
41259,0.17282238749527293
35504,0.7970292869448296
38438,0.01871927391907223
50358,0.06418336904911971
67915,0.5753182906844826
28902,0.425438043615278
12392,0.7653262742132022
16104,0.7269633177864616
75401,0.1660363880835329
65902,0.368439850413883
2104,0.24246817093155174
33458,0.17788562544644734
35960,0.44594310685322913
19260,0.6789781083238792
71247,0.7764611958485651
25184,0.08382705155678809
20885,0.3773898062943821
66630,0.5274591369385269
79181,0.16889365099373924
29064,0.5390562628681878
15900,0.3934409008781881
16545,0.12740031093743434
204,0.5869994537585613
22868,0.3958359594940964
20325,0.1490608849111307
77147,0.12584562376570443
79201,0.4109626454893063
37702,0.14271608050758436
24032,0.08460439514265305
43396,0.0448968444052271
52199,0.269990335728392
73494,0.6749443253918233
27527,0.47102819446195215
66459,0.11660153787974285
65134,0.342808521366444
44949,0.5221858061263078
37020,0.5071221479894112
47789,0.6902180763897642
31710,0.5056935165343082
22589,0.45754023278288997
12227,0.31997142737089795
51878,0.7604731291230724
53443,0.5356107399470567
28454,0.09118030169334845
16768,0.16565822093365268
31456,0.5214504811126518
7486,0.13487961679062144
4887,0.2036640194966175
49523,0.3296356989789487
72076,0.3386486827177613
60594,0.5329635698978948
52954,0.5435522500945418
27217,0.1767931425690155
21840,0.42770704651455943
43308,0.19202487499474766
41610,0.6579057943611076
6860,0.12384974158578092
67166,0.7433715702340434
10626,0.3604143031219799
33723,0.787596117483928
40173,0.40936593974536745
64552,0.5354846842304298
38713,0.40094121601747973
76073,0.4054372032438338
17000,0.10668515483843859
60936,0.40842052187066685
51728,0.4227908735661163
32822,0.425900247909576
39179,0.7711668557502415
59050,0.034791377788982725
56234,0.5167233917391487
78553,0.25488465901928653
44517,0.7255977141896718
66026,0.7658094877936047
45914,0.37768393629984454
17375,0.4429807975125006
35741,0.5451489558384807
34694,0.34493045926299426
35711,0.3357073826631371
35932,0.5173746796083869
19997,0.4147653262742132
41004,0.4706920458842809
63973,0.5188243203495945
44387,0.5940165553174502
20177,0.46728854153535865
11578,0.5037606622126981
58848,0.7705155678810035
59198,0.5982394218244464
32173,0.3632505567460818
68976,0.4368670952561032
34661,0.45443085843943026
16634,0.47529307954115724
64713,0.3754779612588764
21640,0.5354216563721165
54320,0.7980587419639481
44536,0.3205806966679272
55613,0.09208370099584016
17890,0.4166351527375099
671,0.4152065212824068
14684,0.4451447539812597
48009,0.3956678852052607
47665,0.36816672969452496
42240,0.6167696121685785
9278,0.8257069624774149
33666,0.5931131560149586
68843,0.11588722215219127
75518,0.2244632127400311
8027,0.23790915584688432
2891,0.5856968780200847
24124,0.7087062481616875
76704,0.15649817219210893
27198,0.8589856716668768
75889,0.27160805075843525
22336,0.8361695869574352
73934,0.16933484600193283
26947,0.16996512458506663
33403,0.3541955544350603
45277,0.47760410101264755
49684,0.14988024706920458
2383,0.5343711920668935
77957,0.34032942560611795
6477,0.5066809529812177
47938,0.8580612630782807
36946,0.3257279717635195
37549,0.7338543636287239
11065,0.03172402201773184
25308,0.5589520568091096
38760,0.819467204504391
55481,0.21498802470692047
2764,0.8150972729946636
51718,0.7462918610025632
2582,0.09662170679440313
41154,0.9757027606201941
51760,0.9811756796504055
43443,0.11847136434303962
23186,0.3453926635572923
42216,0.9406907853271146
34873,0.08088575150216394
37406,0.29553762763141306
76406,0.7799067187696962
69301,0.6433463590907181
4235,0.8203495945207782
4995,0.6194377915038447
49811,0.6520862221101728
4435,0.9757027606201941
11677,0.6654271187865036
718,0.15843102651371907
72310,0.1422538762132863
43955,0.669292827429724
77720,0.9728034791377788
27049,0.22815034245136348
14672,0.8358544476658682
33273,0.8006849027270054
59192,0.7830371023992605
51832,0.8006849027270054
42057,0.710155888902895
9360,0.6268750787848228
30076,0.08454136728433966
47898,0.7237488970124795
10656,0.8400142863145511
30699,0.17145678389848315
36469,0.22815034245136348
40143,0.06897348628093618
32131,0.4775830917265431
50941,0.34633808143199296
65049,0.0420395814950208
39083,0.08712550947518803
12817,0.1407412076137653
36414,0.7737720072271944
193,0.7952645069120551
30010,0.5438043615277953
78577,0.5777973864448086
15811,0.4296188915500651
61745,0.9686646497752006
58693,0.7701374007311231
61511,0.10141182402621958
71697,0.5314088827261649
37159,0.4236312450102946
70464,0.08010840791629899
28917,0.23242573217362072
71089,0.360372284549771
10800,0.14645573343417792
76949,0.32272364385058194
65775,0.29282742972393794
12208,0.5232992982898441
78613,0.18248665910332365
43938,0.68030169334846
75662,0.1459935291398798
56054,0.3253498046136392
5619,0.24082944661540404
30050,0.9809235682171519
8641,0.2727845707802849
49171,0.16948191100466406
36321,0.33759821841253834
15535,0.10242026975923357
8329,0.6905542249674356
43371,0.9724358166309509
54936,0.5967897810832388
3454,0.1626749023068196
44943,0.758897432665238
47222,0.4197025085087609
49299,0.1851338291524854
47862,0.14763225345602757
69167,0.701710155888903
46314,0.33062313542585825
29346,0.1396697340224379
43940,0.06582209336526744
21114,0.23715282154712383
41459,0.7704525400226899
72618,0.7520904239673936
30955,0.22895919996638514
70270,0.21795033404764905
79315,0.3508760872305559
70294,0.7929114668683558
13918,0.32688348249926463
44050,0.8015252741711837
14956,0.2716710786167486
41606,0.6345854867851591
78440,0.9657548636497332
5521,0.10271439976469598
54317,0.9686646497752006
61935,0.7106811210555065
32116,0.45518719273919067
44590,0.8346569183579141
23200,0.27007437287280983
1701,0.6411613933358544
59849,0.16950292029076852
51926,0.9491785369133158
27519,0.2793394680448758
6969,0.7629312155972939
16323,0.6164544728770116
32855,0.5443716122526157
66198,0.9568259170553385
56359,0.46472540863061473
76423,0.8718013361905962
17414,0.1538930207151561
137,0.21242489180217658
23409,0.9510168494474557
30817,0.9527606201941259
11088,0.19450397075507375
61754,0.9523614437581411
66737,0.13435438463801
62062,0.39762174881297535
48517,0.7713979578973906
76808,0.7607882684146393
71833,0.7692550107147359
69464,0.4616790621454683
14388,0.09122232026555738
26490,0.5053153493844279
32829,0.524622883314425
57621,0.4933400563048867
3607,0.1879910920626917
21226,0.8177024244716163
35099,0.02953905626286819
2188,0.8117567965040547
12357,0.5406949871843355
15955,0.18072187907054918
63060,0.8388587755788057
47407,0.16011176940207572
35437,0.09084415311567713
64451,0.310622295054414
77273,0.9527606201941259
49394,0.12809361737888147
18453,0.14265305264927097
35530,0.5675868733980419
25501,0.21759317618387328
5104,0.9499348712130762
13653,0.19511324005210304
31782,0.6227782679944535
67174,0.44411529896214125
56705,0.5991008025547292
13262,0.27744863229547456
35843,0.607294424135468
25399,0.7383083322828691
7297,0.7964830455061137
68815,0.5210723139627715
31708,0.08821799235261985
73540,0.4954830034875415
29494,0.48396991470229844
54123,0.5525232152611453
41095,0.09146392705575863
28928,0.4793478717593176
7353,0.8434808185217867
46219,0.3828312113954368
10752,0.22469431488718014
24418,0.15458632715660323
73234,0.6094163620320182
47196,0.2517542753897222
5669,0.8250766838942812
38507,0.949882347997815
43428,0.8438379763855623
49832,0.1333039203327871
70844,0.19666792722383294
63611,0.956206143115257
4459,0.9510168494474557
20026,0.8119248707928906
12856,0.9566788520526073
18258,0.9510168494474557
19297,0.6966889365099375
43804,0.7761040379847892
8025,0.949882347997815
24171,0.8220303374091348
29062,0.1907012899701668
43517,0.9523614437581411
23249,0.29328963401823605
33459,0.33610655909912185
10104,0.4755872095466196
1015,0.5761586621286608
870,0.9510168494474557
14925,0.870918946174209
43327,0.09122232026555738
7611,0.2859784024538847
5284,0.9523614437581411
69907,0.619773940081516
60031,0.9523614437581411
26150,0.9506701962267323
66898,0.09146392705575863
58672,0.3969494516576327
34398,0.5979242825328795
12626,0.3600781545443086
67088,0.16994411529896214
50490,0.11179041136182193
53054,0.9527606201941259
27587,0.9527606201941259
73789,0.8506870036556157
10443,0.9511534098071347
76283,0.6748812975335099
5040,0.32608512962729524
21870,0.8247195260305055
60129,0.09122232026555738
54319,0.9554603134585488
62944,0.5478171351737467
1135,0.7184965754863649
43765,0.5373124921215177
10279,0.13910248329761754
62957,0.0984915332576999
10452,0.956206143115257
4018,0.9655237615025841
4139,0.5586999453758561
44817,0.9580234463632925
66396,0.13540484894323293
29944,0.6398167990251692
68499,0.8271986217908315
2427,0.18084793478717595
69213,0.4219505021219379
60687,0.757657884785075
50517,0.33356443548048237
7675,0.38257909996218326
50932,0.1630950880289088
19875,0.27309971007185174
70822,0.0556535988907097
73904,0.1930753392999706
30982,0.09376444388419682
24352,0.6903336274633388
12906,0.20278162948023026
2094,0.2940879868902055
1921,0.36774654397243584
65619,0.2711038278919282
42052,0.7155762847178453
60273,0.632841716038489
62913,0.03876213286272532
41244,0.27633514013193833
55277,0.5604437161225261
1814,0.24990545821252996
2995,0.49365519559645366
48443,0.4135467876801546
15439,0.7582881633682087
62261,0.6903336274633388
55562,0.8177444430438254
42138,0.6435354426656582
2643,0.786230513887138
74817,0.3015042648850792
40388,0.5097062901802597
29085,0.037312492121517715
18690,0.7607672591285347
76839,0.28967603680826925
54331,0.8480818521786629
36964,0.7518173032480355
45801,0.06544392621538721
12361,0.42674061935375435
3850,0.7911887054077903
1307,0.3102021093323249
34511,0.07922601789991175
19234,0.5607798647001975
30110,0.7112903903525357
16194,0.7164376654481281
26991,0.6380520189923945
61843,0.42676162863985884
64620,0.7677633514013195
68137,0.25290978612546744
22548,0.3908987772595487
30950,0.3211479473927476
67055,0.2852220681541241
60711,0.8617168788604563
4118,0.5274171183663179
65304,0.48934829194503976
71292,0.6216857851170218
41168,0.5228160847094415
32089,0.3721795033404765
22626,0.0708223034581285
45834,0.29328963401823605
59779,0.26110340770620616
28231,0.07876381360561369
14257,0.834509853355183
1989,0.39133997226774236
62121,0.5561998403294256
25918,0.3668221353838397
62876,0.19416782217740244
16902,0.6659733602252196
10562,0.4458800789949158
55313,0.8642590024790957
54846,0.6830749191142486
25992,0.762195890583638
51914,0.7771334930039077
55634,0.3757720912643388
22932,0.7826589352493802
75278,0.6077776377158705
45271,0.7519433589646624
3766,0.2657464599352914
77758,0.7863775788898693
46221,0.0985965796882222
7847,0.5024790957603261
26050,0.39381906802806843
31803,0.7494642632043362
888,0.724547249884449
23621,0.29165090970208835
72526,0.3471154250178579
10809,0.25028362536241017
19553,0.5669145762426993
66961,0.29192403042144627
16524,0.24202697592335812
59723,0.6159922685827136
19582,0.8644480860540359
113,0.3031850077734359
72828,0.02779528551619816
16200,0.4764695995630069
37328,0.2949283583343838
53748,0.18509181058027646
46290,0.5898567166687676
11443,0.7683726206983487
11255,0.45306525484264043
24336,0.21900079835287198
11890,0.6396697340224379
43527,0.7997815034245136
17267,0.3299508382705156
19478,0.25482163116097317
64888,0.7368166729694524
27799,0.7179503340476491
16836,0.4996428421362242
69268,0.5891424009412161
56409,0.12855582167317955
1482,0.3622421110130678
32299,0.8431446699441153
4987,0.08204126223790915
52816,0.1221059708391109
35532,0.40201268960880704
58003,0.20044959872263543
13795,0.15099373923274087
67392,0.36125467456615823
390,0.8603197613345098
39195,0.8543636287238959
18625,0.8607504516996513
10579,0.5457372158494055
56185,0.9818059582335392
70534,0.12855582167317955
27963,0.6479473927475944
45815,0.22181604269086938
37565,0.528425564099332
70306,0.04235472078658767
50446,0.9803878314214883
26401,0.6832429934030841
4174,0.9829614689692844
18920,0.7862725324593471
34676,0.5648346569183579
24619,0.48149081894197227
70483,0.9803878314214883
41329,0.984043447203664
71570,0.852304718685659
73156,0.8327450733224085
33920,0.4240094121601748
50720,0.4415941846296063
44815,0.06592713979578975
75226,0.030169334846001938
78168,0.5216815832598009
53313,0.867515441825287
34999,0.2474683810244128
175,0.39087776797344426
18288,0.25417034329173493
25676,0.6522332871129038
41521,0.8347199462162275
36177,0.33583343837976387
1539,0.7354090508004538
35061,0.53044245556536
42292,0.16324215303164
66900,0.7914618261271483
37126,0.12962729526450692
62022,0.8603197613345098
21645,0.8396781377368798
66217,0.9826988528929786
13051,0.3364216983906887
77075,0.6334089667633094
33277,0.8607084331274423
32935,0.30902558931047525
13690,0.4739064666582629
65943,0.3773057691499642
19457,0.8580192445060716
67451,0.9826988528929786
7264,0.4489054161939577
20584,0.5624816168746586
10729,0.33486701121895884
33873,0.8070717257027606
2611,0.8430186142274886
42713,0.4359426866675071
2801,0.17710828186058236
31846,0.5024790957603261
11109,0.5342661456363712
11157,0.12855582167317955
32921,0.07851170217236018
68369,0.6048573469473508
27129,0.7258918441951342
75955,0.9803878314214883
69088,0.2335812429093659
52875,0.44314887180133616
74705,0.7131602168158326
77826,0.8402033698894912
30882,0.040715996470439934
47136,0.335518299088197
3274,0.7495483003487542
64426,0.21858061263078277
10015,0.7145048111265179
45047,0.4494096390604647
57616,0.844594310685323
15089,0.7570276062019413
18376,0.2953275347703685
2709,0.5513466952392958
28885,0.6260767259128535
5142,0.4788646581789151
27128,0.9803878314214883
7215,0.5761796714147653
16590,0.5263036262027817
65459,0.12945922097567125
30107,0.47688978528509596
25712,0.3020505063237951
23065,0.4739694945165763
13157,0.5826085129627295
35518,0.7513550989537375
60958,0.46041850497920084
57650,0.4205638892390437
51002,0.5030043279129375
22413,0.4753561073994706
26565,0.49321400058826
60143,0.5577125089289466
45476,0.4046808689440733
20467,0.19439892432455144
75716,0.30887852430774404
22319,0.984043447203664
38579,0.035904869952519014
57728,0.8027438127652422
38403,0.8025757384764066
53460,0.22116475482163114
78541,0.7263540484894323
34149,0.10816630950880289
3833,0.365141392495483
32253,0.817681415185512
49977,0.10408000336148578
37545,0.8130383629564267
57150,0.41054245976721715
37045,0.6281776545232993
37727,0.6040589940753813
78952,0.86894407328039
43885,0.43556451951762676
7416,0.8148451615614102
6615,0.6658052859363839
27057,0.3939871423169041
16674,0.6420017647800328
61251,0.9933295516618346
10776,0.819152065212824
19992,0.0831757636875499
47069,0.3611286188495315
62434,0.6390604647254086
15524,0.4559645363250557
30909,0.10828186058237739
14271,0.8036051934955251
45096,0.9933295516618346
46977,0.5360729442413547
45027,0.9149123912769443
63354,0.9930459262994242
31556,0.8347409555023321
20955,0.21274003109374343
77731,0.019118450355056937
13870,0.7644018656246061
42352,0.7991197109122231
39465,0.1478213370309677
20701,0.2850960124374973
47858,0.3057691499642842
50575,0.48983150552544225
8276,0.8018194041766461
74602,0.1995461994201437
43799,0.10596033446783477
2180,0.5744779192403042
70094,0.7979326862473214
61845,0.2771755115761166
7813,0.5168074288835666
45608,0.08183116937686458
63815,0.38989033152653474
42999,0.10590781125257363
66669,0.39732761880751294
59980,0.8014832555989747
22627,0.3878314214882978
76646,0.66828438169671
46003,0.48512542543804366
2872,0.2238119248707929
56576,0.10828186058237739
63044,0.5573763603512752
26537,0.17275935963695954
34541,0.5894995588049917
64504,0.5013866128828942
43362,0.6233665280053783
64790,0.8341526954914071
34682,0.25421236186394386
9257,0.5080045380057986
12603,0.5177738560443715
29962,0.7255767049035674
30100,0.15427118786503635
24730,0.4828774318248666
15418,0.28045296020841215
63233,0.6337661246270851
51314,0.2708307071725703
52161,0.38644480860540353
63812,0.5931551745871676
66642,0.18843228707088533
75732,0.8036051934955251
4957,0.25696457834362785
45741,0.8399302491701333
53522,0.822870708853313
19150,0.5192024874994748
20314,0.7542963990083619
20059,0.8067565864111937
3697,0.38070927349888656
9172,0.5140131938316737
28483,0.42676162863985884
53575,0.4930879448716332
67713,0.8321568133114837
55842,0.8018194041766461
25243,0.6427580990797933
19703,0.8036051934955251
40696,0.49514685490987015
23817,0.7288751628219673
68324,0.2977856212445901
12298,0.14494306483465694
66733,0.9846422118576411
27414,0.6117273835035085
5723,0.3883356443548048
74672,0.49430648346569184
43464,0.24488423883356444
77743,0.38524727929744945
4968,0.553468633135846
63228,0.2559771418967184
18602,0.23818227656624225
24533,0.9922580780705071
19711,0.04134627505357368
36778,0.5186562460607589
69120,0.25234253540064705
79129,0.4696836001512669
18021,0.10870204630446657
22602,0.5774822471532417
27692,0.03806882642127821
55389,0.9241774864490105
45243,0.539896634312366
31313,0.7400941216017479
21543,0.4922685827135594
56747,0.9922580780705071
63070,0.38398672213118196
10212,0.20876927602000084
36192,0.8382915248539854
8200,0.4249968486070843
18794,0.5289507962519434
77844,0.46878020084877514
70903,0.6548804571620656
50082,0.14864069918904158
55746,0.264212782049666
68432,0.4661960586579268
24821,0.4885499390730703
14123,0.1241648808773478
34065,0.6541451321484096
28002,0.14622463128702887
3643,0.6106559099121812
76429,0.6205933022395899
66156,0.10870204630446657
58628,0.6481154670364301
30874,0.810433211479474
38871,0.9927307870078574
63762,0.10596033446783477
63065,0.10805075843522838
41317,0.8006638934409009
5452,0.13874532543384174
15450,0.6119584856506576
73403,0.8476196478843648
31280,0.6822135383839658
25852,0.26793142569015505
59235,0.3411908063364007
12868,0.48193201395016594
28329,0.30604227068364215
13980,0.637106601117694
54111,0.8428925585108619
47154,0.12689608807092734
72011,0.5282574898104963
24273,0.597441068952477
8812,0.5295390562628682
493,0.3543846380100004
43528,0.38583553930837433
66653,0.7818185638052019
38406,0.24980041178200765
37854,0.17053237530988696
67294,0.28925585108618007
44255,0.13664439682339594
67469,0.4092819026009496
43310,0.8474935921677381
31434,0.41562670700449594
65102,0.04974998949535695
39122,0.381560149586117
44606,0.718769696205723
64806,0.5615572082860625
27077,0.15496449430648349
21626,0.2885835539308374
47119,0.22192108912139166
44770,0.7136014118240261
27046,0.31450901298373884
35064,0.2513550989537376
47563,0.7725744779192403
5940,0.3019244506071684
78327,0.5258204126223791
11034,0.7205764948107064
36082,0.8450565149796211
18991,0.671813941762259
75452,0.5324803563174924
23990,0.0617252825748981
32984,0.5319551241648809
23092,0.7134753561073994
32431,0.3029959241984957
33841,0.7622799277280558
65345,0.4394512374469515
74219,0.7905164082524475
7007,0.30478171351737465
54255,0.3598260431110551
55752,0.234316567923022
46474,0.4118450355056935
32794,0.6056346905332157
60615,0.21645867473423253
7660,0.06918357914198076
46170,0.3852682885835539
38459,0.399533593848481
49430,0.6959956300684902
55836,0.2602630362620278
61216,0.18536493129963447
74708,0.7996764569939913
26424,0.27568385226270015
11909,0.5156729274339259
24969,0.6213916551115594
21608,0.09962603470734065
58586,0.8708769276020001
49068,0.6085129627295265
33871,0.8215891424009412
52429,0.44934661120215136
31132,0.8579562166477585
2205,0.8619059624353964
45672,0.8241312660195806
62523,0.1997562922811883
11309,0.5979873103911929
28152,0.049371822345476706
47833,0.05842682465649817
27607,0.8416740199168032
4427,0.3529560065548973
20937,0.5739106685154839
53555,0.18341106769191984
64111,0.381560149586117
56548,0.5683642169839068
52871,0.4245976721710996
50125,0.8422412706416237
20964,0.08485650657590654
55669,0.3636077146098575
33488,0.641602588344048
46608,0.6633366948191101
6156,0.7199041976553637
20094,0.47338123450565145
61241,0.18530190344132105
51956,0.5632169418883146
69562,0.2848649102903484
55351,0.21729904617841087
40993,0.6638094037564604
29337,0.5716626749023068
17909,0.5556956174629186
30432,0.38728518004958196
20448,0.6274213202235387
30117,0.6676541031135761
51375,0.45003991764359846
71355,0.08821799235261985
44725,0.7846758267154081
32246,0.2163746375898147
3867,0.4041556367914618
55244,0.7550107147359132
2746,0.6251102987520484
11951,0.24597672171099624
43792,0.17227614605655703
19612,0.1182822807680995
20308,0.664523719484012
44865,0.7511660153787973
15194,0.6645237194840119
1402,0.858586495230892
61611,0.769170973570318
12829,0.8741333669481911
24088,0.29583175763687547
54132,0.8254128324719526
36022,0.6117694020757175
51814,0.061767301147107025
24473,0.7330980293289633
31882,0.06096894827513761
39780,0.7667549056683054
76329,0.4678978108323879
42966,0.2949073490482793
36610,0.2856842724484222
18200,0.6221059708391108
20133,0.05191394596411614
28173,0.813962771545023
61998,0.4152065212824068
2101,0.8042564813647632
78137,0.018530190344132103
62508,0.292785411151729
55861,0.16355729232320684
10294,0.11099205848985251
4214,0.37196941047943194
26673,0.6944829614689692
73017,0.2249254170343292
33003,0.3983150552544224
60949,0.09672675322492541
74084,0.6932434135888063
54337,0.6633366948191101
62262,0.31339552082020256
47592,0.3952897180553805
16924,0.055149376024202695
58284,0.4182528677675532
55622,0.7215429219715114
62492,0.2587293583764024
23555,0.7184965754863649
47378,0.05342661456363712
18136,0.03598890709693684
57506,0.44136308248245726
27748,0.3860246228833144
51169,0.47552418168830624
34774,0.003802680784906929
52390,0.1715198117567965
20809,0.008760872305559058
29321,0.3937560401697551
26655,0.4767007017101559
24973,0.19101642926173368
27365,0.836253624101853
2258,0.7924912811462667
38343,0.8520315979663011
74620,0.6826967519643682
54121,0.7979536955334258
5356,0.20748770956762888
67056,0.5515567881003404
66915,0.08510861800916004
25600,0.8578301609311317
18972,0.6645447287701164
54576,0.7940249590318921
22006,0.36352367746543973
17509,0.21259296609101222
45969,0.553468633135846
66853,0.7402621958905836
63116,0.8004117820076474
5843,0.025778394050170173
16212,0.1538930207151561
71369,0.12174881297533509
75358,0.4631076936005714
54041,0.6881381570654229
58273,0.26366654061095
29797,0.4678978108323879
15373,0.0771040800033615
12181,0.2726164964914492
71855,0.8183957309130636
23479,0.12275725870834908
44761,0.7996344384217825
62369,0.618534392201353
39130,0.6674650195386361
32442,0.07851170217236018
48696,0.19463002647170047
2225,0.8451195428379344
43149,0.1247111223160637
16210,0.7330139921845457
5572,0.8246775074582966
5794,0.8581663095088029
53385,0.6093533341737047
32403,0.28587335602336233
71275,0.37127610403798483
19009,0.7863985881759737
41628,0.7128450775242658
70813,0.21244590108828101
55104,0.6148997857052817
35206,0.06651539980671457
22441,0.832955166183453
58162,0.35694777091474433
62552,0.5116181352157653
27991,0.7688138157065424
22737,0.6992730787007857
26918,0.31761838732719866
44758,0.5092440858859616
68704,0.9733602252195471
50962,0.45180469767637293
31898,0.1604689272658515
58609,0.4159628555821673
54239,0.9762805159880666
48689,0.4566158241942939
7017,0.29226017899911766
46155,0.4504390940795832
48767,0.7489810496239339
45410,0.2414387159124333
73464,0.3128702886675911
37714,0.42018572208916344
15650,0.5896256145216184
12238,0.6820664733812345
74764,0.37098197403252237
71122,0.8112945922097566
56072,0.29723937980587417
71127,0.3084373292995504
56379,0.42766502794235056
46102,0.5633429976049413
14744,0.47541913525778395
8245,0.4831925711164335
16238,0.05788058321778226
78746,0.5936173788814656
12146,0.48777259548720536
160,0.9740115130887853
25236,0.3664649775200639
1590,0.6577797386444809
38334,0.5803605193495525
7191,0.1767511239968066
16567,0.5732803899323501
76113,0.9781503424513636
30751,0.1849867641497542
61203,0.017731837472162698
34325,0.13074078742804318
35597,0.3782932055968738
33205,0.9770788688600361
22174,0.303647212067734
15593,0.017311651750073532
67905,0.3551199630236564
28455,0.7180763897642758
23783,0.12141266439766378
58395,0.525862431194588
53118,0.4804823732089583
70264,0.8633766124627086
17623,0.6334930039077272
68488,0.5871360141182403
10351,0.35121223580822725
63672,0.554014874574562
46093,0.35551913945964114
56700,0.5633850161771503
12450,0.5391613092987101
59767,0.8464641371486197
71313,0.5099373923274086
70722,0.7967351569393673
22032,0.7554098911718979
74086,0.11782007647380142
28221,0.04283793436699021
67629,0.3977478045296021
10208,0.9762805159880666
61389,0.7740871465187613
32956,0.34049749989495354
41870,0.7502626160763057
24323,0.9770788688600361
19811,0.28484390100424384
66635,0.8676204882558091
1382,0.045464095130047476
8606,0.28738602462288326
48512,0.9770788688600361
54190,0.5987646539770578
21282,0.5476070423127023
52328,0.09355435102315224
15039,0.08344888440690786
75970,0.1463927055758645
20132,0.16336820874826674
11391,0.2210386991050044
41161,0.8440690785327115
7296,0.5339089877725955
8069,0.17074246817093156
42728,0.8542375730072692
9765,0.8186058237741082
32793,0.1659523509391151
68900,0.24585066599436953
66625,0.41400899197445273
12867,0.2801588302029497
10887,0.5525652338333544
11591,0.7723643850581957
78504,0.809193663599311
10504,0.47111223160637
27811,0.5094751880331106
56623,0.46699441152989624
58654,0.4556493970334888
49848,0.16712887096096474
52888,0.8727887726375059
11945,0.9762805159880666
17612,0.5295600655489726
51152,0.7956006554897265
277,0.4611958485650658
26944,0.25341400899197447
22314,0.0825244758183117
19338,0.23240472288751626
36675,0.4846212025715366
5846,0.08594898945333838
36189,0.4952939199126014
27104,0.2412916509097021
51920,0.5107147359132737
50877,0.08806042270683641
24046,0.8081221900079836
25519,0.2113113996386403
68027,0.56300684902727
21827,0.0825244758183117
48934,0.0597714189671835
40511,0.115277952855162
15073,0.7422790873566116
62321,0.18885247279297449
2385,0.15290558426824655
8017,0.31608470944157313
48457,0.7911466868355813
19504,0.6396487247363335
53411,0.5243707718811715
41863,0.7872179503340476
51972,0.07744022858103282
28399,0.0825244758183117
6143,0.8439640321021892
76542,0.8186898609185259
18355,0.528614647674272
21084,0.3172822387495273
69339,0.571116433463591
55221,0.2741501743770747
30387,0.8168620530274381
36305,0.41289549981091644
36594,0.08949955880499179
77947,0.6398378083112736
12992,0.7237068784402707
62155,0.32623219463002645
51099,0.8309592840035296
20879,0.4656708265053153
2455,0.21463086684314467
28065,0.4105634690533216
58955,0.15521660573973695
72806,0.7454514895583849
72703,0.01666036388083533
56116,0.14645573343417792
38636,0.41426110340770617
60012,0.3069246607000294
66419,0.5943316946090172
13894,0.13920752972813985
48652,0.08806042270683641
29690,0.2497373839236943
66094,0.7303878314214883
67497,0.08806042270683641
46100,0.818731879490735
1208,0.10292449262574059
7685,0.825202739610908
16860,0.4891381990839951
26087,0.417916719189882
55691,0.3299298289844111
44790,0.49340308416320006
28309,0.12032018152023194
76022,0.3977267952434976
19596,0.16517500735325014
3631,0.6576957015000631
1709,0.10153787974284634
26422,0.0825244758183117
24843,0.3750367662506828
1141,0.5612840875667044
38976,0.3235009874364469
75775,0.6494810706332199
35429,0.2236438505819572
1308,0.7955166183453087
18952,0.6592713979578974
58343,0.6539350392873651
44696,0.4638430186142275
46841,0.8294466154040085
74966,0.0515777973864448
57170,0.08806042270683641
20220,0.875183831253414
55569,0.0825244758183117
39421,0.187591915626707
63923,0.47176351947560824
13284,0.08806042270683641
26763,0.0165763267364175
64354,0.2575108197823438
58479,0.6922349678557923
37773,0.08672633303920334
55779,0.10880709273498888
25880,0.384217824278331
30655,0.5278583133745115
75251,0.4102273204756502
359,0.45762426992730787
139,0.13721164754821633
74028,0.7170049161729484
62444,0.8592377831001302
43950,0.08806042270683641
341,0.18139417622589182
70394,0.055338459599142825
56883,0.5937644438841968
9570,0.08065464935501492
64387,0.07307029707130552
50099,0.5632169418883146
76119,0.6202361443758141
5499,0.2304718685659061
8557,0.19635278793226607
1933,0.803878314214883
2353,0.7012899701668137
15849,0.41594184629606284
3237,0.2108912139165511
27717,0.2395268708769276
42262,0.46823395941005924
36576,0.5992688768435648
59501,0.0764948107063322
71156,0.7833312324047229
14974,0.7491491239127694
63919,0.05958233539224337
20539,0.09229379385688474
61517,0.8285011975293081
25373,0.08569687802008487
18801,0.40606748182696756
6345,0.4893903105172486
71676,0.5900458002437077
66322,0.0942266481784949
30404,0.08473045085927981
23174,0.06533887978486491
27735,0.8632505567460819
31779,0.09752510609689484
8037,0.3163368208748267
73852,0.12288331442497584
71850,0.09960502542123618
22053,0.3215891424009412
2170,0.35427959157947814
53162,0.5854657758729359
18694,0.148661708475146
26418,0.3553090465985966
72128,0.8190050002100929
37227,0.40255893104752305
47094,0.05403588386066641
7598,0.4999159628555822
70189,0.07901592503886717
19800,0.7601369805454011
42360,0.38058321778225973
7070,0.21133240892474472
42418,0.5091180301693349
5745,0.29730240766418753
48516,0.19952519013403924
17439,0.4370351695449388
930,0.43478717593176186
22853,0.052208075969578556
8768,0.6797764611958486
11121,0.26835161141224423
47499,0.4911760998361276
11739,0.3407496113282071
44015,0.1513298878104122
2012,0.27704945585948987
17298,0.43955628387747386
40380,0.4529602084121181
71443,0.6219378965502752
44180,0.5559477288961722
21313,0.7867977646119585
39333,0.31207193579562165
68804,0.3829992856842724
40604,0.4438631875288878
45735,0.4225597714189672
66678,0.76366654061095
75770,0.7258708349090298
47776,0.7964410269339047
64048,0.6750073532501366
15435,0.08533972015630908
68671,0.6919828564225387
54313,0.6428211269381067
39759,0.34003529560065543
52396,0.8384385898567167
17859,0.26345644774990545
42850,0.7523845539728559
36028,0.7791924030421447
62494,0.5757594856926762
61050,0.4897684776671289
75750,0.07813353502247994
36789,0.36875498970544984
36269,0.7140426068322198
17515,0.5720408420521871
10517,0.6426320433631666
7462,0.06802806840623556
38393,0.42455565359889064
50584,0.0905080045380058
77398,0.05054834236732636
74879,0.2977015841001723
37438,0.4224337157023404
74965,0.5488255809067608
38245,0.25843522837093996
31706,0.3600151266859952
67535,0.20671036598176395
48439,0.35638052018992394
34625,0.20078574730030674
2283,0.3548048237320896
28670,0.6392285390142444
22786,0.4599983192571116
71976,0.19782343795957813
6032,0.71404260683222
33155,0.09012983738812556
30374,0.1916046892726585
62069,0.13710660111769402
60059,0.43337955376276316
19540,0.1978444472456826
17155,0.6937266271692087
46620,0.07729316357830161
64201,0.1359090718097399
70195,0.2818185638052019
74638,0.68360015126686
10059,0.6951237446951554
34611,0.40896676330938275
51650,0.8012311441657213
36637,0.5230892054287994
71426,0.157191478633556
61351,0.2785831337451154
14377,0.26732215639312573
19087,0.08044455649397032
24307,0.6660994159418463
44410,0.2946552376150258
16716,0.28505399386528846
10652,0.5260515147695282
34543,0.0897516702382453
16978,0.27767973444262367
24996,0.8176393966133032
3745,0.8069876885583428
38212,0.2986890205470818
77591,0.5605067439808394
46738,0.7312702214378755
23378,0.2178873061893357
67412,0.6488087734778772
22191,0.32784990966006977
3761,0.7581831169376865
78014,0.4555863691751754
35821,0.6641875709063406
52894,0.585885961595025
37384,0.3132484558174713
3322,0.14301021051304677
55399,0.2883104332114795
64090,0.4865540568931468
22433,0.6692087902853062
68848,0.22996764569939912
78799,0.33287112903903526
78739,0.7980587419639481
60349,0.04029581074835077
44364,0.1508676835161141
8211,0.6055926719610069
61036,0.28083112735829235
44200,0.4617630992898862
61441,0.6772553468633137
52781,0.6878020084877515
52782,0.8175343501827808
59519,0.6785369133156856
21387,0.3827261649649145
22208,0.41968149922265635
70029,0.7514391360981554
22055,0.8539644522879112
68649,0.16868355813269464
49335,0.7728475986385983
44603,0.6975608218832724
35635,0.14914492205554855
59157,0.8431236606580108
33624,0.3523887558300769
77686,0.46493550149165924
70449,0.10779864700197488
5464,0.3199924366570024
50953,0.6786419597462078
65334,0.663515273750998
5483,0.7622589184419514
31338,0.7012059330223958
12606,0.35862851380310096
77590,0.4680658851212236
3829,0.7452203874112358
16725,0.7933526618765495
37419,0.853355182990882
17544,0.20309676877179714
58558,0.10086558258750368
17710,0.6845455691415605
43057,0.0037396529265935545
54246,0.7452203874112358
6797,0.6033026597756208
71345,0.7201773183747217
63316,0.8085213664439682
79214,0.8344888440690785
5411,0.4622253035841842
73870,0.7754947686877599
68337,0.7599268876843565
42605,0.8429345770830707
75869,0.4952939199126014
24001,0.42033278709189464
29034,0.7313752678683979
40584,0.5764948107063321
4379,0.8561914366149838
28934,0.8489852514811546
6717,0.19118450355056935
26513,0.23503088365057356
2262,0.2012689608807093
40198,0.8106222950544141
42071,0.40560527753266945
32328,0.40323122820286567
42753,0.5361149628135636
62825,0.22706836421698393
11191,0.7103029539056264
17570,0.7351359300810958
194,0.15183411067691918
46572,0.1346064960712635
79026,0.7634774570360099
8771,0.2861044581705114
30796,0.6095214084625403
31260,0.6672129081053826
43356,0.28198663809403757
17863,0.4903987562502626
18231,0.44802302617757045
28804,0.6817933526618766
61945,0.5792680364721207
14568,0.7150510525652338
26650,0.19958821799235263
49679,0.4197025085087609
64047,0.6975608218832724
71854,0.3310433211479474
6582,0.05888902895079625
32175,0.5142022774066137
59872,0.7067944031261818
49880,0.23278289003739652
9169,0.6602378251187024
46404,0.4438421782427833
7369,0.8391529055842684
67581,0.6524013614017395
72693,0.00689104584226228
16289,0.12996344384217823
7852,0.8385226270011344
42947,0.46373797218370516
44901,0.41121475692255977
58644,0.5207571746712046
50501,0.8732929955040127
49813,0.7891718139417622
67029,0.11824026219589057
58930,0.09573931677801588
77581,0.6310769360057146
65088,0.5150426488507921
66315,0.8192361023572419
54307,0.20862221101726963
59660,0.6140804235472079
9886,0.8124606075885542
51632,0.8731039119290727
74814,0.34896424219505023
35293,0.6190806336400688
23568,0.27707046514559436
70911,0.6774234211521493
63096,0.7052607252405564
54870,0.6286608681037018
14850,0.8333963611916467
50140,0.17469221395856968
8260,0.37083490902979116
32763,0.648199504180848
71364,0.36701121895877975
11241,0.4960502542123619
46734,0.5370813899743687
64308,0.0408840707592756
6817,0.19053321568133116
59712,0.14899785705281735
76784,0.7986259926887684
49438,0.26259506701962265
43473,0.27427623009370145
31656,0.35659061305096856
51876,0.7316273793016513
34229,0.8247195260305054
50086,0.5572082860624397
4494,0.5139921845455692
56308,0.8167990251691247
76779,0.2571956804907769
13948,0.06332198831883694
11003,0.06683053909828145
48201,0.8124606075885542
72767,0.4761334509853355
28366,0.4174755241816883
48455,0.7369217193999749
75949,0.2542963990083617
5076,0.23564015294760288
59676,0.3786713727467541
24265,0.1930333207277617
21779,0.28141938736921723
15283,0.2045674187991092
78690,0.2524055632589604
69625,0.6381360561368125
18352,0.5867683516114123
53910,0.2592966091012227
34519,0.3905416193957729
69786,0.7088533131644187
61710,0.03647212067733938
23384,0.7592335812429094
8473,0.8459599142821127
8788,0.858628513803101
22011,0.8380814319929408
12110,0.5937014160258834
71679,0.5651287869238203
46739,0.528425564099332
15038,0.5923358124290936
74568,0.549014664481701
2660,0.8390898777259549
65678,0.5656330097903274
2598,0.005714525820412622
72238,0.49476868775998994
15224,0.1397747804529602
58811,0.5109668473465272
67991,0.2682885835539308
22747,0.8234799781503425
72955,0.29431908903735454
50291,0.3835035085507794
10450,0.20187823017773857
56527,0.28606243959830246
29517,0.5004832135804025
50940,0.5678599941173998
53799,0.1864364048909618
23953,0.10891213916551117
55268,0.12332450943316946
48782,0.24507332240850457
8180,0.4331064330434051
50101,0.35381738728518003
9529,0.7541073154334216
71907,0.64132946762469
55078,0.7212277826799446
63279,0.6921509307113745
75331,0.5799823521996722
41815,0.38190680280684064
36599,0.7459136938526828
78753,0.25948569267616284
55297,0.18902054708181015
28796,0.7482667338963821
38548,0.17731837472162695
76230,0.6500903399302492
67495,0.25507374259422666
156,0.39911340812639184
10488,0.471154250178579
77792,0.6274213202235388
37347,0.532417328459179
1090,0.6233665280053784
27517,0.2599478969704609
78507,0.38386066641455524
74659,0.8543006008655826
32603,0.5574814067817976
40719,0.14685490987016261
76638,0.5764948107063322
18059,0.5414723307702004
55916,0.40325223748897016
72517,0.12983738812555148
6417,0.8547838144459852
41856,0.25646035547712087
33867,0.6030715576284719
70970,0.5793100550443296
77816,0.03750157569645783
13231,0.559015084667423
71987,0.10786167486028825
45097,0.8730198747846548
18100,0.7983738812555149
59043,0.16303206017059538
25557,0.32845917895709903
36117,0.1758477246943149
69616,0.021198369679398296
59166,0.23072397999915964
78701,0.829236522542964
588,0.4143241312660196
9347,0.8336484726249003
46038,0.6836211605529644
46306,0.1768981889995378
43733,0.866885163242153
78881,0.07416277994873734
26476,0.4149123912769444
52143,0.86545653178705
30091,0.8029539056262868
30931,0.3926845665784277
646,0.37951174419093237
9588,0.44312786251523173
49417,0.7246312870288668
15037,0.14649775200638682
32995,0.12397579730240767
24218,0.03222824488423883
26820,0.2661036177990672
55427,0.2723223664859868
9753,0.8256859531913104
8005,0.15452329929828984
16155,0.06258666330518088
20096,0.779486533047607
8439,0.5808017143577461
26171,0.05338459599142822
67066,0.14246396907433087
1126,0.013603512752636666
33692,0.4597882263960671
1284,0.37140215975461155
56482,0.6087860834488844
52757,0.4905668305390983
42871,0.18580612630782808
31853,0.1698180595823354
78348,0.548510441615194
54401,0.16372536661204254
63371,0.4050590360939535
62988,0.7837093995546032
2592,0.24900205891003824
5907,0.41797974704819535
55662,0.13849321400058826
11206,0.7669439892432455
39902,0.2647590234883819
67844,0.13004748098659608
20075,0.4999159628555822
17072,0.18685659061305096
33381,0.741522753056851
65032,0.23169040715996472
6630,0.7701163914450188
4136,0.7683516114122443
1899,0.0978402453884617
283,0.17406193537543593
65795,0.46842304298499937
11117,0.4681709315517459
6531,0.08762973234169504
37712,0.5180679860498341
29140,0.467351569393672
6972,0.8189209630656751
37992,0.4345560737846128
67822,0.5695407370057566
40847,0.26677591495440983
21039,0.7520694146812891
21385,0.6751123996806588
6711,0.53237530988697
78676,0.1282827009538216
57829,0.6096894827513761
75940,0.7370477751166016
21801,0.17154082104290094
33244,0.8157065422916929
51708,0.5219336946930543
49160,0.4523299298289844
61002,0.8362956426740619
71948,0.18299088196983068
2552,0.18355813269465104
6853,0.4307744022858104
32659,0.37959578133535027
51579,0.39028950796251943
26391,0.7876801546283457
48564,0.3890919786545653
64167,0.7950964326232195
21254,0.2021513508970965
18659,0.25938064624564056
41972,0.34661120215135094
50730,0.1327996974662801
23649,0.7478255388881886
42952,0.12286230513887138
20355,0.7554309004580024
13566,0.5547922181604269
22264,0.5639942854741796
29119,0.5204210260935334
39962,0.6091432413126602
18490,0.6785789318878944
6824,0.022669019706710366
27625,0.3632715660321862
56701,0.2917139375604017
782,0.49481070633219887
14940,0.4422454724988445
18134,0.5178368839026849
10984,0.47228875162821965
72056,0.14790537417538552
5775,0.1419387369217194
30934,0.7824068238161267
30574,0.5228160847094415
9284,0.6814572040842052
63871,0.3863187528887769
74906,0.6136182192529098
12820,0.27631413084583384
18709,0.6311819824362369
63879,0.4566998613387117
37824,0.5123744695155259
10801,0.8261901760578176
59635,0.14569939913441743
67264,0.30230261775704864
16995,0.6738938610866003
48778,0.18549098701626118
70203,0.2296735156939367
30652,0.010168494474557754
57327,0.5215555275431741
74072,0.7214168662548847
69287,0.4729400394974579
12925,0.8027438127652422
65634,0.4002479095760327
68674,0.4625404428757511
14358,0.4496617504937182
13141,0.8216941888314636
47946,0.6902180763897642
69185,0.14311525694356905
50670,0.283016093113156
67170,0.4994537585612841
45233,0.0702130341610992
44630,0.6955334257741922
55719,0.17864195974620786
46761,0.5788268414639272
18475,0.013603512752636666
23482,0.5583427875120802
71708,0.08218832724064036
7522,0.29885709483591744
75416,0.5770200428589437
62033,0.6369595361149628
78420,0.572954745997731
19447,0.7725114500609269
33366,0.3915710744148914
15353,0.8623051388713812
24260,0.05645195176267911
77245,0.6104248077650322
7346,0.35766208664229593
6305,0.9691268540694988
6589,0.07554939283163159
42892,0.7092524896004034
29056,0.5838480608428925
78718,0.7491911424849783
57715,0.9728770116391446
18323,0.572954745997731
26929,0.06250262616076306
34522,0.2150720618513383
28229,0.2989621412664398
18746,0.5084667423000967
20645,0.18317996554477078
70969,0.22746754065296862
22670,0.7084751460145385
2540,0.8251397117525947
50602,0.4285474179587377
65429,0.7163746375898148
66708,0.9719105844783393
48331,0.6205722929534855
7928,0.6201731165175007
14290,0.07271313920752974
77380,0.7935207361653851
17074,0.8578301609311315
47300,0.7227824698516744
15893,0.830392033278709
50027,0.9691268540694988
18682,0.967761250472709
40786,0.8333963611916467
2644,0.6462456405731333
59064,0.2823437959578134
5348,0.3316735997310812
41801,0.9747468381024413
49734,0.7749065086768351
32973,0.41825286776755327
7897,0.6305727131392075
9834,0.6924870792890458
32592,0.5886171687886046
50058,0.4785075003151393
17016,0.778520105886802
73998,0.23494684650615572
19676,0.47130131518131013
34743,0.7752426572545065
163,0.6622547165847305
74972,0.4157107441489138
9558,0.6587461658052859
37482,0.5130467666708686
74604,0.43970334888020507
1432,0.7294214042606831
23253,0.5506113702256397
45604,0.8272826589352494
62425,0.9704504390940795
13976,0.5796777175511577
67156,0.8041934535064499
7711,0.4951048363376613
7737,0.2590444976679693
37052,0.5785327114584646
7532,0.54594730871045
17070,0.8372620698348671
13494,0.5796777175511577
42822,0.3796167906214547
43620,0.09857557040211773
68921,0.40760115971259303
2840,0.9596831799655448
5106,0.6680952981217697
56615,0.020946258246144794
15079,0.5146854909870163
29310,0.19049119710912224
19716,0.5519979831085341
26202,0.314424975839321
25280,0.06277574688012101
2097,0.9691268540694988
42964,0.8390898777259549
22437,0.8482919450397075
8000,0.24782553888818856
62813,0.967761250472709
70554,0.7123198453716544
25123,0.7103029539056264
61331,0.803142989201227
23285,0.2446951552586243
53073,0.8044455649397033
35526,0.5190134039245347
6398,0.34896424219505023
54221,0.3821799235261986
46851,0.16744401025253164
34866,0.09519307533929998
8330,0.7004285894365309
3472,0.7071515609899576
14473,0.16210765158199925
57419,0.7893398882305979
30255,0.7274885499390731
30448,0.4993277028446574
79142,0.17326358250346655
34052,0.0931446699441153
45254,0.4707760830286987
59793,0.6858691541661415
75565,0.09293457708307072
21622,0.6913105592671961
33788,0.29366780116811625
16185,0.11954283793436697
75055,0.44243455607378457
27387,0.37678053699735287
25052,0.4874154376234296
50289,0.18059582335392244
1652,0.09164250598764655
33938,0.0932497163746376
76257,0.6061179041136182
6257,0.23337115004832135
28855,0.8006638934409009
5470,0.13868229757552838
78044,0.010798773057691497
10259,0.549476868775999
43935,0.1518341106769192
13429,0.1810160090760116
37862,0.6962687507878482
21818,0.507290222278247
66078,0.10752552628261691
62540,0.5417664607756628
42093,0.09155846884322871
49816,0.5196226732215639
55507,0.405080045380058
5998,0.14401865624606078
68927,0.5166603638808354
28732,0.48144880036976345
60604,0.6093743434598092
77508,0.6387033068616329
14227,0.20353796377999078
16030,0.6628009580234463
79272,0.8381234505651499
11006,0.10813479557964618
36728,0.70744569099542
6644,0.38409176856170424
23226,0.46258246144796006
48869,0.5358628513803101
16088,0.0931446699441153
69123,0.18154124122862303
36061,0.34530862641287446
68100,0.31268120509265096
27767,0.8107693600571452
59665,0.21656372116475478
77073,0.38356653640909283
37805,0.17893608975167022
33849,0.37610823984201014
61628,0.449556704063196
64430,0.31982436236816675
59797,0.0932497163746376
2024,0.3250556746081768
73446,0.2481616874658599
78039,0.7070675238455397
23706,0.12826169166771714
66550,0.5862221101726964
18314,0.6897558720954663
9597,0.31646287659145345
23763,0.4734232530778604
12088,0.6728644060674819
54342,0.6844615319971427
5111,0.5482583301819405
36752,0.48842388335644354
15380,0.5604227068364217
40373,0.21047102819446195
19874,0.4978780621034497
13945,0.6759947896970461
63438,0.775263666540611
26833,0.09160048741543762
35852,0.54594730871045
10806,0.06876339341989159
19034,0.5146644817009118
47702,0.23723685869154165
37901,0.8190470187823018
67696,0.8132484558174714
31657,0.09754611538299929
76866,0.5246018740283205
25499,0.6851128198663808
36736,0.6162653893020714
34197,0.0932497163746376
3082,0.4358376402369848
68057,0.24965334677927645
21728,0.7325517878902476
62947,0.7983318626833059
38788,0.09293457708307072
49667,0.0932497163746376
55148,0.5368292785411152
22657,0.31889995377957053
65096,0.6492289591999664
41322,0.5839741165595194
29807,0.7579520147905375
56448,0.6131139963864028
9497,0.6511618135215765
5927,0.08202025295180469
29726,0.1272322366485987
51613,0.8082062271524014
18038,0.19933610655909914
8895,0.08033951006344804
8707,0.3002857262910206
66913,0.6162233707298626
67261,0.807638976427581
27045,0.5524811966889366
3755,0.6617504937182235
57805,0.49235261985797724
29740,0.856380520189924
20568,0.57153661918568
46487,0.27816294802302616
44639,0.7984158998277239
48690,0.5734274549350813
24859,0.7734148493634185
55732,0.39169713013151813
64029,0.8319362158073869
13058,0.26557838564645575
48909,0.028635656960376486
23388,0.5219126854069498
43542,0.5860120173116518
58713,0.6824026219589058
58006,0.8191730744989286
57942,0.5805075843522837
14572,0.8321778225975881
55534,0.8334593890499601
23912,0.31999243665700244
15998,0.5558216731795455
28045,0.7942770704651455
56850,0.3324089247447372
43951,0.4373082902642968
50409,0.2036220009244086
37644,0.23066095214084625
76273,0.20744569099541998
48759,0.24366570023950587
30842,0.5375646035547712
61333,0.3740703390898777
64947,0.3395100634480441
76972,0.6045842262279928
46805,0.6326946510357578
14292,0.8441110971049204
2462,0.278246985167444
49146,0.7462288331442498
55420,0.3403084163200134
54094,0.5133198873902265
38715,0.3785873356023362
70120,0.3525568301189126
22169,0.4863019454598933
45001,0.7871129039035254
26807,0.3437539392411446
58280,0.6317702424471617
45839,0.8347409555023321
16906,0.5849825622925332
57867,0.6011807218790706
64380,0.5007143157275515
60704,0.76870876927602
9504,0.6323795117441909
69520,0.25797302407664185
39072,0.48733140047901174
59766,0.5209882768183537
17154,0.7803899323500988
5979,0.3465481742930376
25228,0.2395268708769276
34965,0.709924786755746
46858,0.38228496995672084
57714,0.47556620026051516
79222,0.6943358964662382
61559,0.24688012101348797
59561,0.8332913147611244
42601,0.8194461952182864
26190,0.8532291272742553
6980,0.8401403420311778
50980,0.29976049413840916
52162,0.45083827051556785
35145,0.38680196646917936
61064,0.8328081011807219
17631,0.36285138031009706
23889,0.7709567628891971
39280,0.5674818269675197
28271,0.390772721542922
78501,0.19740325223748897
47242,0.3097399050380268
5440,0.4136728433967814
76296,0.5840371444178327
29957,0.4666582629522249
28139,0.501512668599521
57907,0.7948233119038615
64028,0.2920080675658641
70068,0.8574940123534603
9867,0.2948863397621749
48356,0.8401403420311778
10143,0.06769191982856422
44858,0.1547544014454389
16532,0.5594982982478255
76817,0.8319362158073869
28083,0.5359678978108323
7789,0.5531955124164881
36225,0.7668389428127232
63531,0.5878188159166352
60921,0.53741753855204
70477,0.629585276692298
41992,0.7057649481070634
22615,0.6207403672423212
63937,0.340518509181058
30112,0.5847934787175931
47685,0.5152107231396277
56493,0.7097777217530149
25432,0.2310811378629354
7100,0.628072608092777
73617,0.8161057187276777
49231,0.8713601411824027
23473,0.36026723811924866
51400,0.5159460481532837
77866,0.4913651834110677
51432,0.6139333585444766
28672,0.8146770872725745
20282,0.13929156687255767
42081,0.24862389176015798
6173,0.39295768729778563
3632,0.7124669103743854
49724,0.49678557922601785
64642,0.4503340476490609
33161,0.42134123282490865
3192,0.5068700365561578
32785,0.6588722215219126
30912,0.5370183621160552
53353,0.6918988192781209
64042,0.7340224379175595
55317,0.2796546073364427
19878,0.13445943106853228
30621,0.5231522332871129
26036,0.3310853397201563
77740,0.08508760872305558
14057,0.6660784066557418
72931,0.4087356611622337
21224,0.3856464557334342
33362,0.6279255430900458
37488,0.36287238959620155
25122,0.7695491407201983
10750,0.5878398252027396
29301,0.4189881927812093
22421,0.5309676877179713
4799,0.8519055422496743
10635,0.35995209882768187
70332,0.6503214420773983
53745,0.6365603596789781
41425,0.5463885037186436
164,0.184839699147023
672,0.0376696499852935
53421,0.7349048279339468
47077,0.3468423042985
16053,0.7564813647632254
56533,0.2470061767301147
59354,0.7730787007857473
22741,0.646413714861969
60429,0.07956216647758309
5543,0.8699315097272996
24023,0.29723937980587417
23178,0.8370099584016136
73295,0.06361611832429934
6549,0.8380604227068363
63038,0.6909744106895248
70018,0.8631245010294551
62647,0.8560443716122527
61950,0.2108912139165511
69253,0.3086264128744905
76374,0.16235976301525276
9957,0.7589184419513425
31175,0.45497709987814616
27606,0.27410815580486575
26716,0.627526366654061
51197,0.8533761922769864
71230,0.1864994327492752
57023,0.3752048405395185
32372,0.2418799109206269
42469,0.5750031513929157
15423,0.569057523425354
57010,0.08054960292449263
12412,0.548972645909492
68829,0.5086348165889324
41780,0.8185848144880037
34172,0.21654271187865037
66919,0.4125803605193496
43109,0.7288751628219673
23313,0.8442371528215471
54824,0.37337703264843064
46852,0.8548888608765074
41569,0.8604983402663976
23292,0.8501827807891088
6407,0.5604437161225261
9075,0.47730997100718514
28142,0.5995419975629228
50332,0.2554939283163158
70985,0.10149586117063743
61589,0.34969956720870626
29795,0.8059372242531199
44937,0.5187823017773856
59475,0.10872305559057104
37847,0.13832513971175261
25033,0.4293457708307072
46333,0.54264885079205
49842,0.10141182402621958
55678,0.8417790663473256
42914,0.5675028362536241
39923,0.3025547291903021
71967,0.24784654817429305
72147,0.40966006975082986
77876,0.598407496113282
18269,0.5942896760368083
35263,0.8629564267406193
55100,0.7432245052313121
52189,0.6824026219589059
28180,0.09015084667423001
33614,0.46558678936089753
74271,0.651455943527039
11872,0.07059120131097944
7968,0.08017143577461237
40109,0.7160594982982479
46660,0.6781377368797008
31823,0.24209000378167148
16921,0.09015084667423001
17348,0.3541745451489559
48245,0.8423883356443547
71309,0.511324005210303
50201,0.31547544014454393
23430,0.7772595487205346
51113,0.07823858145300223
35299,0.09015084667423001
11139,0.635320811798815
14717,0.8567586873398042
73966,0.1098995756124207
37686,0.2648850792050086
31056,0.79255430900458
31553,0.25980083196772974
5902,0.30219757132652636
73823,0.8624311945880079
29985,0.18294886339762176
64310,0.696163704357326
63741,0.09470986175889744
74521,0.8031219799151225
5657,0.08687339804193454
48896,0.7585402748014621
55250,0.22202613555191394
72910,0.21660573973696373
52131,0.6143745535526702
78402,0.09926887684356485
56155,0.1098995756124207
6722,0.21368544896844402
24227,0.23509391150888692
73801,0.5462624480020168
40462,0.17511239968065884
31751,0.37072986259926893
52291,0.6351527375099795
73862,0.8481868986091853
73166,0.4853565275851926
63134,0.4778352031597966
45034,0.46600697508298666
60632,0.10714735913273667
76958,0.7015210723139628
34595,0.08004538005798563
25170,0.39150804655657806
12330,0.21137442749695365
61930,0.17750745829656708
64613,0.8256334299760494
70972,0.812870288667591
4438,0.8481868986091853
10383,0.6259926887684356
65451,0.8002647170049162
64978,0.5235724190092022
36036,0.5199798310853397
18074,0.29852094625824616
42686,0.07546535568721374
38068,0.4795579646203622
55115,0.8308122190007983
47865,0.8708664229589478
30683,0.09015084667423001
35586,0.7576368754989705
5783,0.44314887180133616
16164,0.6373587125509474
19170,0.12410185301903442
9716,0.5551913945964116
65062,0.1163284171603849
10700,0.7751166015378796
76560,0.46707844867431403
4896,0.1107714609857557
56274,0.7363754779612588
13396,0.5776713307281818
18753,0.15593092146728857
41324,0.529118870540779
62712,0.8708664229589478
29302,0.15124585066599436
48232,0.0671036598176394
55923,0.6373587125509476
72983,0.8395310727341485
10755,0.7323627043153073
39892,0.1107714609857557
78406,0.7859363838816757
46480,0.10975251060968949
29329,0.8072187907054919
68620,0.5915164502710198
208,0.09015084667423001
28983,0.36932224043027023
25593,0.09008781881591664
68911,0.2346106979284844
10527,0.4959452077818396
48605,0.27001134501449636
42829,0.24064036304046388
60964,0.1907012899701668
44844,0.7557670490356738
77734,0.43833774528341535
53364,0.4672465229631497
9687,0.05388881885793521
58577,0.8113996386402791
19202,0.10294550191184504
5250,0.18620530274381275
74070,0.7495272910626497
45114,0.8146350687003655
78556,0.3834194714063616
34504,0.427412916509097
56550,0.30473969494516573
14485,0.21217278036892306
4256,0.8042774906508677
77523,0.8106433043405185
68012,0.831211395436783
10757,0.22330770200428587
70588,0.157464599352914
69250,0.211206353208118
64316,0.5324383377452834
72241,0.6661414345140552
68009,0.6953653514853566
10107,0.08494054372032439
54625,0.7008277658725156
31368,0.3518635236774655
16457,0.38119248707928904
14211,0.7125299382326987
73380,0.4680238665490146
12324,0.32320685743098454
54254,0.26978024286734736
39533,0.821946300264717
31008,0.6006764990125636
76330,0.7645489306273373
33894,0.8214000588260011
17626,0.5961595025001051
79085,0.406088491113072
60947,0.509265095172066
51502,0.21078616748602882
29372,0.3127442329509644
62439,0.34438421782427836
55755,0.04441363082482457
77480,0.5353586285138031
32118,0.5258834404806926
65109,0.3180175637631833
4359,0.3597209966805328
17728,0.21498802470692047
7422,0.8029328963401823
57785,0.29192403042144627
27214,0.2638136056136812
74697,0.557082230345813
57994,0.4839909239884028
23712,0.40325223748897016
40391,0.6060548762553047
33756,0.16084709441573175
16015,0.6629060044539686
68389,0.08054960292449263
77232,0.7708517164586747
41622,0.481427791083659
49105,0.659250388671793
17015,0.767238119248708
17634,0.7562502626160764
26161,0.20689944955670403
64175,0.03262742132022354
68577,0.38390268498676416
65482,0.585150636581369
65682,0.3068826421278205
36042,0.5340980713475355
31911,0.16231774444304384
7228,0.5535316609941594
36452,0.23175343501827808
55827,0.5317030127316275
34085,0.6327786881801757
71832,0.6668137316693978
31402,0.26286818773898063
75389,0.41108870120593305
76154,0.17605781755535946
37385,0.07905794361107608
52250,0.7998025127106181
78792,0.07933106433043406
34069,0.5119332745073323
23670,0.16677171309718897
65430,0.09496197319215094
76667,0.25921257195680486
13674,0.7797386444808606
42669,0.7190638262111854
71032,0.09594940963906047
21676,0.3944493466112022
59190,0.41119374763645533
12150,0.7723643850581957
24612,0.4108996176309929
6442,0.7976385562418589
74173,0.43829572671120637
48369,0.30165132988781046
18744,0.26280515988066727
3655,0.3020505063237951
63647,0.45409470986175887
72589,0.2979957141056347
29735,0.24293037522584982
48714,0.179566368334804
44140,0.7530358418420943
23172,0.14166561620236143
43597,0.49117609983612764
44977,0.7040631959326022
12290,0.8511912265221229
64158,0.48340266397747805
54692,0.12639186520442036
31011,0.5404638850371865
13468,0.3148661708475146
72431,0.31889995377957053
42653,0.5845623765704442
36379,0.474914912391277
57717,0.8269675196436825
7152,0.6271061809319719
50116,0.32026555737636037
6013,0.8298457918399933
46414,0.17286440606748185
46882,0.07565443926215387
37651,0.29635698978948694
45380,0.26160763057271313
36915,0.8416950292029077
8907,0.5494558594898945
56089,0.7705785957393166
39311,0.5067649901256356
59183,0.5200218496575486
69968,0.11555107357451995
64107,0.3152233287112904
33175,0.08550779444514474
24597,0.8559183158956257
58349,0.04111517290642464
26988,0.11414345140552123
59890,0.29106264969116347
26967,0.298604983402664
73771,0.2438757931005505
46820,0.3445102735409051
11564,0.6595025001050464
27599,0.39329383587545697
11557,0.5927559981511829
53552,0.7776377158704147
21637,0.3790705491827388
32780,0.5698558762973235
4761,0.26499012563553087
1178,0.7409975209042398
64733,0.6821925290978613
31349,0.7321736207403672
35632,0.214462792554309
6472,0.4849783604353124
22613,0.24480020168914662
25538,0.5607588554140931
60234,0.19862179083154755
76744,0.299067187696962
63450,0.3120509265095172
22444,0.026408672633303917
8928,0.04365729652506408
31325,0.050569351653430815
35644,0.6018530190344132
9109,0.3609185259884869
27724,0.42111013067775954
3727,0.7898651203832093
51925,0.3130383629564268
1368,0.8224295138451195
3713,0.13317786461616035
17773,0.8147401151308878
25427,0.05235514097230976
73298,0.49920164712803056
36322,0.8249086096054455
64966,0.005042228665069961
4115,0.5950460103365688
67204,0.2907895289718056
29166,0.7062901802596748
25924,0.5254842640447078
39883,0.47283499306693555
66025,0.17618387327198623
27209,0.2731837472162696
72461,0.18778099920164715
73385,0.8592167738140258
60577,0.5202529518046978
5705,0.16778015883020292
17088,0.27904533803941345
69570,0.8547417958737763
36060,0.354132526576747
8126,0.731753435018278
26985,0.8287533089625615
42288,0.40358838606664144
78987,0.3884196814992227
47056,0.7720912643388377
77744,0.49115509055002304
30660,0.07828060002521114
54062,0.36249422244632123
37209,0.3520105886801967
42824,0.588365057355351
50139,0.2803269044917854
65839,0.42699273078700783
36488,0.4231900500021009
24090,0.4971847556620026
28626,0.7449472666918778
55410,0.4610277742762301
15578,0.6171267700323543
47415,0.964546829698727
48321,0.967761250472709
37381,0.9716794823311904
13670,0.5943737131812261
23197,0.5321231984537166
10226,0.967761250472709
4471,0.5970839110887012
43754,0.9716794823311904
1970,0.0628387747384344
32557,0.646140594142611
22912,0.2817135173746796
39063,0.40627757468801207
12116,0.10132778688180176
9111,0.6741669818059582
68786,0.48716332619017605
6571,0.9850623975797301
6639,0.2845497709987815
56504,0.36503634606496077
15399,0.5367452413966974
61213,0.8670532375309886
45273,0.6127358292365225
65662,0.403567376780537
1240,0.07697802428673474
35058,0.23664859868061683
41236,0.23217362074036726
25612,0.9704504390940795
33998,0.9704504390940795
64179,0.24303542165637212
9201,0.5741627799487373
29857,0.24843480818521782
28405,0.8464851464347242
76261,0.7256187234757764
1059,0.5655909912181184
39031,0.870278162948023
27421,0.7501575696457835
282,0.870278162948023
47615,0.378944493466112
66505,0.6686415395604858
20338,0.7455355267028027
34708,0.3024496827597798
79086,0.26362452203874115
620,0.6095214084625404
18310,0.10147485188453298
67279,0.19706710365981764
26156,0.25948569267616284
9848,0.8127652422370688
15564,0.36127568385226266
71653,0.04050590360939535
51887,0.6575276272112274
55205,0.5728391949241565
35947,0.06697760410101265
71636,0.542186646497752
23500,0.02323627043153074
6277,0.9704504390940795
42241,0.9704504390940795
78323,0.3351191226522123
76620,0.4299130215555275
71261,0.31934114878776415
76368,0.17662506828017985
33398,0.6105508634816589
44739,0.42842136224211097
52234,0.4082524475818312
12589,0.05275431740829447
61368,0.4862599268876844
21928,0.32625320391613094
13761,0.4296188915500651
64675,0.3890919786545653
67650,0.03628303710239926
61273,0.623534602294214
45894,0.5708433127442331
69351,0.6455733434177907
47065,0.2382242951384512
35047,0.4310895415773772
70136,0.8025757384764066
50678,0.5762216899869742
35134,0.8519895793940923
4649,0.4701668137316694
44966,0.11454262784150594
64325,0.09706290180259676
26917,0.6570654229169293
33143,0.6440396655321652
77788,0.06748182696751964
66062,0.19303332072776166
11562,0.44066977604101015
23280,0.17093155174587168
26724,0.4932980377326779
19976,0.3492163536283037
27491,0.16019580654649357
57057,0.3361485776713307
48365,0.14181268120509263
42230,0.8364847262490019
45242,0.2950334047649061
17779,0.5174797260389091
29427,0.6622547165847305
12202,0.9691268540694988
45351,0.28566326316231777
76708,0.699147022984159
26018,0.46304466574225805
26959,0.3654565317870499
79207,0.8094877936047734
77540,0.5405059036093953
22016,0.37724274129165086
31586,0.06641035337619228
31861,0.47655363670742473
25850,0.3088154964494307
72100,0.8113996386402791
65129,0.398840287407034
4704,0.4109626454893063
39064,0.5087188537333501
39444,0.3813815706542292
25964,0.10302953905626287
47909,0.6627799487373419
74132,0.5280473969494516
957,0.43655195596453633
59322,0.03579982352199672
72542,0.8125761586621286
30028,0.22036640194966176
55231,0.7865456531787048
16310,0.7303458128492794
45501,0.8669061725282575
8947,0.5872305559057103
60316,0.5966847346527165
2921,0.690848354972898
37413,0.1800495819152065
662,0.12368166729694526
16083,0.04598932728265894
75718,0.29328963401823605
20050,0.2699693264422875
70327,0.7665238035211562
2357,0.6454893062733729
28381,0.24505231312240014
79009,0.1097945291818984
52580,0.7093995546031345
20023,0.6272322366485986
31891,0.38549939073070294
26746,0.7178873061893357
1561,0.5746039749569309
10327,0.702172360183201
72716,0.5936173788814657
15314,0.0684062355561158
36878,0.1525904449766797
21289,0.7388545737215849
56447,0.6203622000924409
33663,0.8130593722425311
74138,0.0822723643850582
27962,0.21187865036346065
11654,0.08359594940963906
66436,0.7804529602084121
78324,0.7982688348249926
26631,0.6870456741879911
24827,0.6552796335980503
61551,0.049834026639774785
13630,0.686583469893693
25684,0.4567208706248162
3390,0.1608681037018362
26290,0.5678599941174
64882,0.0036556157821757223
33321,0.2263330392033279
26016,0.8036051934955251
1926,0.706248161687466
49787,0.6397327618807513
57661,0.449514685490987
71627,0.7497163746375898
51048,0.7165006933064414
62769,0.8208328081011809
25004,0.2615235934282953
9079,0.4454388839867221
65642,0.36238917601579895
68578,0.2141686625488466
75898,0.07727215429219715
50862,0.6173998907517123
23399,0.6468969284423715
52327,0.47621748812975334
50070,0.5963275767889407
56986,0.20509265095172066
45005,0.8394260263036261
27425,0.03332072776167066
6369,0.47056599016765416
49154,0.3812975335098114
63484,0.8401193327450733
61682,0.789991176099836
22432,0.05544350602966511
74664,0.5593092146728854
74442,0.80438253708139
35489,0.3958779780663053
48788,0.6859531913105593
74320,0.15979663011050885
38560,0.5398231018110005
52270,0.7666288499516787
39500,0.8601621916887264
43409,0.18051178620950462
75305,0.014370351695449387
46168,0.6412454304802723
69299,0.7925753182906846
32982,0.5398231018110005
49931,0.5000420185722089
30088,0.45197277196520863
52649,0.3097609143241313
78146,0.6724442203453926
51196,0.26963317786461616
64289,0.22538762132862722
41689,0.7261229463422832
21805,0.41703432917349464
6155,0.5087398630194546
26144,0.7638346148997858
62047,0.803878314214883
29010,0.872158494054372
30016,0.42232866927181817
26590,0.06989789486953234
60113,0.4652086222110173
29760,0.6786629690323123
54616,0.6963107693600571
49269,0.7238749527291062
5110,0.8293205596873818
74745,0.5009033993024917
65456,0.18975587209546618
8713,0.7490230681961427
34532,0.20038657086432207
51028,0.3669902096726753
28542,0.4949157527627211
11537,0.7202613555191396
47838,0.8062523635446869
68761,0.3400773141728644
527,0.7559351233245094
15252,0.5616832640026893
52099,0.7145468296987268
53626,0.6853649312996345
44860,0.7061010966847346
5656,0.6950292029076852
38828,0.08405815370393714
61789,0.6302995924198496
39111,0.5946258246144795
30708,0.8500147065002731
74319,0.16998613387117104
8712,0.36635993108954157
68917,0.3892180343711921
36445,0.28885667465019543
5777,0.4138199083995126
39342,0.044014454388839865
21564,0.1978444472456826
18640,0.4547039791587882
23020,0.017059540316820037
38159,0.10802974914912393
26386,0.6888944913651834
26432,0.8041724442203453
48291,0.6283877473843439
1981,0.5851926551535779
76962,0.39434430018067984
19983,0.41234925837220054
12858,0.49857136854489686
7425,0.28043195092230766
5627,0.5769780242867347
32197,0.5177318374721627
63417,0.3417580570612211
48902,0.651455943527039
53332,0.03213370309676877
28603,0.0594142611034077
39215,0.4736123366528006
53269,0.6800285726291021
33757,0.2706206143115257
44414,0.10950039917643599
52931,0.14235892264380856
22043,0.4312366065801084
77259,0.4539896634312366
3094,0.7756628429765957
52308,0.8602042102609353
60546,0.10777763771587041
50976,0.6954073700575655
23412,0.29333165259044497
17483,0.8167990251691247
75933,0.20263456447749906
41847,0.8460019328543216
68879,0.5761796714147653
6541,0.5760115971259298
14289,0.8636917517542754
13026,0.1120005042228665
26030,0.05119963023656456
11746,0.38510021429471825
44570,0.8443001806798606
29242,0.39337787301987476
27083,0.7431404680868944
31599,0.40304214462792554
7814,0.4806714567838985
79078,0.8188369259212571
57373,0.09361737888146561
27084,0.5490356737678054
21428,0.8067775956972981
77476,0.4220765578385646
21196,0.8682717761250472
24861,0.26442287491071054
37568,0.23769906298583976
23822,0.2893398882305979
67890,0.7962729526450691
76920,0.03213370309676877
20954,0.5307575948569268
9078,0.6971511408042353
73610,0.3170721458884827
63889,0.3694693054330014
50193,0.5069120551283667
7492,0.8338585654859448
45540,0.49420143703516956
72596,0.3324509433169461
13508,0.3910878608344888
5085,0.6764569939913443
26661,0.5394554393041725
1436,0.5651497962099248
61247,0.3629144081684104
13282,0.5251691247531408
42208,0.2918399932770284
29258,0.5424177486449011
47518,0.20544980881549646
76243,0.1168746585991008
70982,0.4865750661792512
1008,0.3325349804613639
63853,0.5211143325349804
31576,0.28475986385982605
37312,0.304109416362032
12988,0.6761418546997774
72546,0.6805538047817135
31967,0.7600739526870877
34833,0.5297911676961217
66673,0.15853607294424135
75419,0.7523845539728561
60462,0.35018278078910875
75714,0.30621034497247784
33063,0.34864910290348333
57933,0.10523551409723098
48846,0.7618597420059666
18788,0.19372662716920877
42535,0.560023530400437
36510,0.605739736963738
77237,0.8293625782595907
22891,0.7959998319257111
2720,0.7979536955334258
47639,0.30148325559897476
54303,0.5016597336022522
49139,0.446762469011303
68345,0.4617630992898862
74554,0.6972561872347578
49709,0.08586495230892055
48875,0.6341863103491744
63621,0.7779108365897726
22535,0.5364301021051304
53948,0.5971469389470146
2470,0.16070002941300054
69275,0.778478087314593
26293,0.20542879952939197
51757,0.8107483507710409
33131,0.7113324089247448
65083,0.40858859615950255
67676,0.3587755788058322
19624,0.4772049245766629
7315,0.10870204630446656
71720,0.6050674398083952
30562,0.2577839405017018
11304,0.5355477120887433
1592,0.49579814277910844
19130,0.0757384764065717
2397,0.3974326652380353
9517,0.7039791587881844
78233,0.07540232782890037
41756,0.7846022942140426
3021,0.15275851926551534
9904,0.6100466406151518
41874,0.1752804739694945
70832,0.42071095424177485
3973,0.8091726543132065
21755,0.8398882305979242
69670,0.631875288877684
33743,0.20576494810706333
25560,0.5963275767889407
50107,0.8608554981301735
58763,0.6228202865666624
78405,0.3383335434261943
42521,0.7949283583343837
46543,0.760956342703475
29193,0.4298499936972142
25932,0.6881801756376319
17603,0.06063279969746629
65161,0.5568091096264549
43643,0.7972813983780832
23875,0.7894659439472247
17675,0.7957687297785622
34702,0.6361401739568889
59721,0.553783772427413
60505,0.47369637379721835
75759,0.4306273372830791
33661,0.5488045716206563
7288,0.011912265221227783
54029,0.3579352073616538
61414,0.0020379007521324423
7907,0.7701794193033321
28832,0.6541451321484096
24579,0.8038783142148831
26686,0.6220219336946932
25426,0.194609017185596
7658,0.704924576662885
42875,0.5806336400689105
26173,0.11397537711668558
30449,0.06327996974662801
18298,0.7226564141350478
62484,0.6295012395478802
76899,0.36314551031555947
46601,0.21452582041262236
66263,0.6838942812723223
72751,0.20255052733308124
73782,0.5286356569603766
50949,0.6164334635909072
14200,0.8592587923862346
55555,0.6799655447707886
27377,0.07250304634648515
61666,0.47016681373166946
40043,0.6196478843648893
77130,0.48525148115467037
34158,0.8377452834152695
64755,0.4125593512332451
41845,0.3043615277952855
38198,0.5200428589436531
56980,0.32492961889155003
54843,0.3474935921677382
62212,0.5146434724148073
24263,0.8277238539434429
48281,0.7649270977772176
34637,0.5432161015168705
29758,0.5855077944451447
56639,0.802911887054078
807,0.7401781587461658
37574,0.6520021849657548
45029,0.00010504643052229084
67365,0.528383545527123
79292,0.20408420521870665
74692,0.40888272616496496
4495,0.6881801756376319
35401,0.7327828900373966
57776,0.12836673809823942
40601,0.8208117988150763
32914,0.4106054876255305
55620,0.3914870372704735
34802,0.6047943190890374
32414,0.024055632589604605
24952,0.5635951090381949
33934,0.3074288835665364
2051,0.5660531955124165
32734,0.41152989621412667
10817,0.5166183453086265
12677,0.15605697718391529
3431,0.8496155300642885
24575,0.8601832009748308
50073,0.5242762300937014
10617,0.7807260809277702
58607,0.3022395898987353
33040,0.8315895625866633
12985,0.32856422538762137
62188,0.4772049245766629
73973,0.7840140342031177
61917,0.4449976889785285
51185,0.7846022942140426
29630,0.7840140342031177
45085,0.8728938190680281
79120,0.4192613135005672
39975,0.6881801756376319
69347,0.18494474557754526
13920,0.4260052943400983
48544,0.12740031093743434
27789,0.1627799487373419
75533,0.6658473045085929
29431,0.08592798016723391
66082,0.5242762300937014
52394,0.458317576368755
74039,0.3331652590444976
74860,0.22326568343207698
27346,0.2583511912265221
7565,0.9544098491533258
15318,0.5889112987940669
54621,0.7128450775242657
44548,0.7864195974620781
6641,0.5293289634018237
56847,0.4296609101222741
40999,0.10023530400436993
23511,0.6743980839531073
20663,0.24828774318248667
2984,0.9544308584394302
57133,0.3607504516996512
35436,0.5566200260515147
52376,0.39743266523803517
74911,0.9558279759653767
66151,0.28492793814866174
17851,0.5191814782133702
37266,0.5697718391529055
19427,0.8237741081558049
25511,0.9544308584394302
51572,0.10477330980293288
54238,0.6617715030043279
36063,0.4975419135257784
6738,0.35566620446237235
41787,0.7380982394218245
73544,0.9549140720198327
11123,0.9129585276692298
69769,0.37503676625068283
24071,0.8719063826211185
8821,0.33085423757300725
37199,0.8170721458884828
44814,0.38005798562964827
19542,0.1825076683894281
56277,0.8480188243203496
12183,0.7976385562418589
70343,0.3196352787932266
29712,0.7557040211773604
37642,0.5393293835875457
27936,0.579331064330434
77455,0.600970629018026
62553,0.5850665994369512
55762,0.1591663515273751
15897,0.22563973276188076
70856,0.058952056809109636
79184,0.8187949073490483
67958,0.5765158199924366
54757,0.26206983486701124
1751,0.0631329047438968
11345,0.9544308584394302
51861,0.7315433421572335
12255,0.8499726879280641
71432,0.8727887726375058
339,0.565296861212656
44624,0.4174545148955839
1342,0.5220807596957856
20492,0.5165132988781042
57135,0.7154922475734274
36409,0.9558279759653767
49482,0.24908609605445609
21521,0.4489894533383756
35773,0.565527963359805
6961,0.39119290726501116
69627,0.4280852136644397
51475,0.44111097104920377
23052,0.8022395898987352
20582,0.800159670574394
75187,0.7561031976133451
34021,0.5547922181604269
28146,0.2130971889575192
45187,0.7135593932518173
24355,0.6245220387411237
13351,0.9531597966301105
55338,0.2372788772637506
74667,0.062040421866464975
61,0.1508256649439052
34009,0.9576662884995167
54913,0.9549350813059373
37905,0.9531597966301105
35112,0.8695953611496282
15049,0.9558279759653767
1525,0.3303920332787092
32922,0.8027228034791377
47305,0.2632043363166519
66018,0.560800873986302
38891,0.6571284507752426
45421,0.02684986764149754
24059,0.20065969158368
12113,0.8668221353838397
15851,0.19836967939829406
31988,0.4781503424513635
67299,0.9544308584394302
74479,0.7283499306693559
59130,0.2736039329383588
21793,0.6734526660784067
4854,0.3625992688768436
68248,0.9558279759653767
23151,0.3581032816504895
53303,0.4206899449556704
28770,0.3402033698894911
11047,0.7245262405983445
24763,0.25713265263246354
72356,0.4570990377746964
53003,0.6949661750493719
57493,0.3389638220093281
53277,0.37686457414177066
11556,0.6392495483003487
21173,0.2998865498550359
19251,0.5543930417244421
61121,0.048678515904029586
38710,0.09817639396613304
36398,0.22515651918147825
29374,0.9544308584394302
35738,0.8470103785873356
11665,0.9531492919870583
59053,0.09193663599310896
74183,0.462855582167318
47925,0.06531787049876046
46829,0.6759107525526282
4264,0.04556914156056977
29403,0.5640783226185975
51227,0.29244926257405773
61397,0.8314004790117231
16726,0.061073994705659905
40810,0.5031724022017732
48757,0.0346022942140426
1623,0.6366654061095004
22181,0.2178873061893357
39953,0.09426866675070382
26658,0.8716122526156562
31654,0.33967813773687966
57385,0.06246060758855415
38244,0.7079499138619271
61269,0.5676078826841464
56134,0.5325433841758057
74533,0.00539938652884575
76909,0.3356023362326148
55962,0.12321946300264718
51694,0.7465439724358166
17686,0.8599310895415774
55030,0.05380478171351738
23753,0.05691415605697719
60775,0.07414177066263287
35368,0.18185638052018993
2574,0.5734064456489768
27857,0.6243959830244968
35955,0.34070759275599816
28530,0.7616496491449221
51921,0.7601159712592965
37600,0.21538720114290513
67643,0.02579940333627463
19064,0.38932308080171435
48286,0.7124669103743854
45649,0.12183285011975292
29976,0.8263162317744444
17772,0.0766418757090634
7084,0.8283541325265767
62517,0.04598932728265894
63198,0.6560779864700197
1280,0.23809823942182443
33573,0.0951720660531955
14597,0.7442959788226396
76919,0.0021639564687591915
15359,0.6972561872347578
23237,0.5230892054287996
42881,0.43205596873818236
8706,0.5533005588470103
31420,0.0399806714567839
50461,0.08666330518088995
13860,0.06008655825875037
41875,0.6285138031009706
36221,0.005462414387159124
20080,0.45422076557838564
53395,0.3783982520273961
60501,0.5664523719484013
2199,0.2562292533299719
16033,0.6553216521702593
4426,0.4704609437371318
6151,0.022080759695785542
47058,0.40308416320013446
17328,0.14114038404974996
66359,0.30289087776797347
54772,0.517332661036178
12176,0.0802134543468213
60536,0.8348039833606453
75040,0.029980251271061808
31822,0.694377915038447
78874,0.47480986596075464
73507,0.6252783730408841
64930,0.3453716542711878
24161,0.7552838354552712
39987,0.270221437875541
72259,0.6309718895751922
68837,0.7745283415269549
31481,0.14261103407706208
56374,0.8396781377368797
74056,0.0556956174629186
63231,0.5707802848859196
76219,0.7608512962729526
30679,0.31169376864574144
55107,0.23652254296399008
76535,0.7167528047396949
26400,0.2825748981049624
52604,0.08357494012353461
75630,0.6994411529896215
48771,0.6257615866212867
40807,0.44470355897306607
12343,0.15175007353250136
52488,0.8323879154586328
55169,0.5397075507374259
65156,0.25196436825076685
25523,0.07088533131644187
38566,0.18496575486364972
11486,0.7908105382579099
26738,0.5824614479599982
38001,0.21076515819992436
6646,0.7792344216143535
28866,0.31629480230261775
48303,0.7611244169923106
38259,0.27957057019202486
64078,0.23782511870246648
33537,0.5291608891129879
18450,0.422139585696878
72848,0.5430900458002438
42461,0.22080759695785537
27953,0.046703643010210516
59677,0.8478717593176185
2718,0.7499264674986343
2080,0.24435900668095298
58067,0.7180133619059624
33720,0.2108912139165511
24443,0.473129123072398
2483,0.03086264128744905
41950,0.7278877263750578
1760,0.6093533341737049
75521,0.1034077062061431
20807,0.6626328837346107
62824,0.22599689062565653
75453,0.13223244674145973
21567,0.5948569267616287
24918,0.85730492877852
52854,0.26482205134669523
49841,0.577860414303122
19817,0.6053195512416488
46164,0.1630950880289088
70481,0.05704021177360393
27697,0.4574561956384722
16242,0.19250808857515023
10396,0.6149838228496995
19098,0.5722719441993361
4758,0.08439430228160848
37149,0.6448380184041347
46241,0.5940375646035548
19957,0.12038320937854531
45766,0.32997184755662007
70836,0.7557040211773604
67527,0.33535022479936133
70508,0.042900962225303575
41915,0.37222152191268537
6784,0.09992016471280307
36369,0.08124290936593974
57762,0.17771755115761168
8667,0.5209672675322492
8071,0.5354426656582209
8578,0.873398041934535
73510,0.62408084373293
49689,0.17811672759359634
63732,0.7385814530022271
25151,0.57153661918568
40739,0.8348670112189588
13225,0.06979284843901004
39225,0.8298037732677844
57546,0.7366906172528257
75061,0.8299508382705155
56265,0.5455901508466742
11695,0.27646119584856504
68245,0.3181646287659145
63375,0.7350518929366782
39283,0.026996932644228745
37431,0.694609017185596
53174,0.6216227572587084
19257,0.5552964410269339
47524,0.3435018278078911
1646,0.5039287365015337
36245,0.8455397285600235
22117,0.11218958779780663
76590,0.741606790201269
34561,0.781818563805202
13719,0.2716500693306441
47883,0.7777847808731458
3798,0.7514391360981554
68905,0.6217067944031262
44328,0.29864700197487287
55177,0.222257237699063
65311,0.2940879868902055
27633,0.45833858565485947
78637,0.8325349804613639
127,0.2137064582545485
53029,0.33016093113156014
60280,0.6760157989831505
64645,0.7266271692087902
37220,0.15366191856800707
39916,0.7374259422664817
27307,0.04840539518467163
56943,0.24293037522584982
15329,0.6885793520736166
17369,0.3385856548594479
73320,0.5493508130593723
75917,0.1973822429513845
75994,0.8308752468591117
2444,0.1866254884659019
76078,0.812639186520442
815,0.6690197067103659
55319,0.46115382999285687
13000,0.6349006260767259
76326,0.1105928820538678
14154,0.8575150216395647
77835,0.09456279675616623
71316,0.3939871423169041
75684,0.1984537165427119
39667,0.6503424513635027
16479,0.5040547922181604
20610,0.14317828480188244
3757,0.6284297659565529
14383,0.10731543342157233
64773,0.640909281902601
20104,0.04138829362578259
40632,0.04876255304844742
64436,0.5337409134837597
71896,0.08477246943148871
71908,0.5922517752846758
29487,0.027522164796840203
23711,0.7057859573931679
55181,0.4748518845329636
46198,0.08405815370393714
43873,0.19467204504390942
32266,0.5906340602546325
59202,0.3311903861506786
19030,0.054750199588217995
67780,0.14492205554855245
2337,0.7284339678137736
32155,0.08431026513719064
64485,0.13855624185890164
44029,0.27620908441531156
66657,0.611706374217404
10790,0.7640867263330392
51357,0.7881213496365392
923,0.8400142863145511
9447,0.6314971217278037
25054,0.2682885835539308
59380,0.7122988360855498
5409,0.14462792554309004
71325,0.2659985713685449
56820,0.36623387537291485
24520,0.5517878902474894
54918,0.2526156561200051
41158,0.8368839026849867
67507,0.6238707508718854
11303,0.14006891045842262
4019,0.4719946216227573
36456,0.04420353796377999
18382,0.3815706542291693
45559,0.11595025001050464
11247,0.12391276944409428
34017,0.7040211773603934
67729,0.12183285011975294
19097,0.29534854405647293
9185,0.17851590402958106
18575,0.010819782343795957
71521,0.6238707508718854
72102,0.8481658893230808
73341,0.16876759527711246
11955,0.40419765536367075
39712,0.11349216353628304
29288,0.7534560275641834
75047,0.5930501281566453
59208,0.2988781041220219
43304,0.35833438379763854
14061,0.2226354048489432
16985,0.3934409008781882
20612,0.11258876423379133
78,0.5596663725366612
23931,0.6284927938148662
19283,0.35930081095844363
15525,0.3367158283961511
30524,0.36398588175973784
58597,0.11588722215219127
41833,0.22757258708349093
8008,0.39188621370645826
5952,0.41930333207277615
43926,0.8735871255094753
36160,0.5117652002184966
5416,0.2683095928400353
73699,0.03884617000714316
65442,0.33272406403630406
70793,0.13361905962435397
8568,0.015483843858985671
67445,0.3637337703264843
42930,0.40255893104752305
236,0.011324005210302954
12220,0.4387789402916089
42079,0.30133619059624356
36259,0.6982646329677719
26615,0.42516492289592
19217,0.24339257952014792
63077,0.002689188621370646
1343,0.7318374721626958
8513,0.26931803857304926
34388,0.730829026429682
5288,0.7922391697130132
39810,0.4971427370897937
2220,0.018992394638430186
9866,0.4883398462120257
78727,0.25984285053993866
59384,0.20353796377999078
20129,0.730744989285264
47363,0.30015967057439386
32255,0.6747972603890919
20619,0.03661918568007059
1918,0.765872515651918
1829,0.8162527837304089
42534,0.12416488087734778
78478,0.47863355603176605
67585,0.32400521030295387
36977,0.600697508298668
45588,0.09164250598764655
49377,0.6857851170217236
58068,0.45751922349678553
64324,0.3448044035463675
42102,0.32482457246102775
30106,0.012416488087734781
6470,0.42100508424723726
46515,0.7721122736249422
10955,0.2933526618765494
847,0.7115635110718938
53442,0.5081095844363209
13235,0.3019034413210639
118,0.5556325896046053
28747,0.7283079120971468
41428,0.0818731879490735
16390,0.15382999285684273
38111,0.2956846926341443
9112,0.31854279591579476
76324,0.6133450985335519
4325,0.5407370057565444
24819,0.6347535610739947
13047,0.29963443842178245
27447,0.2488760031934115
13919,0.09636959536114963
76126,0.29343669902096725
56139,0.483444682549687
77150,0.35978402453884617
27140,0.6175259464683389
72304,0.29709231480314297
71159,0.09317618387327198
1606,0.2659985713685449
27286,0.5340560527753268
58657,0.13922853901424428
28025,0.645678389848313
3813,0.7407244001848817
17261,0.41779066347325516
76091,0.412874490524812
75704,0.4860078154544308
34530,0.8709399554603134
48448,0.17532249254170343
54554,0.38869280221858055
62982,0.3610025631329048
60005,0.035621244590108826
72275,0.16565822093365268
23276,0.22803479137778895
77736,0.03302659775620825
73480,0.03403504348922224
12911,0.10569771839152907
26070,0.302869868481869
6372,0.4302701794193033
26735,0.27194419933610653
73795,0.11578217572166898
7562,0.4616790621454683
6169,0.3837556199840329
3597,0.7034119080633641
4633,0.5534266145636372
47916,0.3632295474599773
56794,0.43188789444934655
6230,0.6808899533593848
50449,0.8096138493214
78834,0.404302701794193
10268,0.3728307912097147
38519,0.006954073700575655
73689,0.27562082440438673
46272,0.03263792596327577
35855,0.42989201226942314
34675,0.8037312492121518
67068,0.38203285852346736
38639,0.03263792596327577
55659,0.795537627631413
18031,0.03170301273162738
5123,0.7228454977099878
5127,0.1628849951678642
15035,0.6395016597336022
4622,0.872473633345939
16749,0.1922559771418967
44248,0.5796462036220009
67662,0.37629732341695027
73687,0.4129585276692298
28700,0.37732677843606877
8718,0.02434976259506702
56,0.805895205680911
303,0.5750871885373334
50429,0.22862305138871383
59400,0.5002941300054624
64292,0.6545022900121854
4433,0.07384764065717046
52797,0.3154754401445439
19263,0.38133955208202025
55646,0.4978570528173452
10479,0.8256019160468928
43222,0.6903861506786
5241,0.24719526030505481
22575,0.23986301945459895
10489,0.8727677633514013
23322,0.4018866338921803
23625,0.02130341610992058
51746,0.0330476070423127
18778,0.7622168998697424
16908,0.5692255977141897
39750,0.07922601789991177
23062,0.7498214210681121
36669,0.3724526240598345
57109,0.032207235598134376
23955,0.8745535526702802
11315,0.1687255767049036
28733,0.037522584982562286
75698,0.2116055296441027
69725,0.035621244590108826
33435,0.32257657884785074
41241,0.3916130929871003
58244,0.8199083995125847
24072,0.37320895835959494
22416,0.7056599016765411
11638,0.047964200176478004
6091,0.5904869952519013
71775,0.8301609311315602
24215,0.0808647422160595
17145,0.6947350729022227
6255,0.3973906466658263
45003,0.8504348922223622
12016,0.11752594646833901
36587,0.8644690953401403
69837,0.856611622337073
5570,0.8573679566368334
14389,0.35957393167780155
73478,0.24904407748224713
55124,0.8679146182612715
19964,0.3774738434387999
55480,0.3610235724190092
39812,0.014706500273120718
43089,0.01712256817513341
52330,0.02216479684020337
70391,0.18011260977351987
70174,0.12849279381486617
42319,0.09009832345896888
56801,0.031503424513635025
53414,0.025116601537879743
75746,0.24162779948737342
61887,0.057082230345812855
23387,0.09009832345896888
25935,0.822261439556284
6942,0.10999411739989075
73554,0.8011891255935124
55394,0.39715954451867724
6950,0.6683894281272322
78588,0.8435438463801
65216,0.025967477625110296
59495,0.8206647338123451
53683,0.7525526282616917
37442,0.018299088196983067
77710,0.42625740577335186
39765,0.22276146056556997
1253,0.016240178158746166
44239,0.41327366696079665
15255,0.8279549560905921
19759,0.012689608807092736
19199,0.3210429009622253
53872,0.025116601537879743
42809,0.031503424513635025
37627,0.014349342409344929
24286,0.7957687297785622
73964,0.006302785831337451
42945,0.8186268330602126
37132,0.8274507332240851
32050,0.38087734778772225
49923,0.7052607252405564
43126,0.628891970250851
61878,0.04044287575108197
58018,0.026828858355393087
14490,0.025116601537879743
7240,0.6944619521828649
36188,0.028026387663347196
78959,0.1276104037984789
37745,0.584415311567713
70081,0.8319677297365434
21950,0.03506449850834068
57092,0.02222782469851674
17101,0.4919114248497836
53933,0.028026387663347196
45107,0.788793646791882
34817,0.021975713265263246
38766,0.3995966217067944
56398,0.8633240892474473
13457,0.09403756460355478
53331,0.03056851128198664
32202,0.13235850245808647
4810,0.5579015925038867
10917,0.29255430900457996
69173,0.6709735703180805
23525,0.031030715576284718
23575,0.025116601537879743
50613,0.028026387663347196
9861,0.00460103365687634
60101,0.7781419387369217
18385,0.7048195302323627
12764,0.01369805454010673
29190,0.3698054540106727
47927,0.025116601537879743
40944,0.025116601537879743
405,0.14593050128156645
385,0.6143325349804613
8703,0.8633240892474473
75881,0.028026387663347196
18018,0.5732173620740367
20385,0.8290894575402327
46541,0.02924492625740577
72475,0.01758477246943149
6971,0.8209168452455985
20310,0.5148325559897474
62681,0.028026387663347196
4159,0.025116601537879743
23834,0.8695113240052104
62293,0.02408714651876129
8416,0.046052355140972306
27713,0.031030715576284718
61814,0.10984705239715954
1016,0.014254800621874869
37893,0.028057901592503886
56571,0.38585654859447877
23794,0.025116601537879743
58142,0.578364637169629
65546,0.028057901592503886
75673,0.8466532207235599
50991,0.4409428967603681
70341,0.11176940207571746
49408,0.6485146434724148
56179,0.028026387663347196
5714,0.23946384301861423
45446,0.8025337199041976
34350,0.04145132148409597
27533,0.3336274633387957
35548,0.02408714651876129
57044,0.8006008655825876
55285,0.8343837976385563
38089,0.0722719441993361
47606,0.025116601537879743
20160,0.10999411739989075
4836,0.025116601537879743
27356,0.8629144081684105
33308,0.02408714651876129
31922,0.028026387663347196
61530,0.028204966595235092
46428,0.8363166519601664
9338,0.012689608807092736
29704,0.053636707424681705
66204,0.02408714651876129
23960,0.028204966595235092
21448,0.864406067481827
11024,0.6979494936762048
10976,0.014055212403882515
7115,0.8492373629144082
24505,0.4685070801294173
41431,0.10984705239715954
19088,0.8635236774654397
68867,0.3746375898146981
52737,0.868208748266734
52639,0.003109374343459809
38414,0.4874154376234296
52529,0.628345728812135
17641,0.014254800621874869
71727,0.012689608807092736
13844,0.029581074835077104
30355,0.010189503760662211
21733,0.35270389512164374
76540,0.719042816925081
61643,0.11324005210302955
20560,0.02527417118366318
34621,0.5027732257657885
22701,0.7406403630404639
36396,0.17114164460691625
67642,0.4059624353964452
33592,0.8107693600571452
23961,0.2969872683726207
28017,0.120918946174209
66041,0.11673809823942183
61630,0.11673809823942183
39299,0.24778352031597964
52225,0.5435312408084373
42919,0.10221017689818901
42345,0.6613933358544477
25471,0.1566662464809446
13117,0.11419597462078239
57800,0.48493634186310347
55772,0.8691541661414345
30356,0.1589562586663305
3710,0.18941972351779487
78944,0.5623765704441364
4749,0.120918946174209
44483,0.5185932182024455
15486,0.7516492289591999
55130,0.8004327912937518
25290,0.43001806798604986
26791,0.24679608386907015
72125,0.11673809823942183
34579,0.2615446027143998
19871,0.6266859952098828
35910,0.5808437329299551
1325,0.44541787470061767
37081,0.8256334299760494
40263,0.18496575486364972
57855,0.6250682801798395
26433,0.21147947392747599
42349,0.11673809823942183
13808,0.19876885583427875
28296,0.4253750157569646
26963,0.8138367158283962
54694,0.7767973444262363
19066,0.6161813521576537
62857,0.09412160174797261
39082,0.5056304886759948
50344,0.748812975335098
46733,0.14967015420816
21678,0.7786881801756377
1543,0.5023320307575948
44262,0.8234799781503425
77053,0.7720282364805243
72593,0.8464851464347242
23626,0.8365897726795243
48137,0.3609395352745914
72268,0.13311483675784697
6802,0.335518299088197
74461,0.10408000336148578
38103,0.4942434556073785
23715,0.11673809823942183
9349,0.08916341022732048
11175,0.7738770536577166
21690,0.8481868986091853
21546,0.11592924072440018
1063,0.2635404848943233
27193,0.716521702592546
66704,0.829278541115173
60567,0.30191394596411614
11131,0.6391445018698264
8336,0.40921887474263624
5487,0.08817597378041094
60922,0.14265305264927097
54099,0.11673809823942183
32308,0.7204294298079752
64896,0.4999579814277911
51935,0.07687297785621244
59164,0.6170847514601454
35271,0.11673809823942183
69897,0.4032732467750746
36940,0.862389176015799
24467,0.30191394596411614
72937,0.08998277238539433
63933,0.6700701710155889
16780,0.11363922853901424
47281,0.4100592461868146
39955,0.6481154670364302
66235,0.839236942728686
50518,0.11419597462078239
729,0.19370561788310434
46960,0.18166729694524983
41556,0.11673809823942183
14398,0.11452161855540148
55070,0.7597588133955209
21353,0.8635446867515442
68451,0.7161855540148746
43287,0.8198663809403756
71181,0.649943274927518
20151,0.08002437077188117
36209,0.8602252195470398
44812,0.11580318500777342
61477,0.5086768351611413
32480,0.8053069456699862
7358,0.3588806252363545
59032,0.5088659187360813
34912,0.5654439262153872
65511,0.15586789360897516
70641,0.473129123072398
37842,0.8211689566788521
17956,0.43787554098911724
47296,0.3636707424681709
35736,0.6670868523887559
18889,0.2897600739526871
38757,0.4212151771082819
44426,0.58840707592756
60693,0.5265347283499308
33497,0.7228454977099878
7544,0.056472961048783556
413,0.2088323038783142
11339,0.17933526618765494
26093,0.14177066263288374
38514,0.3231438295726711
3268,0.5042438757931006
20359,0.027101979074751037
57459,0.6770872725744779
65954,0.4960502542123619
76798,0.35266187654943487
75354,0.8562544644732971
15306,0.7566704483381654
25352,0.3639438631875289
27351,0.4747468381024413
12162,0.39514265305264934
3374,0.5501071473591327
38495,0.40388251607210385
20765,0.5593722425311988
69450,0.21297113324089248
38305,0.2688558342787512
70589,0.48632295474599774
4001,0.546220429429808
35196,0.20797092314803145
11939,0.15710744148913822
72370,0.3982310181100046
59276,0.23330812219000796
18072,0.42575318290684483
66388,0.14649775200638682
60891,0.6161183242993403
49116,0.20259254590529016
30978,0.2787932266061599
57680,0.16616244380015965
51992,0.2404722887516282
27664,0.477162906004454
4612,0.7149460061347116
16365,0.12252615656120004
9541,0.4944745577545275
41976,0.19187780999201645
60161,0.5447497794024959
9824,0.2254506491869406
23290,0.45978822639606703
65418,0.6591663515273751
40159,0.48983150552544225
68386,0.023929576872977854
23050,0.6657632673641749
26647,0.1690617252825749
59102,0.18147821337030967
56574,0.1581158872221522
62753,0.21391655111559307
35248,0.12366065801084081
43920,0.8468423042984999
29125,0.061284087566704476
60404,0.19330644144711964
78782,0.3013361905962435
51294,0.23648052439178113
78833,0.4267826379259633
44079,0.17456615824194296
54341,0.5563469053321569
9436,0.5272070255052733
61390,0.19471406361611832
72790,0.5258624311945881
13285,0.7492331610571874
69043,0.33478297407454094
67216,0.34951048363376613
73667,0.41468128912979535
59639,0.39121391655111565
16965,0.20563889239043656
9663,0.14805243917811672
29376,0.4411319803353082
53223,0.3455187192739191
13501,0.34955250220597506
3344,0.2771545022900122
56557,0.8064834656918358
45544,0.09122232026555736
20057,0.5972309760914324
5238,0.4121391655111559
7806,0.21339131896298166
46176,0.18935669565948146
16897,0.7696121685785117
66618,0.2975545190974411
74741,0.5124374973738391
1151,0.8545737215849405
51991,0.3049077692340014
5950,0.16962897600739527
8309,0.3083532921551326
32218,0.721521912685407
25946,0.35535106517080545
28252,0.4970797092314803
73848,0.08945754023278289
17020,0.7294424135467876
73524,0.4535484684230429
72616,0.20589100382369008
39735,0.3256439346191016
69679,0.3856254464473297
32094,0.03384595991428211
56180,0.6072313962771545
58336,0.37346106979284843
66413,0.5858649523089206
54022,0.5631539140300013
48748,0.585885961595025
3052,0.7897180553804781
19509,0.37123408546577585
68028,0.6000777343585865
15339,0.5836274633387957
53007,0.5287617126770033
70314,0.638209588638178
31025,0.6997352829950838
56662,0.5881024412790453
55610,0.5918420942056388
22678,0.42625740577335175
50301,0.7877431824866591
49727,0.399533593848481
52922,0.280263876633472
10967,0.5468927265851505
78658,0.031198789865120383
32098,0.08916341022732048
13404,0.5914534224127064
55767,0.7471112231606369
76430,0.6300474809865961
70032,0.3531450901298374
6656,0.2608512962729526
77576,0.4426656582209336
2369,0.749128114626665
70317,0.5881024412790453
8717,0.5836274633387957
10648,0.6595445186772554
29593,0.5800138661288289
50994,0.4094919954619942
49690,0.38774738434387995
19191,0.4031892096306568
5802,0.7914408168410437
54749,0.26051514769528133
78070,0.7878482289171814
27752,0.5836274633387957
66321,0.5735325013656035
45018,0.5084667423000966
10730,0.5735325013656035
56959,0.22292953485440567
35778,0.5881024412790453
18071,0.5558006638934408
11094,0.5998571368544897
4015,0.46697340224379175
72992,0.585885961595025
36632,0.7490020589100382
51886,0.6560359678978108
66106,0.40480692466070006
23094,0.6078196562880793
32746,0.8133324929618891
34585,0.5836274633387957
26642,0.13597209966805326
50337,0.5796672129081054
6103,0.8449514685490986
10493,0.5836274633387957
65727,0.4955250220597504
54241,0.5918420942056388
66236,0.5881024412790453
45237,0.2821547123828732
302,0.5836274633387957
3421,0.5881024412790453
18712,0.5735325013656035
33829,0.4077482247153242
63209,0.60197907475104
32636,0.6387243161477373
47203,0.5836274633387957
43526,0.1881591663515274
36213,0.6649018866338922
43485,0.585885961595025
18590,0.34621202571536625
56492,0.8217782259758813
73745,0.5800138661288289
56836,0.6688936509937392
45715,0.757888986932224
74544,0.22000924408588599
40765,0.5968107903693433
5601,0.5836274633387957
39791,0.1792092104710282
54046,0.1800495819152065
48405,0.6538720114290516
49378,0.5914534224127064
30747,0.6302785831337451
19739,0.04966595235093912
5896,0.6568763393419892
76214,0.585885961595025
74291,0.5914534224127064
3437,0.5836274633387957
47334,0.6016219168872642
6894,0.5735325013656035
17430,0.8027858313374511
19831,0.5242026975923358
45526,0.27620908441531156
40819,0.28644060674818267
70092,0.3712761040379848
44065,0.7928694482961468
70272,0.4147233077020043
46215,0.5010504643052229
22400,0.5735325013656035
58872,0.5902138745325435
3988,0.5914534224127064
23329,0.4351023152233287
38468,0.5881549644943065
50109,0.585885961595025
61136,0.6000777343585865
2870,0.5914534224127064
77506,0.42728686079247025
21358,0.8320727761670659
46976,0.6083658977267953
68498,0.6911004664061515
2201,0.844594310685323
38361,0.39026849867641494
2558,0.8522837093995546
48355,0.11973192150930712
61268,0.5821463086684314
53352,0.5292869448296147
5540,0.638209588638178
32712,0.7314803142989201
12875,0.5836274633387957
29300,0.6083238791545863
12184,0.5939955460313459
59041,0.3368418841127778
6296,0.5836274633387957
4500,0.5836274633387957
66691,0.5881024412790453
51408,0.1759737804109416
15152,0.18797008277658725
42643,0.5836274633387957
7401,0.7816504895163662
43017,0.2662086642295895
72695,0.03628303710239926
61435,0.5836274633387957
29856,0.9691268540694988
20933,0.09031892096306567
31617,0.29566368334803983
2050,0.3890079415101475
77372,0.5314088827261649
16372,0.22192108912139163
46844,0.3536703222824489
16647,0.6929702928694482
30307,0.5289087776797344
60714,0.1568133114836758
21919,0.21309718895751925
47255,0.5410731543342157
39385,0.5333207277616707
73657,0.40077314172864403
8156,0.5582587503676626
1803,0.6207193579562166
37505,0.3629984453128283
11112,0.8323879154586327
71296,0.7528677675532586
8681,0.7864195974620781
67271,0.5673977898231017
2912,0.43837976385562416
11412,0.03468633135846044
34755,0.143388377662927
72083,0.28219673095508213
56251,0.8460859699987394
2812,0.26173368628933985
49812,0.7917139375604018
15709,0.7499264674986345
51664,0.24990545821252994
42108,0.964546829698727
25185,0.45901088281020214
22672,0.9691268540694988
34699,0.5951720660531955
65734,0.9691268540694988
52084,0.44461952182864833
67864,0.9691268540694988
37158,0.05748140678179755
25343,0.6965208622211018
12689,0.09059204168242363
52663,0.2906634732551788
70468,0.9691163494264465
63735,0.4213202235388042
26310,0.5396655321652171
50860,0.48939031051724863
46718,0.308647422160595
55681,0.06159922685827135
7393,0.9522248833984621
38624,0.5461363922853901
855,0.5137820916845245
26737,0.5584268246564982
67173,0.09353334173704779
23665,0.8823900163872432
65319,0.4023698474725829
52734,0.8244464053111477
62004,0.810160090760116
39354,0.6240808437329299
46577,0.32793394680448756
51006,0.5146854909870163
54385,0.5058405815370394
68841,0.2882474053531661
61088,0.9718055380478172
73531,0.4273919072229926
34767,0.1892096306567503
66200,0.4281062229505441
13546,0.8519055422496743
3749,0.13082482457246103
5531,0.19065927139795788
21960,0.5915374595571242
58054,0.6185554014874574
9475,0.5610109668473465
55017,0.2989621412664398
6777,0.5697088112945922
61374,0.6169586957435187
66843,0.9716794823311904
30081,0.313647632253456
23777,0.6989369301231144
44263,0.8363376612462708
21977,0.05693516534308165
15708,0.7526996932644229
75767,0.3752888776839363
26106,0.3932728265893524
18048,0.308143199294088
21835,0.3329131476112442
42942,0.4782343795957813
48926,0.5785537207445691
25940,0.2487289381906803
69164,0.108491953443422
2694,0.5563048867599479
49081,0.8628723895962015
42558,0.5994369511324005
64045,0.08157905794361107
43586,0.23942182444640533
22300,0.2171099626034707
75451,0.4107105340560528
62624,0.6810370183621162
55821,0.22744653136686419
33828,0.5151687045674188
67215,0.4424135467876802
56045,0.6373587125509474
71911,0.5601916046892726
18142,0.26501113492163536
54269,0.16872557670490354
50016,0.34154796420017647
50637,0.8612546745661582
23420,0.546409513004748
207,0.2951804697676373
6911,0.051682843816967104
52993,0.8489642421950503
27267,0.07815454430858439
8111,0.47607042312702214
70593,0.08723055590571033
24539,0.8593428295306526
10966,0.08349090297911677
63336,0.526051514769528
77374,0.5423757300726922
35223,0.047628051598806675
52257,0.3651624017815875
78604,0.526639774780453
30536,0.8315265347283499
8393,0.7494852724904408
22663,0.04903567376780537
52252,0.5722089163410228
64506,0.7666498592377832
26855,0.3944703558973066
3562,0.22410605487625532
38661,0.5916004874154376
12667,0.3889449136518341
61859,0.19309634858607505
13987,0.3754989705449809
33160,0.12863985881759737
39505,0.8311483675784697
5259,0.7812933316525904
48191,0.09298710029833185
2696,0.17673011471070213
67564,0.34005630488676
62593,0.5733644270767679
2569,0.5273330812219
40775,0.5134249338207488
48985,0.854048489432329
61229,0.22961048783562335
51215,0.08525568301189125
38045,0.6817933526618766
8572,0.36848186898609187
39100,0.18551199630236567
63705,0.4406697760410101
12186,0.38390268498676416
9269,0.35188453296356986
74066,0.17030127316273794
24301,0.18519685701079877
23248,0.6416866254884659
55592,0.289297869658389
1017,0.8604353124080845
40398,0.5802974914912391
11535,0.5437413336694819
32607,0.26862473213160215
37066,0.544707760830287
65698,0.6663515273750998
71212,0.3240892474473718
72410,0.247846548174293
45759,0.1931173578721795
9693,0.17420900037816714
40758,0.19280221858061264
52996,0.2204294298079751
78954,0.4803563174923316
77190,0.6704483381654692
66558,0.24977940249590316
19458,0.628345728812135
69480,0.5373124921215178
67122,0.8426404470776082
35921,0.5265872515651918
17160,0.5863691751754275
48556,0.7332450943316946
23484,0.2146518761292491
68149,0.15738056220849614
23898,0.5122063952266902
76553,0.1694924156477163
43002,0.08166309508802891
73970,0.16702382453044243
8793,0.5948569267616286
10628,0.7869658389007941
41607,0.5400542039581494
3891,0.6231774444304382
69093,0.1694924156477163
11395,0.7361653851002142
31552,0.5502332030757594
66804,0.5400542039581494
56887,0.13349300390772723
67436,0.012899701668137316
35774,0.5265872515651918
65726,0.43066935585528804
59151,0.8625782595907391
2748,0.7139375604016975
18432,0.13481658893230808
25659,0.5343711920668935
71933,0.1701752174461112
28694,0.08071767721332829
53708,0.5258414219084836
5312,0.03023236270431531
67970,0.42539602504306906
64926,0.42480776503214424
62956,0.5251481154670364
59736,0.32610613891339973
770,0.2293793856884743
64821,0.5029413000546241
67222,0.3821379049539897
41091,0.050758435228370945
16024,0.16712887096096476
60264,0.8364427076767931
44132,0.6598806672549268
37195,0.6299844531282828
6266,0.02605151476952813
54887,0.04128324719526031
76821,0.478906676751124
861,0.7917979747048195
15796,0.8497205764948107
